path,classification,reason,entrypoint_role,bytes,git_tracked,frozen_reference_count,frozen_references,sha256,action
.gitignore,KEEP_FINAL,正式交付说明/协议或依赖声明；协议冻结，不随整理修改,RECOMMENDED,588,True,0,,30f8420a7ab88defd6891dd20069cda2f0aa23d177cf214513e57fcc22af3182,NONE; preserve original path if referenced by frozen manifest
.pytest_cache/.gitignore,DELETE_CANDIDATE,可再生成的解释器/测试缓存；只建议清理，不执行,CACHE,39,False,0,,e7c6bb30148cf667606dcd63e7ca77acaa3cfb0c8303bf09e6419e1e1669dc6d,NONE; preserve original path if referenced by frozen manifest
.pytest_cache/CACHEDIR.TAG,DELETE_CANDIDATE,可再生成的解释器/测试缓存；只建议清理，不执行,CACHE,191,False,0,,37dc88ef9a0abeddbe81053a6dd8fdfb13afb613045ea1eb4a5c815a74a3bde4,NONE; preserve original path if referenced by frozen manifest
.pytest_cache/README.md,DELETE_CANDIDATE,可再生成的解释器/测试缓存；只建议清理，不执行,CACHE,310,False,0,,420e808d79a6c25d3cda0af33bc4782314a14949866682c68ce8149e89b66b70,NONE; preserve original path if referenced by frozen manifest
.pytest_cache/v/cache/lastfailed,DELETE_CANDIDATE,可再生成的解释器/测试缓存；只建议清理，不执行,CACHE,2,False,0,,44136fa355b3678a1146ad16f7e8649e94fb4fc21fe77e8310c060f61caaff8a,NONE; preserve original path if referenced by frozen manifest
.pytest_cache/v/cache/nodeids,DELETE_CANDIDATE,可再生成的解释器/测试缓存；只建议清理，不执行,CACHE,23794,False,0,,42b78895ab3f0ac6f531d30e41d5713d55d0044bf5c227b6ffb5da6e910dde14,NONE; preserve original path if referenced by frozen manifest
.pytest_cache/v/cache/stepwise,DELETE_CANDIDATE,可再生成的解释器/测试缓存；只建议清理，不执行,CACHE,2,False,0,,4f53cda18c2baa0c0354bb5f9a3ecbe5ed12ab4d8e11ba873c2f11161202b945,NONE; preserve original path if referenced by frozen manifest
9.18进度汇报.docx,ARCHIVE,本地计划/迁移/交接或其他辅助材料，具体交付用途待人工确认；不删除,LEGACY,16735,False,0,,1b7830a88f1b24865876f5443b69e6a67a3c582730a1c079b125bcf5b56184c9,NONE; preserve original path if referenced by frozen manifest
9.25进度汇报.docx,ARCHIVE,本地计划/迁移/交接或其他辅助材料，具体交付用途待人工确认；不删除,LEGACY,16128,False,0,,2b7ee00cebc6f056d6da3e9975a4b11dd3964f00c48e9f3809e95dee901722c2,NONE; preserve original path if referenced by frozen manifest
__pycache__/_tmp_match_analysis.cpython-313.pyc,DELETE_CANDIDATE,可再生成的解释器/测试缓存；只建议清理，不执行,CACHE,7892,False,0,,9de50420a7254cd24f1371d26300f7610a0a239c2245f2c940347a2c8112fc78,NONE; preserve original path if referenced by frozen manifest
AGENTS.md,ARCHIVE,本地计划/迁移/交接或其他辅助材料，具体交付用途待人工确认；不删除,LEGACY,7928,False,0,,edfff0e20622783f7572ed31d536b9b1cd75f134114ebb250c30e2e22610f854,NONE; preserve original path if referenced by frozen manifest
artifacts/features/ernie_vil_week1_v3.npy,KEEP_REPRODUCIBILITY,最终adapter/checkpoint/特征索引；单独交付大文件并保留hash,FINAL_ARTIFACT,6119552,False,0,,c93f9c81869104628a6e5a9647f9fe9482b05a0de7238670a0ceca287f2745fb,NONE; preserve original path if referenced by frozen manifest
artifacts/features/ernie_vil_week1_v3_fused.npy,KEEP_REPRODUCIBILITY,最终adapter/checkpoint/特征索引；单独交付大文件并保留hash,FINAL_ARTIFACT,6119552,False,0,,2509a0b8dce8145a190eab9577c3de004534ba7591f2740b6b6440e05403a129,NONE; preserve original path if referenced by frozen manifest
artifacts/features/ernie_vil_week1_v3_text.npy,KEEP_REPRODUCIBILITY,最终adapter/checkpoint/特征索引；单独交付大文件并保留hash,FINAL_ARTIFACT,6119552,False,0,,10edeb7e82fb3d6247638ab87e35394a63f62ce99756ba97565f216b579e833e,NONE; preserve original path if referenced by frozen manifest
artifacts/indexes/ernie_vil_week1_v3.faiss,KEEP_REPRODUCIBILITY,最终adapter/checkpoint/特征索引；单独交付大文件并保留hash,FINAL_ARTIFACT,6119469,False,1,reports/retrieval/rerank/rerank_v1_formal_manifest.json,9521eedef59163f7ff2d5899f8f06d3802d25798845af2201883597a71954d6f,NONE; preserve original path if referenced by frozen manifest
artifacts/indexes/ernie_vil_week1_v3_fused.faiss,KEEP_REPRODUCIBILITY,最终adapter/checkpoint/特征索引；单独交付大文件并保留hash,FINAL_ARTIFACT,6119469,False,0,,aef26b8344bcf07dad1cbab149db2dbb5ec43cb63bcd03a2af5ead2a9161eee6,NONE; preserve original path if referenced by frozen manifest
artifacts/indexes/ernie_vil_week1_v3_metadata.jsonl,KEEP_REPRODUCIBILITY,最终adapter/checkpoint/特征索引；单独交付大文件并保留hash,FINAL_ARTIFACT,528664,False,1,reports/retrieval/rerank/rerank_v1_formal_manifest.json,d3270f849f8ed8d17a776274546367bc475f7a221dc1600feb741f0fa612400e,NONE; preserve original path if referenced by frozen manifest
artifacts/indexes/ernie_vil_week1_v3_text.faiss,KEEP_REPRODUCIBILITY,最终adapter/checkpoint/特征索引；单独交付大文件并保留hash,FINAL_ARTIFACT,6119469,False,1,reports/retrieval/rerank/rerank_v1_formal_manifest.json,d0fc77cbf54fbcfe518d93310bf496f07b808c4ef3154a1592799e336e1d5e29,NONE; preserve original path if referenced by frozen manifest
artifacts/lora/lora_v1/best.json,KEEP_REPRODUCIBILITY,最终adapter/checkpoint/特征索引；单独交付大文件并保留hash,FINAL_ARTIFACT,153,False,1,reports/generation/lora/lora_v1_training/final_manifest.json,6977eec5e2986fc2f31117bc93c24894452142218920d0d1a0046983dc29e8ab,NONE; preserve original path if referenced by frozen manifest
artifacts/lora/lora_v1/checkpoints/checkpoint-step-001359/adapter/adapter_config.json,KEEP_REPRODUCIBILITY,最终adapter/checkpoint/特征索引；单独交付大文件并保留hash,FINAL_ARTIFACT,1262,False,9,reports/generation/lora/lora_v1_training/final_manifest.json | reports/generation/lora/project_test100_v1/human_review_finalization_manifest.json | reports/generation/lora/project_test100_v1/protocol_manifest.json | reports/generation/lora/project_validation_v1/delivery_manifest.json | reports/generation/lora/project_validation_v1/protocol_manifest.json | reports/generation/lora_rag/lora_rag_project_test100_v1/final_review_manifest.json | reports/generation/lora_rag/lora_rag_project_test100_v1/protocol_manifest.json | reports/generation/lora_rag/lora_rag_v2_development24_v1/final_review_manifest.json | reports/generation/lora_rag/lora_rag_v2_development24_v1/protocol_manifest.json,8c0443a49eb8535c4883ec9d90cad883508917230777033c405e3a87a0b33925,NONE; preserve original path if referenced by frozen manifest
artifacts/lora/lora_v1/checkpoints/checkpoint-step-001359/adapter/adapter_model.safetensors,KEEP_REPRODUCIBILITY,最终adapter/checkpoint/特征索引；单独交付大文件并保留hash,FINAL_ARTIFACT,10107280,False,9,reports/generation/lora/lora_v1_training/final_manifest.json | reports/generation/lora/project_test100_v1/human_review_finalization_manifest.json | reports/generation/lora/project_test100_v1/protocol_manifest.json | reports/generation/lora/project_validation_v1/delivery_manifest.json | reports/generation/lora/project_validation_v1/protocol_manifest.json | reports/generation/lora_rag/lora_rag_project_test100_v1/final_review_manifest.json | reports/generation/lora_rag/lora_rag_project_test100_v1/protocol_manifest.json | reports/generation/lora_rag/lora_rag_v2_development24_v1/final_review_manifest.json | reports/generation/lora_rag/lora_rag_v2_development24_v1/protocol_manifest.json,890a061812321ccf6bbf598b37617fc59dcde70d57042c4304c219a0f6740e31,NONE; preserve original path if referenced by frozen manifest
artifacts/lora/lora_v1/checkpoints/checkpoint-step-001359/adapter/README.md,KEEP_REPRODUCIBILITY,最终adapter/checkpoint/特征索引；单独交付大文件并保留hash,FINAL_ARTIFACT,5416,False,1,reports/generation/lora/lora_v1_training/final_manifest.json,1e733fc9176aa2816149a3a7fed36957c44659aeb390ec251dc9051be6ba2fc6,NONE; preserve original path if referenced by frozen manifest
artifacts/lora/lora_v1/checkpoints/checkpoint-step-001359/checkpoint_manifest.json,KEEP_REPRODUCIBILITY,最终adapter/checkpoint/特征索引；单独交付大文件并保留hash,FINAL_ARTIFACT,1138,False,1,reports/generation/lora/lora_v1_training/final_manifest.json,0e91b46d2e4b07e98a009716cda2d8c5c33212006fe7112642f209136bb2c6b4,NONE; preserve original path if referenced by frozen manifest
artifacts/lora/lora_v1/checkpoints/checkpoint-step-001359/config_snapshot.json,KEEP_REPRODUCIBILITY,最终adapter/checkpoint/特征索引；单独交付大文件并保留hash,FINAL_ARTIFACT,4290,False,1,reports/generation/lora/lora_v1_training/final_manifest.json,b31e61e27bed5bc283a54cf6d018ed7eb7dcfebfbc491b5080244c89b87e9739,NONE; preserve original path if referenced by frozen manifest
artifacts/lora/lora_v1/checkpoints/checkpoint-step-001359/trainer_state.json,KEEP_REPRODUCIBILITY,最终adapter/checkpoint/特征索引；单独交付大文件并保留hash,FINAL_ARTIFACT,6986,False,1,reports/generation/lora/lora_v1_training/final_manifest.json,a360aba09d29ad02e8283f02a085a7941f99f9e3ef3acf71a9e5a02a59c0f193,NONE; preserve original path if referenced by frozen manifest
artifacts/lora/lora_v1/checkpoints/checkpoint-step-001359/training_state.pt,KEEP_REPRODUCIBILITY,最终adapter/checkpoint/特征索引；单独交付大文件并保留hash,FINAL_ARTIFACT,20297155,False,1,reports/generation/lora/lora_v1_training/final_manifest.json,81596223707b4ffaea6558b4c366e489e1078d8fae3567f22a2693ca1efea5fc,NONE; preserve original path if referenced by frozen manifest
artifacts/lora/lora_v1/latest.json,KEEP_REPRODUCIBILITY,最终adapter/checkpoint/特征索引；单独交付大文件并保留hash,FINAL_ARTIFACT,191,False,1,reports/generation/lora/lora_v1_training/final_manifest.json,3b4a8d80527d768754fcac85ae5a5b099b2755db68d696967b2fdfb975212622,NONE; preserve original path if referenced by frozen manifest
artifacts/lora/p6_2_acceptance_v1/split/checkpoints/checkpoint-step-000002/adapter/adapter_config.json,ARCHIVE,smoke/acceptance工程权重及状态；不是正式初始化权重，保留历史证据,SMOKE,1262,False,1,reports/generation/lora/p6_2_trainer_archive_manifest.json,e2b82fe411b779d95322c2207d1245b9c4b171650456f0c483c481ac666aa3fe,NONE; preserve original path if referenced by frozen manifest
artifacts/lora/p6_2_acceptance_v1/split/checkpoints/checkpoint-step-000002/adapter/adapter_model.safetensors,ARCHIVE,smoke/acceptance工程权重及状态；不是正式初始化权重，保留历史证据,SMOKE,10107280,False,1,reports/generation/lora/p6_2_trainer_archive_manifest.json,a34e9e3082a8f02c31d19f6853a7912d921fe841afe8cc13cfdbc014000bf141,NONE; preserve original path if referenced by frozen manifest
artifacts/lora/p6_2_acceptance_v1/split/checkpoints/checkpoint-step-000002/adapter/README.md,ARCHIVE,smoke/acceptance工程权重及状态；不是正式初始化权重，保留历史证据,SMOKE,5416,False,1,reports/generation/lora/p6_2_trainer_archive_manifest.json,1e733fc9176aa2816149a3a7fed36957c44659aeb390ec251dc9051be6ba2fc6,NONE; preserve original path if referenced by frozen manifest
artifacts/lora/p6_2_acceptance_v1/split/checkpoints/checkpoint-step-000002/checkpoint_manifest.json,ARCHIVE,smoke/acceptance工程权重及状态；不是正式初始化权重，保留历史证据,SMOKE,1135,False,1,reports/generation/lora/p6_2_trainer_archive_manifest.json,b503b80f9ebd080628bdfbb7064601aa7dcaa027a055a0e125cc7c41c212cc97,NONE; preserve original path if referenced by frozen manifest
artifacts/lora/p6_2_acceptance_v1/split/checkpoints/checkpoint-step-000002/config_snapshot.json,ARCHIVE,smoke/acceptance工程权重及状态；不是正式初始化权重，保留历史证据,SMOKE,4290,False,1,reports/generation/lora/p6_2_trainer_archive_manifest.json,b31e61e27bed5bc283a54cf6d018ed7eb7dcfebfbc491b5080244c89b87e9739,NONE; preserve original path if referenced by frozen manifest
artifacts/lora/p6_2_acceptance_v1/split/checkpoints/checkpoint-step-000002/trainer_state.json,ARCHIVE,smoke/acceptance工程权重及状态；不是正式初始化权重，保留历史证据,SMOKE,6897,False,1,reports/generation/lora/p6_2_trainer_archive_manifest.json,85b8c8b31410a203c987c369e11a1507b0347748299433482598e374b61cc0a6,NONE; preserve original path if referenced by frozen manifest
artifacts/lora/p6_2_acceptance_v1/split/checkpoints/checkpoint-step-000002/training_state.pt,ARCHIVE,smoke/acceptance工程权重及状态；不是正式初始化权重，保留历史证据,SMOKE,20297155,False,1,reports/generation/lora/p6_2_trainer_archive_manifest.json,bbc4231bdc1cbb1ffa8ec84e499996972bb8576651dbc462408999675be1b060,NONE; preserve original path if referenced by frozen manifest
artifacts/lora/p6_2_acceptance_v1/split/checkpoints/checkpoint-step-000004/adapter/adapter_config.json,ARCHIVE,smoke/acceptance工程权重及状态；不是正式初始化权重，保留历史证据,SMOKE,1262,False,1,reports/generation/lora/p6_2_trainer_archive_manifest.json,8c0443a49eb8535c4883ec9d90cad883508917230777033c405e3a87a0b33925,NONE; preserve original path if referenced by frozen manifest
artifacts/lora/p6_2_acceptance_v1/split/checkpoints/checkpoint-step-000004/adapter/adapter_model.safetensors,ARCHIVE,smoke/acceptance工程权重及状态；不是正式初始化权重，保留历史证据,SMOKE,10107280,False,1,reports/generation/lora/p6_2_trainer_archive_manifest.json,4360f91f7250351ace2de0af732b3da2f1a57bda0b630d3a77c40c484e4adb30,NONE; preserve original path if referenced by frozen manifest
artifacts/lora/p6_2_acceptance_v1/split/checkpoints/checkpoint-step-000004/adapter/README.md,ARCHIVE,smoke/acceptance工程权重及状态；不是正式初始化权重，保留历史证据,SMOKE,5416,False,1,reports/generation/lora/p6_2_trainer_archive_manifest.json,1e733fc9176aa2816149a3a7fed36957c44659aeb390ec251dc9051be6ba2fc6,NONE; preserve original path if referenced by frozen manifest
artifacts/lora/p6_2_acceptance_v1/split/checkpoints/checkpoint-step-000004/checkpoint_manifest.json,ARCHIVE,smoke/acceptance工程权重及状态；不是正式初始化权重，保留历史证据,SMOKE,1135,False,1,reports/generation/lora/p6_2_trainer_archive_manifest.json,bcecee293375200e723b94e7bd710bdba038e4708499edb43fe541f1bd231957,NONE; preserve original path if referenced by frozen manifest
artifacts/lora/p6_2_acceptance_v1/split/checkpoints/checkpoint-step-000004/config_snapshot.json,ARCHIVE,smoke/acceptance工程权重及状态；不是正式初始化权重，保留历史证据,SMOKE,4290,False,1,reports/generation/lora/p6_2_trainer_archive_manifest.json,b31e61e27bed5bc283a54cf6d018ed7eb7dcfebfbc491b5080244c89b87e9739,NONE; preserve original path if referenced by frozen manifest
artifacts/lora/p6_2_acceptance_v1/split/checkpoints/checkpoint-step-000004/trainer_state.json,ARCHIVE,smoke/acceptance工程权重及状态；不是正式初始化权重，保留历史证据,SMOKE,6899,False,1,reports/generation/lora/p6_2_trainer_archive_manifest.json,435ed4c7247cf1de071b42c8f4a755d2bd9d0d1abe239ac1263a11d29a3df282,NONE; preserve original path if referenced by frozen manifest
artifacts/lora/p6_2_acceptance_v1/split/checkpoints/checkpoint-step-000004/training_state.pt,ARCHIVE,smoke/acceptance工程权重及状态；不是正式初始化权重，保留历史证据,SMOKE,20297155,False,1,reports/generation/lora/p6_2_trainer_archive_manifest.json,b9a034fda082f562fe5792c8af72a34634d4c88fd79b65a38bcd2fdb67a9073b,NONE; preserve original path if referenced by frozen manifest
artifacts/lora/p6_2_acceptance_v1/split/latest.json,ARCHIVE,smoke/acceptance工程权重及状态；不是正式初始化权重，保留历史证据,SMOKE,205,False,1,reports/generation/lora/p6_2_trainer_archive_manifest.json,488ee98c2ff7aa79d3d2582bd6ebe9a92b739ae119a51424597ead96e802b93d,NONE; preserve original path if referenced by frozen manifest
artifacts/lora/p6_2_acceptance_v1/uninterrupted/checkpoints/checkpoint-step-000004/adapter/adapter_config.json,ARCHIVE,smoke/acceptance工程权重及状态；不是正式初始化权重，保留历史证据,SMOKE,1262,False,1,reports/generation/lora/p6_2_trainer_archive_manifest.json,8c0443a49eb8535c4883ec9d90cad883508917230777033c405e3a87a0b33925,NONE; preserve original path if referenced by frozen manifest
artifacts/lora/p6_2_acceptance_v1/uninterrupted/checkpoints/checkpoint-step-000004/adapter/adapter_model.safetensors,ARCHIVE,smoke/acceptance工程权重及状态；不是正式初始化权重，保留历史证据,SMOKE,10107280,False,1,reports/generation/lora/p6_2_trainer_archive_manifest.json,4360f91f7250351ace2de0af732b3da2f1a57bda0b630d3a77c40c484e4adb30,NONE; preserve original path if referenced by frozen manifest
artifacts/lora/p6_2_acceptance_v1/uninterrupted/checkpoints/checkpoint-step-000004/adapter/README.md,ARCHIVE,smoke/acceptance工程权重及状态；不是正式初始化权重，保留历史证据,SMOKE,5416,False,1,reports/generation/lora/p6_2_trainer_archive_manifest.json,1e733fc9176aa2816149a3a7fed36957c44659aeb390ec251dc9051be6ba2fc6,NONE; preserve original path if referenced by frozen manifest
artifacts/lora/p6_2_acceptance_v1/uninterrupted/checkpoints/checkpoint-step-000004/checkpoint_manifest.json,ARCHIVE,smoke/acceptance工程权重及状态；不是正式初始化权重，保留历史证据,SMOKE,1135,False,1,reports/generation/lora/p6_2_trainer_archive_manifest.json,259afcf408e5b9059791cf42b18544e49e8c6d82c30bc20b7c7b6e1f5bddf62a,NONE; preserve original path if referenced by frozen manifest
artifacts/lora/p6_2_acceptance_v1/uninterrupted/checkpoints/checkpoint-step-000004/config_snapshot.json,ARCHIVE,smoke/acceptance工程权重及状态；不是正式初始化权重，保留历史证据,SMOKE,4290,False,1,reports/generation/lora/p6_2_trainer_archive_manifest.json,b31e61e27bed5bc283a54cf6d018ed7eb7dcfebfbc491b5080244c89b87e9739,NONE; preserve original path if referenced by frozen manifest
artifacts/lora/p6_2_acceptance_v1/uninterrupted/checkpoints/checkpoint-step-000004/trainer_state.json,ARCHIVE,smoke/acceptance工程权重及状态；不是正式初始化权重，保留历史证据,SMOKE,6899,False,1,reports/generation/lora/p6_2_trainer_archive_manifest.json,305f85b49ab01a20977217e67df036d8aaf92cf43ff8c7416e510c4cf399d94c,NONE; preserve original path if referenced by frozen manifest
artifacts/lora/p6_2_acceptance_v1/uninterrupted/checkpoints/checkpoint-step-000004/training_state.pt,ARCHIVE,smoke/acceptance工程权重及状态；不是正式初始化权重，保留历史证据,SMOKE,20297155,False,1,reports/generation/lora/p6_2_trainer_archive_manifest.json,73fc737358d45467b9c9f755f0869daa593ca07488816f959127c65683c427ac,NONE; preserve original path if referenced by frozen manifest
artifacts/lora/p6_2_acceptance_v1/uninterrupted/latest.json,ARCHIVE,smoke/acceptance工程权重及状态；不是正式初始化权重，保留历史证据,SMOKE,213,False,1,reports/generation/lora/p6_2_trainer_archive_manifest.json,cb82aec670e889c17319fcdbb7f4e9cecd0d4c5e57440bcdeccd5a6711389c78,NONE; preserve original path if referenced by frozen manifest
artifacts/lora/p6_low_memory_smoke_v1_retry1/adapter/adapter_config.json,ARCHIVE,smoke/acceptance工程权重及状态；不是正式初始化权重，保留历史证据,SMOKE,1262,False,1,reports/generation/lora/p6_low_memory_smoke_v1_archive_manifest.json,e2b82fe411b779d95322c2207d1245b9c4b171650456f0c483c481ac666aa3fe,NONE; preserve original path if referenced by frozen manifest
artifacts/lora/p6_low_memory_smoke_v1_retry1/adapter/adapter_model.safetensors,ARCHIVE,smoke/acceptance工程权重及状态；不是正式初始化权重，保留历史证据,SMOKE,10107280,False,1,reports/generation/lora/p6_low_memory_smoke_v1_archive_manifest.json,1010a44f1b4296033508aea48300b9f69aea7ed7e0149eeb5e6037d1075cf45e,NONE; preserve original path if referenced by frozen manifest
artifacts/lora/p6_low_memory_smoke_v1_retry1/adapter/README.md,ARCHIVE,smoke/acceptance工程权重及状态；不是正式初始化权重，保留历史证据,SMOKE,5416,False,1,reports/generation/lora/p6_low_memory_smoke_v1_archive_manifest.json,1e733fc9176aa2816149a3a7fed36957c44659aeb390ec251dc9051be6ba2fc6,NONE; preserve original path if referenced by frozen manifest
artifacts/lora/p6_low_memory_smoke_v1_retry2/adapter/adapter_config.json,ARCHIVE,smoke/acceptance工程权重及状态；不是正式初始化权重，保留历史证据,SMOKE,1262,False,1,reports/generation/lora/p6_low_memory_smoke_v1_archive_manifest.json,e2b82fe411b779d95322c2207d1245b9c4b171650456f0c483c481ac666aa3fe,NONE; preserve original path if referenced by frozen manifest
artifacts/lora/p6_low_memory_smoke_v1_retry2/adapter/adapter_model.safetensors,ARCHIVE,smoke/acceptance工程权重及状态；不是正式初始化权重，保留历史证据,SMOKE,10107280,False,1,reports/generation/lora/p6_low_memory_smoke_v1_archive_manifest.json,1010a44f1b4296033508aea48300b9f69aea7ed7e0149eeb5e6037d1075cf45e,NONE; preserve original path if referenced by frozen manifest
artifacts/lora/p6_low_memory_smoke_v1_retry2/adapter/README.md,ARCHIVE,smoke/acceptance工程权重及状态；不是正式初始化权重，保留历史证据,SMOKE,5416,False,1,reports/generation/lora/p6_low_memory_smoke_v1_archive_manifest.json,1e733fc9176aa2816149a3a7fed36957c44659aeb390ec251dc9051be6ba2fc6,NONE; preserve original path if referenced by frozen manifest
artifacts/lora/p6_low_memory_smoke_v1_retry3/adapter/adapter_config.json,ARCHIVE,smoke/acceptance工程权重及状态；不是正式初始化权重，保留历史证据,SMOKE,1262,False,1,reports/generation/lora/p6_low_memory_smoke_v1_archive_manifest.json,8c0443a49eb8535c4883ec9d90cad883508917230777033c405e3a87a0b33925,NONE; preserve original path if referenced by frozen manifest
artifacts/lora/p6_low_memory_smoke_v1_retry3/adapter/adapter_model.safetensors,ARCHIVE,smoke/acceptance工程权重及状态；不是正式初始化权重，保留历史证据,SMOKE,10107280,False,1,reports/generation/lora/p6_low_memory_smoke_v1_archive_manifest.json,1010a44f1b4296033508aea48300b9f69aea7ed7e0149eeb5e6037d1075cf45e,NONE; preserve original path if referenced by frozen manifest
artifacts/lora/p6_low_memory_smoke_v1_retry3/adapter/README.md,ARCHIVE,smoke/acceptance工程权重及状态；不是正式初始化权重，保留历史证据,SMOKE,5416,False,1,reports/generation/lora/p6_low_memory_smoke_v1_archive_manifest.json,1e733fc9176aa2816149a3a7fed36957c44659aeb390ec251dc9051be6ba2fc6,NONE; preserve original path if referenced by frozen manifest
artifacts/lora/p6_low_memory_smoke_v1_retry4/adapter/adapter_config.json,ARCHIVE,smoke/acceptance工程权重及状态；不是正式初始化权重，保留历史证据,SMOKE,1262,False,1,reports/generation/lora/p6_low_memory_smoke_v1_archive_manifest.json,e2b82fe411b779d95322c2207d1245b9c4b171650456f0c483c481ac666aa3fe,NONE; preserve original path if referenced by frozen manifest
artifacts/lora/p6_low_memory_smoke_v1_retry4/adapter/adapter_model.safetensors,ARCHIVE,smoke/acceptance工程权重及状态；不是正式初始化权重，保留历史证据,SMOKE,10107280,False,1,reports/generation/lora/p6_low_memory_smoke_v1_archive_manifest.json,1010a44f1b4296033508aea48300b9f69aea7ed7e0149eeb5e6037d1075cf45e,NONE; preserve original path if referenced by frozen manifest
artifacts/lora/p6_low_memory_smoke_v1_retry4/adapter/README.md,ARCHIVE,smoke/acceptance工程权重及状态；不是正式初始化权重，保留历史证据,SMOKE,5416,False,1,reports/generation/lora/p6_low_memory_smoke_v1_archive_manifest.json,1e733fc9176aa2816149a3a7fed36957c44659aeb390ec251dc9051be6ba2fc6,NONE; preserve original path if referenced by frozen manifest
Colab迁移指南.md,ARCHIVE,本地计划/迁移/交接或其他辅助材料，具体交付用途待人工确认；不删除,LEGACY,36292,False,0,,07fb5260fa04c65a53afaa1b277bec2651717a66f480f5ceb213f6b33fd98908,NONE; preserve original path if referenced by frozen manifest
configs/data.json,KEEP_FINAL,正式参数/核心字段定义/冻结评测与数据构造配置，状态以最终manifest判定,FINAL,2133,True,0,,7f2bf5a3edc663f4c779f97a8174935a17c58d9d13a9dc4b810a0db37e9ada75,NONE; preserve original path if referenced by frozen manifest
configs/generation.json,KEEP_FINAL,正式参数/核心字段定义/冻结评测与数据构造配置，状态以最终manifest判定,FINAL,374,True,0,,ad2a5b3c3472500f019fa469a58d52dfbd354278a302eb71a9ded23689e239c2,NONE; preserve original path if referenced by frozen manifest
configs/generation_evaluation.json,KEEP_FINAL,正式参数/核心字段定义/冻结评测与数据构造配置，状态以最终manifest判定,FINAL,2113,True,10,reports/generation/lora/lora_instruction_data_v1_final_manifest.json | reports/generation/lora/project_test100_v1/human_review_finalization_manifest.json | reports/generation/lora/project_test100_v1/protocol_manifest.json | reports/generation/lora/project_validation_v1/delivery_manifest.json | reports/generation/lora/project_validation_v1/protocol_manifest.json | reports/generation/lora_rag/lora_rag_project_test100_v1/final_review_manifest.json | reports/generation/lora_rag/lora_rag_project_test100_v1/protocol_manifest.json | reports/generation/lora_rag/lora_rag_v2_development24_v1/final_review_manifest.json | reports/generation/lora_rag/lora_rag_v2_development24_v1/protocol_manifest.json | reports/generation/rag/rag_v2_p2_phase_archive_v1.json,66e97e3d620c83584f2a9bff1757127117043dfe154e4dcbfbfd40cccc7e00bd,NONE; preserve original path if referenced by frozen manifest
configs/generation_evaluation_sampling_v2.json,KEEP_FINAL,正式参数/核心字段定义/冻结评测与数据构造配置，状态以最终manifest判定,FINAL,431,True,1,reports/generation/rag/rag_v1_formal_manifest.json,95acac9fbd02026be9228e7bcc677717d3cb1c294e3e27d8c01b914e66139b61,NONE; preserve original path if referenced by frozen manifest
configs/generation_greedy_baseline.json,ARCHIVE,历史开发或工程候选配置；冻结hash引用需保持原文件和路径,LEGACY / EXPERIMENT,375,True,0,,da5f9a0ec336346dfc2fd245d8a0779ce69551f44ab7ffe2a87d4f2f83dc38ac,NONE; preserve original path if referenced by frozen manifest
configs/generation_rag_formal_evaluation_final_v1.json,KEEP_FINAL,正式参数/核心字段定义/冻结评测与数据构造配置，状态以最终manifest判定,FINAL,2585,True,1,reports/generation/rag/formal_rag_v1_test100_final_review_manifest.json,e54b28b06a38feac967579f177f809f09f044acfb362f7de5ca5d52387e2dece,NONE; preserve original path if referenced by frozen manifest
configs/generation_rag_formal_evaluation_v1.json,KEEP_FINAL,正式参数/核心字段定义/冻结评测与数据构造配置，状态以最终manifest判定,FINAL,2559,True,0,,5cc1936a03081083a73ae2445a01babd58ff29bf7f9b8c2d04c533b8d403db89,NONE; preserve original path if referenced by frozen manifest
configs/generation_rag_formal_v1.json,KEEP_FINAL,正式参数/核心字段定义/冻结评测与数据构造配置，状态以最终manifest判定,FINAL,7809,True,1,reports/generation/rag/rag_v1_formal_manifest.json,e109f34bfd2252196f56455340a743a95fa7706e5db5f5bb20d0891b22892c49,NONE; preserve original path if referenced by frozen manifest
configs/generation_rag_validation_v1.json,ARCHIVE,历史开发或工程候选配置；冻结hash引用需保持原文件和路径,LEGACY / EXPERIMENT,1078,True,0,,71fd5ed49c2dfa54b6e83b2e0c4a25761fa1919913f0686c13074438055885e0,NONE; preserve original path if referenced by frozen manifest
configs/generation_rag_validation_v2.json,ARCHIVE,历史开发或工程候选配置；冻结hash引用需保持原文件和路径,LEGACY / EXPERIMENT,1078,True,0,,740e8059b21c411b1e45dcbb55b38bd1c9a99e05b926568572292349dd23f535,NONE; preserve original path if referenced by frozen manifest
configs/generation_rag_validation_v3.json,ARCHIVE,历史开发或工程候选配置；冻结hash引用需保持原文件和路径,LEGACY / EXPERIMENT,1078,True,0,,503d188c01668c946577b783e6d07c3121d38bd6ac4a315f5dc2e36f2351c7ed,NONE; preserve original path if referenced by frozen manifest
configs/generation_rag_validation_v4.json,ARCHIVE,历史开发或工程候选配置；冻结hash引用需保持原文件和路径,LEGACY / EXPERIMENT,1080,True,0,,ff41aa44dc711fa343541baa0d36f6da5b3beb63eb2b8449da56f0be97a26126,NONE; preserve original path if referenced by frozen manifest
configs/generation_rag_validation_v5.json,ARCHIVE,历史开发或工程候选配置；冻结hash引用需保持原文件和路径,LEGACY / EXPERIMENT,1080,True,0,,d578dfb8cf16e2f3536da397902c5f4de716eae0f0dd4b8c185be14fb2dceec9,NONE; preserve original path if referenced by frozen manifest
configs/generation_rag_validation_v6.json,ARCHIVE,历史开发或工程候选配置；冻结hash引用需保持原文件和路径,LEGACY / EXPERIMENT,1379,True,1,reports/generation/rag/rag_v1_formal_manifest.json,f1217c35d9e4b489c841d2a4085cc19fb8896da96f160a4016896bbc232c86c3,NONE; preserve original path if referenced by frozen manifest
configs/generation_rag_validation_v7.json,ARCHIVE,历史开发或工程候选配置；冻结hash引用需保持原文件和路径,LEGACY / EXPERIMENT,2976,True,2,reports/generation/rag/rag_v2_p25_checkpoint_manifest_v1.json | reports/generation/rag/rag_v2_p2_phase_archive_v1.json,4b061de967ab2bd6a5b9fd73e3da010d57850503068869c4bcf986de075e2356,NONE; preserve original path if referenced by frozen manifest
configs/generation_rag_validation_v8_p26.json,ARCHIVE,历史开发或工程候选配置；冻结hash引用需保持原文件和路径,LEGACY / EXPERIMENT,2722,True,1,reports/generation/rag/rag_v2_p2_phase_archive_v1.json,61183df29d03628b9c6715ad983589359c203cd93ee17f2080d41e27d753eeaf,NONE; preserve original path if referenced by frozen manifest
configs/inference_samples.json,KEEP_FINAL,正式参数/核心字段定义/冻结评测与数据构造配置，状态以最终manifest判定,FINAL,1650,True,0,,10a6a5727b7285744450f006553ab6c5e0ebe79603791ddc82ab495e50a52469,NONE; preserve original path if referenced by frozen manifest
configs/lora_instruction_data_v1.json,KEEP_FINAL,正式参数/核心字段定义/冻结评测与数据构造配置，状态以最终manifest判定,FINAL,6474,False,11,reports/generation/lora/lora_instruction_data_v1_final_manifest.json | reports/generation/lora/lora_v1_pretraining_manifest.json | reports/generation/lora/lora_v1_training/final_manifest.json | reports/generation/lora/project_test100_v1/human_review_finalization_manifest.json | reports/generation/lora/project_test100_v1/protocol_manifest.json | reports/generation/lora/project_validation_v1/delivery_manifest.json | reports/generation/lora/project_validation_v1/protocol_manifest.json | reports/generation/lora_rag/lora_rag_project_test100_v1/final_review_manifest.json | reports/generation/lora_rag/lora_rag_project_test100_v1/protocol_manifest.json | reports/generation/lora_rag/lora_rag_v2_development24_v1/final_review_manifest.json | reports/generation/lora_rag/lora_rag_v2_development24_v1/protocol_manifest.json,fa3d2de49f4802b842848c31c0370f29798b576a5b3d0666c76d6aa6b277a7c6,NONE; preserve original path if referenced by frozen manifest
configs/lora_project_test100_v1.json,KEEP_FINAL,正式参数/核心字段定义/冻结评测与数据构造配置，状态以最终manifest判定,FINAL,2217,False,4,reports/generation/lora/project_test100_v1/human_review_finalization_manifest.json | reports/generation/lora/project_test100_v1/protocol_manifest.json | reports/generation/lora_rag/lora_rag_project_test100_v1/final_review_manifest.json | reports/generation/lora_rag/lora_rag_project_test100_v1/protocol_manifest.json,c51662b4194d102eb006b39493583a695efe3b163a87ffea0c87f2d7b312e87d,NONE; preserve original path if referenced by frozen manifest
configs/lora_project_validation_quick32_v1.json,ARCHIVE,固定开发人审/组合开发配置；保留hash链，但不当最终test或通用推理入口,EXPERIMENT,1851,False,3,reports/generation/lora/project_validation_v1/automatic_phase_manifest.json | reports/generation/lora/project_validation_v1/delivery_manifest.json | reports/generation/lora/project_validation_v1/quick32_v1/sampling_manifest.json,94dc6c2fab251759833139181103d363742cf794715aee63f9c35df033428772,NONE; preserve original path if referenced by frozen manifest
configs/lora_project_validation_v1.json,KEEP_FINAL,三任务模板/模型配置为后续正式test冻结继承依赖，不能因validation名称误归过时配置,FINAL_DEPENDENCY,3858,False,8,reports/generation/lora/project_test100_v1/human_review_finalization_manifest.json | reports/generation/lora/project_test100_v1/protocol_manifest.json | reports/generation/lora/project_validation_v1/delivery_manifest.json | reports/generation/lora/project_validation_v1/protocol_manifest.json | reports/generation/lora_rag/lora_rag_project_test100_v1/final_review_manifest.json | reports/generation/lora_rag/lora_rag_project_test100_v1/protocol_manifest.json | reports/generation/lora_rag/lora_rag_v2_development24_v1/final_review_manifest.json | reports/generation/lora_rag/lora_rag_v2_development24_v1/protocol_manifest.json,4a86013f8e0bae471c6e75694d730232c580465cbc01df630ee8640636d3b1c5,NONE; preserve original path if referenced by frozen manifest
configs/lora_qlora_local_training_candidate_v1.json,ARCHIVE,历史开发或工程候选配置；冻结hash引用需保持原文件和路径,LEGACY / EXPERIMENT,4010,False,1,reports/generation/lora/p6_low_memory_smoke_v1_archive_manifest.json,bfb482b7c63627442b3fdc11ce12187cc360febd6a78c1aff9690755d169c2e2,NONE; preserve original path if referenced by frozen manifest
configs/lora_qlora_low_memory_smoke_v1.json,ARCHIVE,历史开发或工程候选配置；冻结hash引用需保持原文件和路径,LEGACY / EXPERIMENT,2000,False,2,reports/generation/lora/lora_v1_training/final_manifest.json | reports/generation/lora/p6_low_memory_smoke_v1_archive_manifest.json,10d5782a280201923eed92d08243d359d99f5d41ce78ff1f3032f6b0653eb582,NONE; preserve original path if referenced by frozen manifest
configs/lora_qlora_smoke_v1.json,ARCHIVE,历史开发或工程候选配置；冻结hash引用需保持原文件和路径,LEGACY / EXPERIMENT,1924,False,0,,fbb3ba16a2dd9c1bc183d738fa93f3b7d55b6b6418c6b83a5e6fbade89a1e92c,NONE; preserve original path if referenced by frozen manifest
configs/lora_qlora_train_v1.json,KEEP_FINAL,正式参数/核心字段定义/冻结评测与数据构造配置，状态以最终manifest判定,FINAL,4104,False,11,reports/generation/lora/lora_v1_pretraining_manifest.json | reports/generation/lora/lora_v1_training/final_manifest.json | reports/generation/lora/p6_2_trainer_archive_manifest.json | reports/generation/lora/project_test100_v1/human_review_finalization_manifest.json | reports/generation/lora/project_test100_v1/protocol_manifest.json | reports/generation/lora/project_validation_v1/delivery_manifest.json | reports/generation/lora/project_validation_v1/protocol_manifest.json | reports/generation/lora_rag/lora_rag_project_test100_v1/final_review_manifest.json | reports/generation/lora_rag/lora_rag_project_test100_v1/protocol_manifest.json | reports/generation/lora_rag/lora_rag_v2_development24_v1/final_review_manifest.json | reports/generation/lora_rag/lora_rag_v2_development24_v1/protocol_manifest.json,1afb8ed3ecca91aa3d8bdd55fb5e456dbb9a60deef8d52f4805c70cc24d7d1e0,NONE; preserve original path if referenced by frozen manifest
configs/lora_rag_project_test100_v1.json,KEEP_FINAL,正式参数/核心字段定义/冻结评测与数据构造配置，状态以最终manifest判定,FINAL,2832,False,2,reports/generation/lora_rag/lora_rag_project_test100_v1/final_review_manifest.json | reports/generation/lora_rag/lora_rag_project_test100_v1/protocol_manifest.json,b6156d8fd42ef05e8760c2fd74088b288c90b0c5c356dc38aff5ce73ade6cded,NONE; preserve original path if referenced by frozen manifest
configs/lora_rag_v2_development24_v1.json,ARCHIVE,固定开发人审/组合开发配置；保留hash链，但不当最终test或通用推理入口,EXPERIMENT,2790,False,4,reports/generation/lora_rag/lora_rag_project_test100_v1/final_review_manifest.json | reports/generation/lora_rag/lora_rag_project_test100_v1/protocol_manifest.json | reports/generation/lora_rag/lora_rag_v2_development24_v1/final_review_manifest.json | reports/generation/lora_rag/lora_rag_v2_development24_v1/protocol_manifest.json,ba221e2cfab78fc673633015eb31396c4a8bc67f57c78aad8aa4d6a691e68d62,NONE; preserve original path if referenced by frozen manifest
configs/rag_fact_policy_v1.json,ARCHIVE,历史开发或工程候选配置；冻结hash引用需保持原文件和路径,LEGACY / EXPERIMENT,11751,True,0,,dd22949eb151434dfee1890fc3376a08f4735d869550bac7d6967b9889bbe6d2,NONE; preserve original path if referenced by frozen manifest
configs/rag_fact_policy_v2.json,ARCHIVE,历史开发或工程候选配置；冻结hash引用需保持原文件和路径,LEGACY / EXPERIMENT,11923,True,0,,188b46b79b22e41134d970ef300aec63190b9dbf2aa9a547d2b4190b9d237881,NONE; preserve original path if referenced by frozen manifest
configs/rag_fact_policy_v3.json,KEEP_FINAL,正式参数/核心字段定义/冻结评测与数据构造配置，状态以最终manifest判定,FINAL,12166,True,2,reports/generation/rag/rag_v1_formal_manifest.json | reports/generation/rag/rag_v2_p2_phase_archive_v1.json,df738407e72b4280e9d286118ac84ff6442284195d7b763ddb32ead0ccb68ae1,NONE; preserve original path if referenced by frozen manifest
configs/rag_fact_policy_v4.json,KEEP_FINAL,正式参数/核心字段定义/冻结评测与数据构造配置，状态以最终manifest判定,FINAL,16077,True,6,reports/generation/lora_rag/lora_rag_project_test100_v1/final_review_manifest.json | reports/generation/lora_rag/lora_rag_project_test100_v1/protocol_manifest.json | reports/generation/lora_rag/lora_rag_v2_development24_v1/final_review_manifest.json | reports/generation/lora_rag/lora_rag_v2_development24_v1/protocol_manifest.json | reports/generation/rag/rag_v2_p25_checkpoint_manifest_v1.json | reports/generation/rag/rag_v2_p2_phase_archive_v1.json,b032bf8835a4bfa11338a6bfddba05392aaa896c103473aa402b4ead25029fea,NONE; preserve original path if referenced by frozen manifest
configs/retrieval.json,KEEP_FINAL,正式参数/核心字段定义/冻结评测与数据构造配置，状态以最终manifest判定,FINAL,1037,True,1,reports/retrieval/rerank/rerank_v1_formal_manifest.json,c9cb46b479aab8328cf6ea2e083562457d5721cdc8cbc5ca9eb02885373103d7,NONE; preserve original path if referenced by frozen manifest
configs/retrieval_3c_bad_cases_v1.json,ARCHIVE,历史开发或工程候选配置；冻结hash引用需保持原文件和路径,LEGACY / EXPERIMENT,9460,True,1,reports/retrieval/rerank/rerank_v1_formal_manifest.json,0695dba10ae8211ab9b8771b5e62f5a2a085c5da0fb60df49b15aa4fa31f9d6d,NONE; preserve original path if referenced by frozen manifest
configs/retrieval_evaluation.json,KEEP_FINAL,正式参数/核心字段定义/冻结评测与数据构造配置，状态以最终manifest判定,FINAL,597,True,0,,b07de8332c4aa10ba897e5afff950960936e4a8e1ea39958ae21acea353645ca,NONE; preserve original path if referenced by frozen manifest
configs/retrieval_evaluation_queries.jsonl,KEEP_FINAL,正式参数/核心字段定义/冻结评测与数据构造配置，状态以最终manifest判定,FINAL,5738,True,0,,ec726239ffce9ea8666ae1138d5009f3f1dda2954c728455bc2fc68ee3aae6ad,NONE; preserve original path if referenced by frozen manifest
configs/retrieval_rerank_formal_v1.json,KEEP_FINAL,正式参数/核心字段定义/冻结评测与数据构造配置，状态以最终manifest判定,FINAL,4385,True,1,reports/retrieval/rerank/rerank_v1_formal_manifest.json,d51146132b8def727f6b24b505a21d28f0a656882e6a7308b382ba20d9a12c52,NONE; preserve original path if referenced by frozen manifest
configs/retrieval_rerank_validation_v1.json,ARCHIVE,历史开发或工程候选配置；冻结hash引用需保持原文件和路径,LEGACY / EXPERIMENT,8564,True,1,reports/retrieval/rerank/rerank_v1_formal_manifest.json,e962cef5f894b98c18a2b4943234b4bfc040004c6903f6d39eda3a337b60e604,NONE; preserve original path if referenced by frozen manifest
configs/retrieval_test_evaluation.json,KEEP_FINAL,正式参数/核心字段定义/冻结评测与数据构造配置，状态以最终manifest判定,FINAL,1927,True,1,reports/retrieval/rerank/rerank_v1_formal_manifest.json,69aa0f9ffa60287eca449d9957fe16ce90380d36cb8c3f3ab442a8766aa830aa,NONE; preserve original path if referenced by frozen manifest
configs/retrieval_test_queries.jsonl,KEEP_FINAL,正式参数/核心字段定义/冻结评测与数据构造配置，状态以最终manifest判定,FINAL,11689,True,1,reports/retrieval/rerank/rerank_v1_formal_manifest.json,48253c3287967d90caa5f9a7b3103ca00a1126d401b3cfe067cb96da0261443f,NONE; preserve original path if referenced by frozen manifest
configs/retrieval_test_query_texts.json,KEEP_FINAL,正式参数/核心字段定义/冻结评测与数据构造配置，状态以最终manifest判定,FINAL,3107,True,0,,2194f9d0c2587390a898a3f2a3f09062c5da6630fd9dde1342b7264617e5ddaa,NONE; preserve original path if referenced by frozen manifest
configs/training_deduplication.json,KEEP_FINAL,正式参数/核心字段定义/冻结评测与数据构造配置，状态以最终manifest判定,FINAL,467,True,0,,c7f516a85cefe4feff63a3630bb1d34c5d65aa86410d4a2c078c0a5f795e2e61,NONE; preserve original path if referenced by frozen manifest
data/images/week1_v3/13678829809.webp,KEEP_REPRODUCIBILITY,数据/图片/事实单元是复现附件；不提交Git、不移动冻结split,DATA,66664,False,0,,5b4fe6d42598020008b69beecc4a26a032a2619be4a70b06a0ddf6d26fb43201,NONE; preserve original path if referenced by frozen manifest
data/images/week1_v3/14241390032.webp,KEEP_REPRODUCIBILITY,数据/图片/事实单元是复现附件；不提交Git、不移动冻结split,DATA,69024,False,0,,e89f9602bd1a63c368c6ede7ffe4156d680541062cabcaee1977279cae65fe24,NONE; preserve original path if referenced by frozen manifest
data/images/week1_v3/14622014051.webp,KEEP_REPRODUCIBILITY,数据/图片/事实单元是复现附件；不提交Git、不移动冻结split,DATA,103018,False,0,,f0a57aff1c9c46dd12f534c8e2441cb3ef2a3712e075f61e6058a53d9e09a1e8,NONE; preserve original path if referenced by frozen manifest
data/images/week1_v3/15170171485.webp,KEEP_REPRODUCIBILITY,数据/图片/事实单元是复现附件；不提交Git、不移动冻结split,DATA,46784,False,0,,41925edd1ab2d12648f273d1d637c15e830c04f8d3e8103f442aece579cf427b,NONE; preserve original path if referenced by frozen manifest
data/images/week1_v3/15246761632.webp,KEEP_REPRODUCIBILITY,数据/图片/事实单元是复现附件；不提交Git、不移动冻结split,DATA,95826,False,0,,ebd2c9d974feac69275405d5bad9c94b98b2159e8d648e5a9e58a6105efc981c,NONE; preserve original path if referenced by frozen manifest
data/images/week1_v3/15759522070.webp,KEEP_REPRODUCIBILITY,数据/图片/事实单元是复现附件；不提交Git、不移动冻结split,DATA,154480,False,0,,1e30c000c03d7512cf75e5542f7f3d705636d9f94f4b805d8c88d4e4a2ffb308,NONE; preserve original path if referenced by frozen manifest
data/images/week1_v3/16343071914.webp,KEEP_REPRODUCIBILITY,数据/图片/事实单元是复现附件；不提交Git、不移动冻结split,DATA,44998,False,0,,4ad2e0e10dd7becfd7118203ecf12a7c6029ca944aa95e15ddf6144b61d756bf,NONE; preserve original path if referenced by frozen manifest
data/images/week1_v3/16454614360.webp,KEEP_REPRODUCIBILITY,数据/图片/事实单元是复现附件；不提交Git、不移动冻结split,DATA,21792,False,0,,d67127be11305ed5c498dd9b7d789daa23f1c18b860342ab228d54e3add9c632,NONE; preserve original path if referenced by frozen manifest
data/images/week1_v3/16520900515.webp,KEEP_REPRODUCIBILITY,数据/图片/事实单元是复现附件；不提交Git、不移动冻结split,DATA,41940,False,0,,b955f63b0c4e4b2d7095f70248878caa9bba3ba1cafa5211be27c3c1349da188,NONE; preserve original path if referenced by frozen manifest
data/images/week1_v3/16715423472.webp,KEEP_REPRODUCIBILITY,数据/图片/事实单元是复现附件；不提交Git、不移动冻结split,DATA,72038,False,0,,ce2b863aa22a21047e1bcc16117f54494fa6e27acd7cf89d943092e7e711f7c3,NONE; preserve original path if referenced by frozen manifest
data/images/week1_v3/16770376648.webp,KEEP_REPRODUCIBILITY,数据/图片/事实单元是复现附件；不提交Git、不移动冻结split,DATA,60126,False,0,,1bc137de60f156ebc98a881da694e2a8d0672443f7566642449de2081bce9b2a,NONE; preserve original path if referenced by frozen manifest
data/images/week1_v3/17010693245.webp,KEEP_REPRODUCIBILITY,数据/图片/事实单元是复现附件；不提交Git、不移动冻结split,DATA,71858,False,0,,d0052f7dd4456e832045a300fb56d029498ef20b7b043682f90c05716188ef72,NONE; preserve original path if referenced by frozen manifest
data/images/week1_v3/17217806888.webp,KEEP_REPRODUCIBILITY,数据/图片/事实单元是复现附件；不提交Git、不移动冻结split,DATA,61076,False,0,,1eb13eb3a0efe9d8deb3049a328b4613e983fca80546bdc5c86fe37448e1ba9e,NONE; preserve original path if referenced by frozen manifest
data/images/week1_v3/17357848628.webp,KEEP_REPRODUCIBILITY,数据/图片/事实单元是复现附件；不提交Git、不移动冻结split,DATA,27010,False,0,,90cabc9215f34f98f6689221da17ff7e8cf203860a3da6ebe183ebca85f21d9a,NONE; preserve original path if referenced by frozen manifest
data/images/week1_v3/17587239157.webp,KEEP_REPRODUCIBILITY,数据/图片/事实单元是复现附件；不提交Git、不移动冻结split,DATA,53586,False,0,,ca395ee29eecca40379e18d292db39f4ad5bb92f03d602755eb3118670de80af,NONE; preserve original path if referenced by frozen manifest
data/images/week1_v3/17624706758.webp,KEEP_REPRODUCIBILITY,数据/图片/事实单元是复现附件；不提交Git、不移动冻结split,DATA,31636,False,0,,62ef1baa26524ab5a23863803a6cda9e0ee8b7e7ee88394133015f215de01b3c,NONE; preserve original path if referenced by frozen manifest
data/images/week1_v3/17644195283.webp,KEEP_REPRODUCIBILITY,数据/图片/事实单元是复现附件；不提交Git、不移动冻结split,DATA,97586,False,0,,14cd6f7960594842928806bed81ede16875e3b4ec50d89275f8a28427848fc93,NONE; preserve original path if referenced by frozen manifest
data/images/week1_v3/17751240227.webp,KEEP_REPRODUCIBILITY,数据/图片/事实单元是复现附件；不提交Git、不移动冻结split,DATA,94610,False,0,,b75bddb2ac6769acbec56bba56db442d1c66b210709d364c806c79a0e8e1782b,NONE; preserve original path if referenced by frozen manifest
data/images/week1_v3/17838630449.webp,KEEP_REPRODUCIBILITY,数据/图片/事实单元是复现附件；不提交Git、不移动冻结split,DATA,54322,False,0,,63868c345c1628bf27d348f2291162085ccea4973d7348b9224814cc4aade22b,NONE; preserve original path if referenced by frozen manifest
data/images/week1_v3/18240970874.webp,KEEP_REPRODUCIBILITY,数据/图片/事实单元是复现附件；不提交Git、不移动冻结split,DATA,88278,False,0,,b3c10aa9b1ba54bf7e5b292ffacf8f39d4a5f14c3aaab42d277f953f4c05c3ff,NONE; preserve original path if referenced by frozen manifest
data/images/week1_v3/19155251622.webp,KEEP_REPRODUCIBILITY,数据/图片/事实单元是复现附件；不提交Git、不移动冻结split,DATA,68236,False,0,,468991c58ac135a322789064dfea391c0b5c16692d8c6e0e1d696b605afaf1d5,NONE; preserve original path if referenced by frozen manifest
data/images/week1_v3/19472273341.webp,KEEP_REPRODUCIBILITY,数据/图片/事实单元是复现附件；不提交Git、不移动冻结split,DATA,131034,False,0,,31cdd11e84e83e37c2db766f0a6f1448da185e8c6e07d7ee4ac199a7bd7e43da,NONE; preserve original path if referenced by frozen manifest
data/images/week1_v3/19492592789.webp,KEEP_REPRODUCIBILITY,数据/图片/事实单元是复现附件；不提交Git、不移动冻结split,DATA,23836,False,0,,709c848aa8ca2e186eccee1e4001b270c5235b321a30277fca54cdfcd88ec0c1,NONE; preserve original path if referenced by frozen manifest
data/images/week1_v3/19717876150.webp,KEEP_REPRODUCIBILITY,数据/图片/事实单元是复现附件；不提交Git、不移动冻结split,DATA,33768,False,0,,00f1aafe823e7acbe0d37cf310fd249101e1641aef8d7a1301b9173d43109f1d,NONE; preserve original path if referenced by frozen manifest
data/images/week1_v3/21107415370.webp,KEEP_REPRODUCIBILITY,数据/图片/事实单元是复现附件；不提交Git、不移动冻结split,DATA,30762,False,0,,e79860fcd8f9da33d4b749546972192c5c347408916500478afcca239be5e08b,NONE; preserve original path if referenced by frozen manifest
data/images/week1_v3/21992359378.webp,KEEP_REPRODUCIBILITY,数据/图片/事实单元是复现附件；不提交Git、不移动冻结split,DATA,59548,False,0,,a77c06d3bc3e4dad6226cc7a1c1427cef8476909bb0296a9819a017622098abd,NONE; preserve original path if referenced by frozen manifest
data/images/week1_v3/22122159603.webp,KEEP_REPRODUCIBILITY,数据/图片/事实单元是复现附件；不提交Git、不移动冻结split,DATA,39682,False,0,,6ca60daaa17b4cf49c41187f137fa9c0192ae93a21d3fb1e417688b3ca9966a0,NONE; preserve original path if referenced by frozen manifest
data/images/week1_v3/23644468567.webp,KEEP_REPRODUCIBILITY,数据/图片/事实单元是复现附件；不提交Git、不移动冻结split,DATA,24026,False,0,,3c1ad57839926788521dae3152d54b0f994d67abf59a72f04cf814010febe2e9,NONE; preserve original path if referenced by frozen manifest
data/images/week1_v3/24497168737.webp,KEEP_REPRODUCIBILITY,数据/图片/事实单元是复现附件；不提交Git、不移动冻结split,DATA,48888,False,0,,89b4fd0c2da5bb038e5ad03148bde75b0ec9d3f0835a6c33834c1925f91fa784,NONE; preserve original path if referenced by frozen manifest
data/images/week1_v3/25543616964.webp,KEEP_REPRODUCIBILITY,数据/图片/事实单元是复现附件；不提交Git、不移动冻结split,DATA,37242,False,0,,0763dbc8361b821bb65c5f40a8085a4e75817dbe897312a606bf2d4fb77882cb,NONE; preserve original path if referenced by frozen manifest
data/images/week1_v3/26748008417.jpg,KEEP_REPRODUCIBILITY,数据/图片/事实单元是复现附件；不提交Git、不移动冻结split,DATA,313320,False,0,,dadfad2b5624dea027aa37bb2d96e5a1b3f7f618ad81f68117abe5ec73d959e8,NONE; preserve original path if referenced by frozen manifest
data/images/week1_v3/26998768780.webp,KEEP_REPRODUCIBILITY,数据/图片/事实单元是复现附件；不提交Git、不移动冻结split,DATA,100364,False,0,,a73c968e9749200d6d54122d2acd86cbf2d98b0ec5c666fe382250969774eede,NONE; preserve original path if referenced by frozen manifest
data/images/week1_v3/2859211238.webp,KEEP_REPRODUCIBILITY,数据/图片/事实单元是复现附件；不提交Git、不移动冻结split,DATA,85736,False,0,,8eba745b9169a6a644e5d5fe141aba8f48eeda935b3fc1b7f02e69866dd0acb6,NONE; preserve original path if referenced by frozen manifest
data/images/week1_v3/35098226432.webp,KEEP_REPRODUCIBILITY,数据/图片/事实单元是复现附件；不提交Git、不移动冻结split,DATA,38028,False,0,,370e3e22048b215d7bf7181953ac70ddb17c92138c93eb2e071f2011310e9f9d,NONE; preserve original path if referenced by frozen manifest
data/images/week1_v3/35190805858.webp,KEEP_REPRODUCIBILITY,数据/图片/事实单元是复现附件；不提交Git、不移动冻结split,DATA,62686,False,0,,f1098ea4b5ae2a3ab86d888bfc1cc952b9252ea9b252655376ba97cda66606f0,NONE; preserve original path if referenced by frozen manifest
data/images/week1_v3/35414058241.webp,KEEP_REPRODUCIBILITY,数据/图片/事实单元是复现附件；不提交Git、不移动冻结split,DATA,26804,False,0,,f7c60c65fd6483be59fa33e0492f02a2d7f0b7d5629395323df1c46d818f3a03,NONE; preserve original path if referenced by frozen manifest
data/images/week1_v3/35783404949.webp,KEEP_REPRODUCIBILITY,数据/图片/事实单元是复现附件；不提交Git、不移动冻结split,DATA,56268,False,0,,333858d5470f3d6f1b9e80934003e32b0bd75f7456a2515c933a740f0984647f,NONE; preserve original path if referenced by frozen manifest
data/images/week1_v3/35815935637.webp,KEEP_REPRODUCIBILITY,数据/图片/事实单元是复现附件；不提交Git、不移动冻结split,DATA,84598,False,0,,9bf6056ada63136dbd9dff777d30507be2e5eaf2b7aa996a3b1fe5b2694bb587,NONE; preserve original path if referenced by frozen manifest
data/images/week1_v3/36179479868.webp,KEEP_REPRODUCIBILITY,数据/图片/事实单元是复现附件；不提交Git、不移动冻结split,DATA,11982,False,0,,1666ab442383eb7e0af96f0d206970884c4bb0d5783c6f650814b1871e3df7cf,NONE; preserve original path if referenced by frozen manifest
data/images/week1_v3/36717638460.webp,KEEP_REPRODUCIBILITY,数据/图片/事实单元是复现附件；不提交Git、不移动冻结split,DATA,57732,False,0,,88f7cee102b46d835d2177902cdd9b1a366622129d27409bec2d6677e418e940,NONE; preserve original path if referenced by frozen manifest
data/images/week1_v3/36924261327.webp,KEEP_REPRODUCIBILITY,数据/图片/事实单元是复现附件；不提交Git、不移动冻结split,DATA,35296,False,0,,f2364c1f7133fae6a409c9d25b3278073f3acbbd2b083443b62dda5f41da90ab,NONE; preserve original path if referenced by frozen manifest
data/images/week1_v3/36985316914.webp,KEEP_REPRODUCIBILITY,数据/图片/事实单元是复现附件；不提交Git、不移动冻结split,DATA,33186,False,0,,0b7757d95cdb8fd3b9f44983d3b1fd90cb7d5508e4113d11edaf7fbfef8fc451,NONE; preserve original path if referenced by frozen manifest
data/images/week1_v3/37230307921.webp,KEEP_REPRODUCIBILITY,数据/图片/事实单元是复现附件；不提交Git、不移动冻结split,DATA,82072,False,0,,b9759644af0639cd991002e5d4238d0321fa9a22a4d55642d39b207a642403d6,NONE; preserve original path if referenced by frozen manifest
data/images/week1_v3/37547557851.webp,KEEP_REPRODUCIBILITY,数据/图片/事实单元是复现附件；不提交Git、不移动冻结split,DATA,64210,False,0,,3524d9f84df308a52a733eaa4f17c78d7f802a912fb4be02702b2a49baea3ac2,NONE; preserve original path if referenced by frozen manifest
data/images/week1_v3/37659500154.webp,KEEP_REPRODUCIBILITY,数据/图片/事实单元是复现附件；不提交Git、不移动冻结split,DATA,79380,False,0,,57fd27aac7895df13e5268be916169c5677d5c4c784c6106c2f17c9a7148d66d,NONE; preserve original path if referenced by frozen manifest
data/images/week1_v3/37975597201.webp,KEEP_REPRODUCIBILITY,数据/图片/事实单元是复现附件；不提交Git、不移动冻结split,DATA,42112,False,0,,a6e8548fae861d7543b5658e6769f10c768feb8c1fbfa716adffdbbe6f70cd18,NONE; preserve original path if referenced by frozen manifest
data/images/week1_v3/38205018046.webp,KEEP_REPRODUCIBILITY,数据/图片/事实单元是复现附件；不提交Git、不移动冻结split,DATA,59192,False,0,,99b10b81e82be500abea5e21a30c376e5da9b7f79c0c12955f59d4c151ffb7ce,NONE; preserve original path if referenced by frozen manifest
data/images/week1_v3/38237091114.webp,KEEP_REPRODUCIBILITY,数据/图片/事实单元是复现附件；不提交Git、不移动冻结split,DATA,30394,False,0,,922e2f5a2e055db85447919eada3ce61b5428f7f2d13a04126bd32b5251730a3,NONE; preserve original path if referenced by frozen manifest
data/images/week1_v3/38621589133.webp,KEEP_REPRODUCIBILITY,数据/图片/事实单元是复现附件；不提交Git、不移动冻结split,DATA,53452,False,0,,7c4b05490b34d8b9ed3fca199bf0947fa70cc35d4ab8c5e060528ce9f75ce6c8,NONE; preserve original path if referenced by frozen manifest
data/images/week1_v3/38905896470.webp,KEEP_REPRODUCIBILITY,数据/图片/事实单元是复现附件；不提交Git、不移动冻结split,DATA,68694,False,0,,25a185277e4e91f93871143a1d1d886217e9100ea07014c4cb922ecf0acbc04d,NONE; preserve original path if referenced by frozen manifest
data/images/week1_v3/39025103597.webp,KEEP_REPRODUCIBILITY,数据/图片/事实单元是复现附件；不提交Git、不移动冻结split,DATA,58458,False,0,,03b50f26c83c7cd17d560b5af2d1c871485a7514617f959d70490ee79078136c,NONE; preserve original path if referenced by frozen manifest
data/images/week1_v3/39115786443.webp,KEEP_REPRODUCIBILITY,数据/图片/事实单元是复现附件；不提交Git、不移动冻结split,DATA,57386,False,0,,623415adcff540420e0f0dcde2a1e43c7bf75256aa0de27b01ab23a99129c3a7,NONE; preserve original path if referenced by frozen manifest
data/images/week1_v3/39326052785.webp,KEEP_REPRODUCIBILITY,数据/图片/事实单元是复现附件；不提交Git、不移动冻结split,DATA,43660,False,0,,29026b110ef1211aa7595bcf7a05821adc581bb43203cb35727ec83b6e201992,NONE; preserve original path if referenced by frozen manifest
data/images/week1_v3/39673641470.webp,KEEP_REPRODUCIBILITY,数据/图片/事实单元是复现附件；不提交Git、不移动冻结split,DATA,105850,False,0,,186fc4e888ddd9a07c6a9389de080e220dcf42d8ccb6bb38a1c90be5946fccc1,NONE; preserve original path if referenced by frozen manifest
data/images/week1_v3/39962006326.webp,KEEP_REPRODUCIBILITY,数据/图片/事实单元是复现附件；不提交Git、不移动冻结split,DATA,61836,False,0,,cdd280d1a8b55cd8133741316a4a7025ec61a84744cff33df0bc7e100e2afd71,NONE; preserve original path if referenced by frozen manifest
data/images/week1_v3/4012034284.webp,KEEP_REPRODUCIBILITY,数据/图片/事实单元是复现附件；不提交Git、不移动冻结split,DATA,47876,False,0,,9975d8dc4767c95256a46df664eacc57a58fa998cca87beb8220cc5d0ef7e092,NONE; preserve original path if referenced by frozen manifest
data/images/week1_v3/40400411412.webp,KEEP_REPRODUCIBILITY,数据/图片/事实单元是复现附件；不提交Git、不移动冻结split,DATA,32484,False,0,,fc62e155d4dbc21fd5cdbf338908ab7ab7ab9998da4675b3f3df90d022a14691,NONE; preserve original path if referenced by frozen manifest
data/images/week1_v3/41137975381.webp,KEEP_REPRODUCIBILITY,数据/图片/事实单元是复现附件；不提交Git、不移动冻结split,DATA,43172,False,0,,9e63d7be974daf0d8fa1c6cff608c6b1ffdbf67233fc00aad466d0c8147fa4b6,NONE; preserve original path if referenced by frozen manifest
data/images/week1_v3/41175463868.webp,KEEP_REPRODUCIBILITY,数据/图片/事实单元是复现附件；不提交Git、不移动冻结split,DATA,45274,False,0,,d1f9241c8775cc50b9aa3eb6d4055111497b25f46127b2abd1463b26a6ad1c96,NONE; preserve original path if referenced by frozen manifest
data/images/week1_v3/41746691709.webp,KEEP_REPRODUCIBILITY,数据/图片/事实单元是复现附件；不提交Git、不移动冻结split,DATA,53708,False,0,,8c97e2d71da6152f662a8ccf7a713a4883aefdf5f8ce5a37dd7570924b98e8be,NONE; preserve original path if referenced by frozen manifest
data/images/week1_v3/41784949574.webp,KEEP_REPRODUCIBILITY,数据/图片/事实单元是复现附件；不提交Git、不移动冻结split,DATA,76660,False,0,,45242d33ca1b2d344891f61c5950e24c941af2934a8bbba4417f6fedcbbf5b6d,NONE; preserve original path if referenced by frozen manifest
data/images/week1_v3/41836328106.webp,KEEP_REPRODUCIBILITY,数据/图片/事实单元是复现附件；不提交Git、不移动冻结split,DATA,641556,False,0,,408b32b6274731abe2835373a4194d7ad710a5282698170c9ed914fdd46b31b0,NONE; preserve original path if referenced by frozen manifest
data/images/week1_v3/41945667013.webp,KEEP_REPRODUCIBILITY,数据/图片/事实单元是复现附件；不提交Git、不移动冻结split,DATA,63554,False,0,,433740b1975aca7117d005b8fe70f24a9d460f4f4edd9a6e795ddbbf4c7e207e,NONE; preserve original path if referenced by frozen manifest
data/images/week1_v3/42010677411.webp,KEEP_REPRODUCIBILITY,数据/图片/事实单元是复现附件；不提交Git、不移动冻结split,DATA,41276,False,0,,07b8245b049bda0db2f7b1b0084afad2fdeb9e066efcb908e6b1aebfb65f56e7,NONE; preserve original path if referenced by frozen manifest
data/images/week1_v3/42149170939.webp,KEEP_REPRODUCIBILITY,数据/图片/事实单元是复现附件；不提交Git、不移动冻结split,DATA,50080,False,0,,9d81622fbcc8a12c831f26e424b42669a91a48fff5e53abb4fc51e0284aab374,NONE; preserve original path if referenced by frozen manifest
data/images/week1_v3/42234981600.webp,KEEP_REPRODUCIBILITY,数据/图片/事实单元是复现附件；不提交Git、不移动冻结split,DATA,32374,False,0,,bbfa0a6902775ae1ca09f16010b8155352f1d8757d8f953fbf2630178a9dd2f1,NONE; preserve original path if referenced by frozen manifest
data/images/week1_v3/42240726980.webp,KEEP_REPRODUCIBILITY,数据/图片/事实单元是复现附件；不提交Git、不移动冻结split,DATA,30070,False,0,,444731dbb52b67d544cb053aa1b2b833d219272b96d756fccbb529a7afc5ffa6,NONE; preserve original path if referenced by frozen manifest
data/images/week1_v3/42374440735.webp,KEEP_REPRODUCIBILITY,数据/图片/事实单元是复现附件；不提交Git、不移动冻结split,DATA,33608,False,0,,ec362457647dafc36f0919e1b936bdd0c40ab6ccd60dc141922294911058e97e,NONE; preserve original path if referenced by frozen manifest
data/images/week1_v3/42595596238.png,KEEP_REPRODUCIBILITY,数据/图片/事实单元是复现附件；不提交Git、不移动冻结split,DATA,129393,False,0,,aaa4782668e052789040317df9cac2afbfac713c92b5ea0b2630de29ad529d13,NONE; preserve original path if referenced by frozen manifest
data/images/week1_v3/42700923397.webp,KEEP_REPRODUCIBILITY,数据/图片/事实单元是复现附件；不提交Git、不移动冻结split,DATA,169508,False,0,,10650c0fc2e1b68ca0a3d374ad9e8c30300c039ad63cd86c50b79f16f7f1e667,NONE; preserve original path if referenced by frozen manifest
data/images/week1_v3/43022300932.webp,KEEP_REPRODUCIBILITY,数据/图片/事实单元是复现附件；不提交Git、不移动冻结split,DATA,100366,False,0,,b99ed30a136955d899d6b81f034105252b17da04d5eec2356f4393035642ac82,NONE; preserve original path if referenced by frozen manifest
data/images/week1_v3/43027878612.webp,KEEP_REPRODUCIBILITY,数据/图片/事实单元是复现附件；不提交Git、不移动冻结split,DATA,31158,False,0,,8ce5374bf5501316f7852f4e41d0a96a33fe4708a575db98c1bdd47b90957f8d,NONE; preserve original path if referenced by frozen manifest
data/images/week1_v3/43078825428.webp,KEEP_REPRODUCIBILITY,数据/图片/事实单元是复现附件；不提交Git、不移动冻结split,DATA,119292,False,0,,b4f227d86aa1e894d4985751105e7bc733dbf331d58814ef6848da16f4465805,NONE; preserve original path if referenced by frozen manifest
data/images/week1_v3/43125514344.webp,KEEP_REPRODUCIBILITY,数据/图片/事实单元是复现附件；不提交Git、不移动冻结split,DATA,61344,False,0,,ac488d56166fc486d476bc68b2f3a700192b2df460c21bff060e412e034cfb6d,NONE; preserve original path if referenced by frozen manifest
data/images/week1_v3/43139109498.webp,KEEP_REPRODUCIBILITY,数据/图片/事实单元是复现附件；不提交Git、不移动冻结split,DATA,84146,False,0,,054e38889cbbfa0f25961bb0aaa8d0e0df4fd3b57609c189cfa8d7a5385836b2,NONE; preserve original path if referenced by frozen manifest
data/images/week1_v3/43186368462.webp,KEEP_REPRODUCIBILITY,数据/图片/事实单元是复现附件；不提交Git、不移动冻结split,DATA,23374,False,0,,b875fd3bde0c70ab145b2deaeecff8a53a00498f3d57dace93044c3d4f3cbc7f,NONE; preserve original path if referenced by frozen manifest
data/images/week1_v3/43215364674.webp,KEEP_REPRODUCIBILITY,数据/图片/事实单元是复现附件；不提交Git、不移动冻结split,DATA,119326,False,0,,7b74c3a22231a211ada1e14ba7aa1db2ff8729712d29071cea5ae8fdb24e7c24,NONE; preserve original path if referenced by frozen manifest
data/images/week1_v3/43259871643.jpg,KEEP_REPRODUCIBILITY,数据/图片/事实单元是复现附件；不提交Git、不移动冻结split,DATA,287233,False,0,,f3c12324ee853fa125377a7b79159a16817cd489b8d7ded192031f2e47b3ac35,NONE; preserve original path if referenced by frozen manifest
data/images/week1_v3/43297860634.webp,KEEP_REPRODUCIBILITY,数据/图片/事实单元是复现附件；不提交Git、不移动冻结split,DATA,89978,False,0,,16efec5d7b57f8cbf504b48516f9fd50f91e8f03ee4e0d9d62a236b5608bf813,NONE; preserve original path if referenced by frozen manifest
data/images/week1_v3/43311102962.webp,KEEP_REPRODUCIBILITY,数据/图片/事实单元是复现附件；不提交Git、不移动冻结split,DATA,70606,False,0,,99c3babf1cde3701e6931ec0ff48c7a9789b6e86096afb92549b0038eec02a9d,NONE; preserve original path if referenced by frozen manifest
data/images/week1_v3/43630039477.webp,KEEP_REPRODUCIBILITY,数据/图片/事实单元是复现附件；不提交Git、不移动冻结split,DATA,65598,False,0,,d4780d94c2a4fe8201280feafd6ef9374c30616e6c674cfa0bafc77b83327692,NONE; preserve original path if referenced by frozen manifest
data/images/week1_v3/43685730142.webp,KEEP_REPRODUCIBILITY,数据/图片/事实单元是复现附件；不提交Git、不移动冻结split,DATA,73000,False,0,,a37c34079a59a9e380eb0781c97624f7814e5ee2d646cc58774ca06fb751e8bf,NONE; preserve original path if referenced by frozen manifest
data/images/week1_v3/43706577230.webp,KEEP_REPRODUCIBILITY,数据/图片/事实单元是复现附件；不提交Git、不移动冻结split,DATA,52386,False,0,,4235b1bca3e0795271a5c808af2e483cc5fe7995bda88f71ea8dbf3a050fb211,NONE; preserve original path if referenced by frozen manifest
data/images/week1_v3/43721547533.webp,KEEP_REPRODUCIBILITY,数据/图片/事实单元是复现附件；不提交Git、不移动冻结split,DATA,19864,False,0,,fef3dd3ef68a377db596f472c4176c1314a5c914f1697bb195f09ed91c0ea185,NONE; preserve original path if referenced by frozen manifest
data/images/week1_v3/44167486558.webp,KEEP_REPRODUCIBILITY,数据/图片/事实单元是复现附件；不提交Git、不移动冻结split,DATA,36990,False,0,,f9d293c461d784c4adbee3ad76d28dbb4de4d912ed84b9683bc6bcb0c1b08138,NONE; preserve original path if referenced by frozen manifest
data/images/week1_v3/44323224095.webp,KEEP_REPRODUCIBILITY,数据/图片/事实单元是复现附件；不提交Git、不移动冻结split,DATA,132044,False,0,,0a9aeb1add0353a0b8fee0667936d8dec3fa26caac5c48d6854daa7851c699af,NONE; preserve original path if referenced by frozen manifest
data/images/week1_v3/44385782389.webp,KEEP_REPRODUCIBILITY,数据/图片/事实单元是复现附件；不提交Git、不移动冻结split,DATA,105616,False,0,,ece5a57db31dd15f463a6c19e4c8fa2150f8515fa76b85f9dd51d747406fd45b,NONE; preserve original path if referenced by frozen manifest
data/images/week1_v3/44563906691.webp,KEEP_REPRODUCIBILITY,数据/图片/事实单元是复现附件；不提交Git、不移动冻结split,DATA,56944,False,0,,a1d836fbcfdd9edbb94ca215598a7af0762fb57c5c111c4798c163c4aac4c51f,NONE; preserve original path if referenced by frozen manifest
data/images/week1_v3/44571934992.webp,KEEP_REPRODUCIBILITY,数据/图片/事实单元是复现附件；不提交Git、不移动冻结split,DATA,115004,False,0,,7fb9c9b6ea5bcef9bbf63c2cc41b2f90a212e37141deb4ac4af6a3697c672d8f,NONE; preserve original path if referenced by frozen manifest
data/images/week1_v3/44604493546.webp,KEEP_REPRODUCIBILITY,数据/图片/事实单元是复现附件；不提交Git、不移动冻结split,DATA,93276,False,0,,67753783f453662095cf6887d1ec58d4b3e60477281b85cdbe55d1c520a55b97,NONE; preserve original path if referenced by frozen manifest
data/images/week1_v3/44661892858.webp,KEEP_REPRODUCIBILITY,数据/图片/事实单元是复现附件；不提交Git、不移动冻结split,DATA,29106,False,0,,25f2b6f3a75e71a4ebf9802724bf74776f020c82f3e504910480c7ea2406e779,NONE; preserve original path if referenced by frozen manifest
data/images/week1_v3/44918769516.webp,KEEP_REPRODUCIBILITY,数据/图片/事实单元是复现附件；不提交Git、不移动冻结split,DATA,74510,False,0,,25292c0fb03415afcd1948bcbb81af0e83fbf3b3a4999449472833803f12985e,NONE; preserve original path if referenced by frozen manifest
data/images/week1_v3/44984798696.webp,KEEP_REPRODUCIBILITY,数据/图片/事实单元是复现附件；不提交Git、不移动冻结split,DATA,107510,False,0,,3e4fb2797b64ba48c382ec0f22bd804997e5218e8e0cd9a765572a49a7317d58,NONE; preserve original path if referenced by frozen manifest
data/images/week1_v3/45196239011.webp,KEEP_REPRODUCIBILITY,数据/图片/事实单元是复现附件；不提交Git、不移动冻结split,DATA,54792,False,0,,333ef9b9cbb16cd815ff71fa54aeb485d2ea42290f52c0f2538ff4ddecfe97ca,NONE; preserve original path if referenced by frozen manifest
data/images/week1_v3/45220228203.webp,KEEP_REPRODUCIBILITY,数据/图片/事实单元是复现附件；不提交Git、不移动冻结split,DATA,53438,False,0,,3853e7e2cf77dc8661bde5a61af7fc43e112731111326ca99a73511eb9aea39c,NONE; preserve original path if referenced by frozen manifest
data/images/week1_v3/45306671004.webp,KEEP_REPRODUCIBILITY,数据/图片/事实单元是复现附件；不提交Git、不移动冻结split,DATA,37910,False,0,,bab3f6c81b9ac50c2e42dc0b6aa21fff80d39037c1a674c9bfed4bc22c25c6d7,NONE; preserve original path if referenced by frozen manifest
data/images/week1_v3/45340691066.webp,KEEP_REPRODUCIBILITY,数据/图片/事实单元是复现附件；不提交Git、不移动冻结split,DATA,104418,False,0,,37aa253cd1866b289987db35e9502f5a40fc0b4134032e99dce9d4907cdccbc4,NONE; preserve original path if referenced by frozen manifest
data/images/week1_v3/45637437811.webp,KEEP_REPRODUCIBILITY,数据/图片/事实单元是复现附件；不提交Git、不移动冻结split,DATA,63066,False,0,,2635f9658cf46478f1e01a9645d05fe1d9fc61c147d2bac78e92f9a0edd6c3d2,NONE; preserve original path if referenced by frozen manifest
data/images/week1_v3/4622620333.webp,KEEP_REPRODUCIBILITY,数据/图片/事实单元是复现附件；不提交Git、不移动冻结split,DATA,59924,False,0,,9715f932e5fe9d38d40be1fc3abd6149b6f3fa0de4ce7a296c5e395e3d65a2f4,NONE; preserve original path if referenced by frozen manifest
data/images/week1_v3/520016408147.webp,KEEP_REPRODUCIBILITY,数据/图片/事实单元是复现附件；不提交Git、不移动冻结split,DATA,91966,False,0,,b736f184fc705bdbe3c83424b6f14ac9a26c98290b452896f038873f779e93ed,NONE; preserve original path if referenced by frozen manifest
data/images/week1_v3/520040200440.webp,KEEP_REPRODUCIBILITY,数据/图片/事实单元是复现附件；不提交Git、不移动冻结split,DATA,95798,False,0,,6591759a052cb8971660517f4d5036043c0e1fd2887bcd891e708855b79554a8,NONE; preserve original path if referenced by frozen manifest
data/images/week1_v3/520116371494.webp,KEEP_REPRODUCIBILITY,数据/图片/事实单元是复现附件；不提交Git、不移动冻结split,DATA,43168,False,0,,765e262fbade74d2f29f8550ef07665b4b0ea7be4cbbc7df19d10a1223a90575,NONE; preserve original path if referenced by frozen manifest
data/images/week1_v3/520197599695.webp,KEEP_REPRODUCIBILITY,数据/图片/事实单元是复现附件；不提交Git、不移动冻结split,DATA,63452,False,0,,5c818dc9db7afc0d88138ba77355bd698d216b6794abf03160544392b4d60ef4,NONE; preserve original path if referenced by frozen manifest
data/images/week1_v3/520247651646.webp,KEEP_REPRODUCIBILITY,数据/图片/事实单元是复现附件；不提交Git、不移动冻结split,DATA,106178,False,0,,4ffd5e48472bab91bc5061053dcc82980c669b5413ab4cd2e48be3f7f86ad0bb,NONE; preserve original path if referenced by frozen manifest
data/images/week1_v3/520488514618.jpg,KEEP_REPRODUCIBILITY,数据/图片/事实单元是复现附件；不提交Git、不移动冻结split,DATA,101987,False,0,,868cd43b014e572654f58c7f85ce27fe1e09446b786749e48ab71639e2de0a5c,NONE; preserve original path if referenced by frozen manifest
data/images/week1_v3/520540561631.webp,KEEP_REPRODUCIBILITY,数据/图片/事实单元是复现附件；不提交Git、不移动冻结split,DATA,49992,False,0,,053d73f4b636234ea628c741c67f39e7faf1c0d111e4400f8eec95510acee976,NONE; preserve original path if referenced by frozen manifest
data/images/week1_v3/520571093069.webp,KEEP_REPRODUCIBILITY,数据/图片/事实单元是复现附件；不提交Git、不移动冻结split,DATA,51882,False,0,,2cea58378e3864905db0b700f16def55d25038765d0360ade10281faafc29441,NONE; preserve original path if referenced by frozen manifest
data/images/week1_v3/520663610660.webp,KEEP_REPRODUCIBILITY,数据/图片/事实单元是复现附件；不提交Git、不移动冻结split,DATA,91300,False,0,,0ac8760d912e5e961a155e659d8857681387dcbc992bfdb2d4d548311f8e53ef,NONE; preserve original path if referenced by frozen manifest
data/images/week1_v3/520715092980.webp,KEEP_REPRODUCIBILITY,数据/图片/事实单元是复现附件；不提交Git、不移动冻结split,DATA,93804,False,0,,8106a79437c8e0a4bd7dabc91805ae9bdc53b0729070b4c1c2d6c7017dc0bd33,NONE; preserve original path if referenced by frozen manifest
data/images/week1_v3/520800024832.webp,KEEP_REPRODUCIBILITY,数据/图片/事实单元是复现附件；不提交Git、不移动冻结split,DATA,36308,False,0,,bc3e9a0d9813d799e17e2dfe4eeab8949b3b621a4f815931c077d0f2daaf1f4c,NONE; preserve original path if referenced by frozen manifest
data/images/week1_v3/521225142173.webp,KEEP_REPRODUCIBILITY,数据/图片/事实单元是复现附件；不提交Git、不移动冻结split,DATA,91220,False,0,,c4c490ad239e1f3d0d1cea16d7e2468070ced1b1827ed4db3b8b1cad045da38b,NONE; preserve original path if referenced by frozen manifest
data/images/week1_v3/521318293270.webp,KEEP_REPRODUCIBILITY,数据/图片/事实单元是复现附件；不提交Git、不移动冻结split,DATA,60144,False,0,,985b68c58ea2cd92466c56b34469ee4a89700a6f8000806a894e60ac6252eb1c,NONE; preserve original path if referenced by frozen manifest
data/images/week1_v3/521473218022.webp,KEEP_REPRODUCIBILITY,数据/图片/事实单元是复现附件；不提交Git、不移动冻结split,DATA,45158,False,0,,a301802a6f9adf00bbeb53a50c044fa27d6323d5e186a6de474c123fa84bc709,NONE; preserve original path if referenced by frozen manifest
data/images/week1_v3/522559579022.png,KEEP_REPRODUCIBILITY,数据/图片/事实单元是复现附件；不提交Git、不移动冻结split,DATA,436445,False,0,,5f53bbf33ca89d9a9971c188c6d12c554e0b0866ebd69b9dcca9cb9558d73484,NONE; preserve original path if referenced by frozen manifest
data/images/week1_v3/522663613307.webp,KEEP_REPRODUCIBILITY,数据/图片/事实单元是复现附件；不提交Git、不移动冻结split,DATA,84932,False,0,,60f07d3f82fdbbb9a7cba0678acf8f2b5ea33e1e5791c370a652cfa60f8d20d2,NONE; preserve original path if referenced by frozen manifest
data/images/week1_v3/522712107019.webp,KEEP_REPRODUCIBILITY,数据/图片/事实单元是复现附件；不提交Git、不移动冻结split,DATA,18494,False,0,,dc6c226153a6e4011256bcf9db5e88d9ec7341db7e35eb389c7fb362d0828538,NONE; preserve original path if referenced by frozen manifest
data/images/week1_v3/522721701596.webp,KEEP_REPRODUCIBILITY,数据/图片/事实单元是复现附件；不提交Git、不移动冻结split,DATA,139044,False,0,,7118bf35bef1e4f4ace9396b0bf69a37f77d106fe5eb5ee08d6a62e4cd799661,NONE; preserve original path if referenced by frozen manifest
data/images/week1_v3/522783084872.webp,KEEP_REPRODUCIBILITY,数据/图片/事实单元是复现附件；不提交Git、不移动冻结split,DATA,45500,False,0,,7de66d94bdd2827b400d077485e0c0872ce41794b34db6a629ce4eae5d264dfe,NONE; preserve original path if referenced by frozen manifest
data/images/week1_v3/523127199995.webp,KEEP_REPRODUCIBILITY,数据/图片/事实单元是复现附件；不提交Git、不移动冻结split,DATA,107236,False,0,,969e23f5683738de22924bcdbcf453caa1e32570446325be73d5bd6b8cf43d4f,NONE; preserve original path if referenced by frozen manifest
data/images/week1_v3/523865583326.webp,KEEP_REPRODUCIBILITY,数据/图片/事实单元是复现附件；不提交Git、不移动冻结split,DATA,37894,False,0,,e9f770d1992627576c558ff3ca1ec2fd6bcd90587f8485c1e180dde5278c0e66,NONE; preserve original path if referenced by frozen manifest
data/images/week1_v3/524047928075.webp,KEEP_REPRODUCIBILITY,数据/图片/事实单元是复现附件；不提交Git、不移动冻结split,DATA,28228,False,0,,02e901e24c2240044a6461fb6284d981bdf5e6966c3990ed27c97e4dc9048cde,NONE; preserve original path if referenced by frozen manifest
data/images/week1_v3/524252459551.webp,KEEP_REPRODUCIBILITY,数据/图片/事实单元是复现附件；不提交Git、不移动冻结split,DATA,125124,False,0,,f2c305aa7193740009db35304350d9cdc501bc74159a3d9f056039b329a8b8b9,NONE; preserve original path if referenced by frozen manifest
data/images/week1_v3/524271795033.webp,KEEP_REPRODUCIBILITY,数据/图片/事实单元是复现附件；不提交Git、不移动冻结split,DATA,45260,False,0,,a90d1e4295f9fe9fc6f62b2d9e934487d9d2fd283d1432e25ae225cb734fd925,NONE; preserve original path if referenced by frozen manifest
data/images/week1_v3/524494858977.jpg,KEEP_REPRODUCIBILITY,数据/图片/事实单元是复现附件；不提交Git、不移动冻结split,DATA,282838,False,0,,fc3e6dbf172d89ac773ae157160bc4201026cc4015d2e91821702cc6793cfda6,NONE; preserve original path if referenced by frozen manifest
data/images/week1_v3/524959698352.webp,KEEP_REPRODUCIBILITY,数据/图片/事实单元是复现附件；不提交Git、不移动冻结split,DATA,50988,False,0,,4e0970e520d2b24ca6bb3bd0a069804d3ae83221d51325abb9be416b359f2e56,NONE; preserve original path if referenced by frozen manifest
data/images/week1_v3/525037190827.webp,KEEP_REPRODUCIBILITY,数据/图片/事实单元是复现附件；不提交Git、不移动冻结split,DATA,53168,False,0,,db38fdef68bc63f798fdd8be764156ee08303683fbd9838bf69a60814c352837,NONE; preserve original path if referenced by frozen manifest
data/images/week1_v3/525466631550.webp,KEEP_REPRODUCIBILITY,数据/图片/事实单元是复现附件；不提交Git、不移动冻结split,DATA,19798,False,0,,2c03b5e36f4cfaa70a3f18fe0ba3ce3c6340ddd1e065f007c7ffc539c664b417,NONE; preserve original path if referenced by frozen manifest
data/images/week1_v3/525584060236.webp,KEEP_REPRODUCIBILITY,数据/图片/事实单元是复现附件；不提交Git、不移动冻结split,DATA,51088,False,0,,f32539710ae2972cb64d6563fe8956db5fa559f2ee7fbe68fa8bdd961a3150d6,NONE; preserve original path if referenced by frozen manifest
data/images/week1_v3/525868705666.webp,KEEP_REPRODUCIBILITY,数据/图片/事实单元是复现附件；不提交Git、不移动冻结split,DATA,46724,False,0,,57bcfd3d762d52acfe8f5eea3d8c370a6dbffe9221512f12ca74ff9c69f2d5da,NONE; preserve original path if referenced by frozen manifest
data/images/week1_v3/526126801661.webp,KEEP_REPRODUCIBILITY,数据/图片/事实单元是复现附件；不提交Git、不移动冻结split,DATA,54628,False,0,,5adb9f8ea97e725858439740fbe24755fef19d9b6ed06c123a6bac00af80f61b,NONE; preserve original path if referenced by frozen manifest
data/images/week1_v3/526293861303.webp,KEEP_REPRODUCIBILITY,数据/图片/事实单元是复现附件；不提交Git、不移动冻结split,DATA,56838,False,0,,bb218c45af530dd61f5e148c455d3b69f52254cbb7346ed61a5690d65695e16f,NONE; preserve original path if referenced by frozen manifest
data/images/week1_v3/526413502198.webp,KEEP_REPRODUCIBILITY,数据/图片/事实单元是复现附件；不提交Git、不移动冻结split,DATA,26764,False,0,,5b7881c2197e9138d2907983f0ae1ee667f71b27fd717578ab4878250a66cdf3,NONE; preserve original path if referenced by frozen manifest
data/images/week1_v3/526891591065.webp,KEEP_REPRODUCIBILITY,数据/图片/事实单元是复现附件；不提交Git、不移动冻结split,DATA,73876,False,0,,dc335bc0806b9a03870907606df18dd211d90ccf9fff7dbab9ea705c84c352a9,NONE; preserve original path if referenced by frozen manifest
data/images/week1_v3/526961250152.webp,KEEP_REPRODUCIBILITY,数据/图片/事实单元是复现附件；不提交Git、不移动冻结split,DATA,41708,False,0,,e756d9aff37b3aba5cc65efed1f8e2337f3f2009a2124efb1414044c4a68aa8e,NONE; preserve original path if referenced by frozen manifest
data/images/week1_v3/526979494355.webp,KEEP_REPRODUCIBILITY,数据/图片/事实单元是复现附件；不提交Git、不移动冻结split,DATA,42424,False,0,,f76408c08952e1f70549907e8ef704861edb3d39b97c765e25fd69d29b817773,NONE; preserve original path if referenced by frozen manifest
data/images/week1_v3/527479685610.webp,KEEP_REPRODUCIBILITY,数据/图片/事实单元是复现附件；不提交Git、不移动冻结split,DATA,6056,False,0,,641557bef6d9cb2b86b87fd67a5417d903e45071026218ccc91c0077a7d1bb28,NONE; preserve original path if referenced by frozen manifest
data/images/week1_v3/527858337334.webp,KEEP_REPRODUCIBILITY,数据/图片/事实单元是复现附件；不提交Git、不移动冻结split,DATA,61680,False,0,,c272434477267f6797f6d7fd0b8af04abcf76a8d3ac78a2b5646df04f8674286,NONE; preserve original path if referenced by frozen manifest
data/images/week1_v3/528829492102.png,KEEP_REPRODUCIBILITY,数据/图片/事实单元是复现附件；不提交Git、不移动冻结split,DATA,160158,False,0,,ccbd662517cb785f8d251e2e70e333a06595ddf8dec6de43fb6039f3ae2593d3,NONE; preserve original path if referenced by frozen manifest
data/images/week1_v3/528965030782.webp,KEEP_REPRODUCIBILITY,数据/图片/事实单元是复现附件；不提交Git、不移动冻结split,DATA,31736,False,0,,499c5349bbecd0fed64d3781acb9fd4d8005a9541901376bfe361ef7033a0436,NONE; preserve original path if referenced by frozen manifest
data/images/week1_v3/529465827962.webp,KEEP_REPRODUCIBILITY,数据/图片/事实单元是复现附件；不提交Git、不移动冻结split,DATA,115128,False,0,,a1c5e073d2b67c5edb3052c423f5aecec969b471188a99b451e74ade0154c283,NONE; preserve original path if referenced by frozen manifest
data/images/week1_v3/529509174628.webp,KEEP_REPRODUCIBILITY,数据/图片/事实单元是复现附件；不提交Git、不移动冻结split,DATA,30392,False,0,,91c76b858b3f5bb3dcf1314afa1ba6fbb317d526c04738f95991dae04592a166,NONE; preserve original path if referenced by frozen manifest
data/images/week1_v3/529533634932.webp,KEEP_REPRODUCIBILITY,数据/图片/事实单元是复现附件；不提交Git、不移动冻结split,DATA,45034,False,0,,4fd9b85625c999ff7c938437585b399bb29d40720ac3d9d5efa403aa928168c8,NONE; preserve original path if referenced by frozen manifest
data/images/week1_v3/530202520816.webp,KEEP_REPRODUCIBILITY,数据/图片/事实单元是复现附件；不提交Git、不移动冻结split,DATA,36534,False,0,,5f28e50d499a6c7e7b92e65cd6ea7690038bb3bc37609b9222d164d007abfaaa,NONE; preserve original path if referenced by frozen manifest
data/images/week1_v3/530346398599.webp,KEEP_REPRODUCIBILITY,数据/图片/事实单元是复现附件；不提交Git、不移动冻结split,DATA,119400,False,0,,c83c871fdd1d1b32d4e7ed055eb372cfc56048cb1bed36ede4d692881a87fd2e,NONE; preserve original path if referenced by frozen manifest
data/images/week1_v3/530420450186.webp,KEEP_REPRODUCIBILITY,数据/图片/事实单元是复现附件；不提交Git、不移动冻结split,DATA,49948,False,0,,018fbf611440c0583f1b9a89353f20153c05d26861ad3503a4c1533deec0c2eb,NONE; preserve original path if referenced by frozen manifest
data/images/week1_v3/530504970904.webp,KEEP_REPRODUCIBILITY,数据/图片/事实单元是复现附件；不提交Git、不移动冻结split,DATA,217882,False,0,,2c2f15a62fec0e970489dde38535a2de5dda196d36d066c370d2e62a7f85fb77,NONE; preserve original path if referenced by frozen manifest
data/images/week1_v3/530718378166.webp,KEEP_REPRODUCIBILITY,数据/图片/事实单元是复现附件；不提交Git、不移动冻结split,DATA,60570,False,0,,07d23b8ba74b2dc4c06f966245f25a50e89d459c92dc73e17aa7d0e640b23756,NONE; preserve original path if referenced by frozen manifest
data/images/week1_v3/530808101131.jpg,KEEP_REPRODUCIBILITY,数据/图片/事实单元是复现附件；不提交Git、不移动冻结split,DATA,191877,False,0,,3818a60dee8c8223e2c16d59ecab7f13e96026ec4e1d1047225c981dc92a659a,NONE; preserve original path if referenced by frozen manifest
data/images/week1_v3/530877655685.webp,KEEP_REPRODUCIBILITY,数据/图片/事实单元是复现附件；不提交Git、不移动冻结split,DATA,78110,False,0,,7347e906901750c7ec516b0d26a7d7b0af13a3c8479ce79b9a866e7c565a5a34,NONE; preserve original path if referenced by frozen manifest
data/images/week1_v3/531300662654.jpg,KEEP_REPRODUCIBILITY,数据/图片/事实单元是复现附件；不提交Git、不移动冻结split,DATA,345221,False,0,,e91c688de88eb8d1454ab44acfc9c4dee47285f162a6ed7c545587d68c355a5c,NONE; preserve original path if referenced by frozen manifest
data/images/week1_v3/531380519453.webp,KEEP_REPRODUCIBILITY,数据/图片/事实单元是复现附件；不提交Git、不移动冻结split,DATA,118038,False,0,,75aed13020398afedd00bd89bae30a756887d4bd62373c7f3049447d75c615c1,NONE; preserve original path if referenced by frozen manifest
data/images/week1_v3/531509322875.webp,KEEP_REPRODUCIBILITY,数据/图片/事实单元是复现附件；不提交Git、不移动冻结split,DATA,87494,False,0,,318ec5fc4758b1f2078bf52d1d4f033264b0b4da9213f4ddd280ff1b4267274c,NONE; preserve original path if referenced by frozen manifest
data/images/week1_v3/531625957041.png,KEEP_REPRODUCIBILITY,数据/图片/事实单元是复现附件；不提交Git、不移动冻结split,DATA,222912,False,0,,963795d35f07e81f7e6b9bc18b15a41e9fb387a5ebbfd76ed59684e0e7d1013e,NONE; preserve original path if referenced by frozen manifest
data/images/week1_v3/531915767506.png,KEEP_REPRODUCIBILITY,数据/图片/事实单元是复现附件；不提交Git、不移动冻结split,DATA,396325,False,0,,7cedd20c396e0c4a00cac758a28b9fc57a8053b90b74f2b691331775b422ecb2,NONE; preserve original path if referenced by frozen manifest
data/images/week1_v3/532854225880.webp,KEEP_REPRODUCIBILITY,数据/图片/事实单元是复现附件；不提交Git、不移动冻结split,DATA,15474,False,0,,6ab86a937709e9ad4d7924ed47ebe23e30596cc330d4a27659216720d072e479,NONE; preserve original path if referenced by frozen manifest
data/images/week1_v3/533281418383.webp,KEEP_REPRODUCIBILITY,数据/图片/事实单元是复现附件；不提交Git、不移动冻结split,DATA,57856,False,0,,fb73adeca7c615c29ce1ca8576c2487d27ef4f64bee8db28459d1854c7287132,NONE; preserve original path if referenced by frozen manifest
data/images/week1_v3/533579543245.webp,KEEP_REPRODUCIBILITY,数据/图片/事实单元是复现附件；不提交Git、不移动冻结split,DATA,76234,False,0,,89b77ff1c3b0304195664b56c33d96198d8b94716a42bfa266fd6881809486a7,NONE; preserve original path if referenced by frozen manifest
data/images/week1_v3/533592771574.webp,KEEP_REPRODUCIBILITY,数据/图片/事实单元是复现附件；不提交Git、不移动冻结split,DATA,79558,False,0,,9e4e78aa103e4db0f86a29ff10795eea30788d442d92f9ba79021babdbf1bb44,NONE; preserve original path if referenced by frozen manifest
data/images/week1_v3/533637510200.webp,KEEP_REPRODUCIBILITY,数据/图片/事实单元是复现附件；不提交Git、不移动冻结split,DATA,41554,False,0,,fc2ea36939215180a759b36aeb268aa8ef683c5c6b46074fcb9371af615d81d9,NONE; preserve original path if referenced by frozen manifest
data/images/week1_v3/533997054099.webp,KEEP_REPRODUCIBILITY,数据/图片/事实单元是复现附件；不提交Git、不移动冻结split,DATA,88622,False,0,,bf4f022c5b2f8bf6f74497c074b57f97cea0cb4827f0c2214aca13370851387d,NONE; preserve original path if referenced by frozen manifest
data/images/week1_v3/534185019991.webp,KEEP_REPRODUCIBILITY,数据/图片/事实单元是复现附件；不提交Git、不移动冻结split,DATA,116976,False,0,,1ac33934fc923b62f33f975b550af7ac2cda111d565bf24146fec801cc84bb67,NONE; preserve original path if referenced by frozen manifest
data/images/week1_v3/534591817203.webp,KEEP_REPRODUCIBILITY,数据/图片/事实单元是复现附件；不提交Git、不移动冻结split,DATA,80046,False,0,,139b0b5ac002d0054df5d0dc2a7f3df8c07bd80f10c677174904c0628b93473f,NONE; preserve original path if referenced by frozen manifest
data/images/week1_v3/534648472460.jpg,KEEP_REPRODUCIBILITY,数据/图片/事实单元是复现附件；不提交Git、不移动冻结split,DATA,176857,False,0,,e8eaaca6d6531f82a2c91cb555c57c2804ccf25068e2f1a3326608157de04fa4,NONE; preserve original path if referenced by frozen manifest
data/images/week1_v3/534954722752.webp,KEEP_REPRODUCIBILITY,数据/图片/事实单元是复现附件；不提交Git、不移动冻结split,DATA,107840,False,0,,6f4087121c8deec2bd81845109c84038366cc69277c4841a180eb37963d79d2c,NONE; preserve original path if referenced by frozen manifest
data/images/week1_v3/534999388882.webp,KEEP_REPRODUCIBILITY,数据/图片/事实单元是复现附件；不提交Git、不移动冻结split,DATA,91722,False,0,,0a11ee13ed169a494f29128416586cd24603dbb916bec206e6f545e3143e7a3c,NONE; preserve original path if referenced by frozen manifest
data/images/week1_v3/535288743349.webp,KEEP_REPRODUCIBILITY,数据/图片/事实单元是复现附件；不提交Git、不移动冻结split,DATA,69934,False,0,,c3297aca752c5400ced6b77f9b0032cee58e5f8cfc7a0a9b09973b685380d20a,NONE; preserve original path if referenced by frozen manifest
data/images/week1_v3/535795715601.webp,KEEP_REPRODUCIBILITY,数据/图片/事实单元是复现附件；不提交Git、不移动冻结split,DATA,36354,False,0,,2cfb03f5877465550bc5854bee480b26489721c1960db2542e1133288d0b22a3,NONE; preserve original path if referenced by frozen manifest
data/images/week1_v3/535858215415.webp,KEEP_REPRODUCIBILITY,数据/图片/事实单元是复现附件；不提交Git、不移动冻结split,DATA,33752,False,0,,1f55825f5d1bad7c9f88b375ec61df0445265e44a3eb9414240ab3cfc2ed2981,NONE; preserve original path if referenced by frozen manifest
data/images/week1_v3/536280544090.webp,KEEP_REPRODUCIBILITY,数据/图片/事实单元是复现附件；不提交Git、不移动冻结split,DATA,149828,False,0,,3965c0ceec568f7a2eb7e8c5a55bd8b794798eba887c7745f05f63f1babfe86c,NONE; preserve original path if referenced by frozen manifest
data/images/week1_v3/536283827179.webp,KEEP_REPRODUCIBILITY,数据/图片/事实单元是复现附件；不提交Git、不移动冻结split,DATA,73246,False,0,,fe5e2ed38aad8628b1deebc86a779db93a7d721f5a268a4860870ae5b449d828,NONE; preserve original path if referenced by frozen manifest
data/images/week1_v3/536829260338.webp,KEEP_REPRODUCIBILITY,数据/图片/事实单元是复现附件；不提交Git、不移动冻结split,DATA,51190,False,0,,ab40d6ca19915227cff543cded2f7b8e2ca0e2eb414f9dab758076770044cdff,NONE; preserve original path if referenced by frozen manifest
data/images/week1_v3/536832199371.webp,KEEP_REPRODUCIBILITY,数据/图片/事实单元是复现附件；不提交Git、不移动冻结split,DATA,76296,False,0,,10c4e2edf217ba37359fd58f9fe7bbf701b09cc2392e6de6f3c50cf864fc7246,NONE; preserve original path if referenced by frozen manifest
data/images/week1_v3/537212951088.webp,KEEP_REPRODUCIBILITY,数据/图片/事实单元是复现附件；不提交Git、不移动冻结split,DATA,54688,False,0,,e133ae14da22ac0f6bec9bbaf7c1fe0827b7376155d5e2d9e6e5efa5c02560f6,NONE; preserve original path if referenced by frozen manifest
data/images/week1_v3/537224240822.webp,KEEP_REPRODUCIBILITY,数据/图片/事实单元是复现附件；不提交Git、不移动冻结split,DATA,43190,False,0,,f7b6217f783f733d03c58d388a1648f922a5d2e4a7514eb1bf5327fd4b409a65,NONE; preserve original path if referenced by frozen manifest
data/images/week1_v3/537250040500.webp,KEEP_REPRODUCIBILITY,数据/图片/事实单元是复现附件；不提交Git、不移动冻结split,DATA,90918,False,0,,c78f90ff8534f84011093cf0d836671c4bf8cd2e9deea13a102513696e75c23d,NONE; preserve original path if referenced by frozen manifest
data/images/week1_v3/537371573076.webp,KEEP_REPRODUCIBILITY,数据/图片/事实单元是复现附件；不提交Git、不移动冻结split,DATA,102570,False,0,,53f22f4c6f6551c2dbf0b387a050b7358e201f32b6bac77cd05387f806e08a5b,NONE; preserve original path if referenced by frozen manifest
data/images/week1_v3/537406660548.webp,KEEP_REPRODUCIBILITY,数据/图片/事实单元是复现附件；不提交Git、不移动冻结split,DATA,51898,False,0,,156a7b5831d00d6adc6ae3262423ce35fb8a25d817c00b8e2526edb4c3bf0f9e,NONE; preserve original path if referenced by frozen manifest
data/images/week1_v3/537629443955.webp,KEEP_REPRODUCIBILITY,数据/图片/事实单元是复现附件；不提交Git、不移动冻结split,DATA,34912,False,0,,4802943efd7cc811cdfd19364aaa199e0a901193348e76549d028081ecbec285,NONE; preserve original path if referenced by frozen manifest
data/images/week1_v3/537657234112.webp,KEEP_REPRODUCIBILITY,数据/图片/事实单元是复现附件；不提交Git、不移动冻结split,DATA,67982,False,0,,20f7dd5f67fdca2bc2a4dc4afd8406842d5f45812ec24dee83f44a187c638877,NONE; preserve original path if referenced by frozen manifest
data/images/week1_v3/538257680817.webp,KEEP_REPRODUCIBILITY,数据/图片/事实单元是复现附件；不提交Git、不移动冻结split,DATA,67016,False,0,,62747896557c90bf4424a3955d3c4a855a97895dd0ec88ab22b58a0deefe430f,NONE; preserve original path if referenced by frozen manifest
data/images/week1_v3/538807041289.png,KEEP_REPRODUCIBILITY,数据/图片/事实单元是复现附件；不提交Git、不移动冻结split,DATA,155073,False,0,,426aa284f31175feda1f5e0a4ff66048af792f9b3a4d40ae3253f4d18abbc325,NONE; preserve original path if referenced by frozen manifest
data/images/week1_v3/538814909050.webp,KEEP_REPRODUCIBILITY,数据/图片/事实单元是复现附件；不提交Git、不移动冻结split,DATA,37612,False,0,,c6a59b93b3f6ac4e06f31cb27aad0e0bed9444989a2a0add80972d56ec9eb940,NONE; preserve original path if referenced by frozen manifest
data/images/week1_v3/538857849793.webp,KEEP_REPRODUCIBILITY,数据/图片/事实单元是复现附件；不提交Git、不移动冻结split,DATA,25402,False,0,,06459d13a716106ff9ce4a599bdc5971255ee3144987feff4d5c279bfa61baa8,NONE; preserve original path if referenced by frozen manifest
data/images/week1_v3/538947520763.webp,KEEP_REPRODUCIBILITY,数据/图片/事实单元是复现附件；不提交Git、不移动冻结split,DATA,117980,False,0,,7ce2e87bddfd98228412845fefb923ecd46871bf624e0a8da715163930743b7a,NONE; preserve original path if referenced by frozen manifest
data/images/week1_v3/539065416060.webp,KEEP_REPRODUCIBILITY,数据/图片/事实单元是复现附件；不提交Git、不移动冻结split,DATA,23656,False,0,,3c4c86ce7d3182bc99ce11c79026e40f0cbef726793b694f6856b9a5baac9d9d,NONE; preserve original path if referenced by frozen manifest
data/images/week1_v3/539161385296.webp,KEEP_REPRODUCIBILITY,数据/图片/事实单元是复现附件；不提交Git、不移动冻结split,DATA,43852,False,0,,31d1dbbc6c686082212330dbba2fd621c78310a1254357fd87767cc3836250e2,NONE; preserve original path if referenced by frozen manifest
data/images/week1_v3/539632654743.webp,KEEP_REPRODUCIBILITY,数据/图片/事实单元是复现附件；不提交Git、不移动冻结split,DATA,84830,False,0,,2b44a3cc75aa6bd83cefee66a80825f4bfdf5e521cd870b7a2570cc47c9cbb78,NONE; preserve original path if referenced by frozen manifest
data/images/week1_v3/540081981477.webp,KEEP_REPRODUCIBILITY,数据/图片/事实单元是复现附件；不提交Git、不移动冻结split,DATA,50636,False,0,,5a2191b51613a864f77bfd7a888b0d61ae32f706e5d508c3dd43a9124b6fe6d1,NONE; preserve original path if referenced by frozen manifest
data/images/week1_v3/540233789121.webp,KEEP_REPRODUCIBILITY,数据/图片/事实单元是复现附件；不提交Git、不移动冻结split,DATA,112668,False,0,,ff4731a8359370ac4fe180fb74dd7e0627247c35fcfdb12b5057015db1da8119,NONE; preserve original path if referenced by frozen manifest
data/images/week1_v3/540304335514.webp,KEEP_REPRODUCIBILITY,数据/图片/事实单元是复现附件；不提交Git、不移动冻结split,DATA,83922,False,0,,6db27c07f8e11018dff68fe574a321c41dfec095ab78e48f947d7c1c13bf186d,NONE; preserve original path if referenced by frozen manifest
data/images/week1_v3/540331184412.webp,KEEP_REPRODUCIBILITY,数据/图片/事实单元是复现附件；不提交Git、不移动冻结split,DATA,47622,False,0,,81a73b8568e353869ea26ebc9d3a3307ab80b765ca03a7d52de856dba8b5480d,NONE; preserve original path if referenced by frozen manifest
data/images/week1_v3/540337084330.webp,KEEP_REPRODUCIBILITY,数据/图片/事实单元是复现附件；不提交Git、不移动冻结split,DATA,69924,False,0,,6fd6a7ef1e887224380b11f3422eb6911784eb1cd4b5ae05ee884888fcbfa1a7,NONE; preserve original path if referenced by frozen manifest
data/images/week1_v3/540395966499.webp,KEEP_REPRODUCIBILITY,数据/图片/事实单元是复现附件；不提交Git、不移动冻结split,DATA,100650,False,0,,cc20caac93cc77520b51b972abc840a05ec2bc2175837775bb4412d31c24e75b,NONE; preserve original path if referenced by frozen manifest
data/images/week1_v3/540534317208.webp,KEEP_REPRODUCIBILITY,数据/图片/事实单元是复现附件；不提交Git、不移动冻结split,DATA,106438,False,0,,ed0c99fad3b34594d07d1ccf6a3c5f0eea665cadbe4e4dbac2a3f52e043a94c9,NONE; preserve original path if referenced by frozen manifest
data/images/week1_v3/540806693419.webp,KEEP_REPRODUCIBILITY,数据/图片/事实单元是复现附件；不提交Git、不移动冻结split,DATA,8060,False,0,,a0e1e8cbfbd66c0c4c5cf807b6cc44c31d288e940d2cb80b91dadc513c393171,NONE; preserve original path if referenced by frozen manifest
data/images/week1_v3/540808856680.webp,KEEP_REPRODUCIBILITY,数据/图片/事实单元是复现附件；不提交Git、不移动冻结split,DATA,67298,False,0,,4c5a375ae3b77fe7c593ab3d5e1f85fac8a3e00e8248cb87f543886a34e31cb3,NONE; preserve original path if referenced by frozen manifest
data/images/week1_v3/541013695692.webp,KEEP_REPRODUCIBILITY,数据/图片/事实单元是复现附件；不提交Git、不移动冻结split,DATA,71474,False,0,,50b16ba2685dfe9a9a4b1ce6a7d4500522501fddc648a7166ad8fe3e85df7ff1,NONE; preserve original path if referenced by frozen manifest
data/images/week1_v3/541140506208.webp,KEEP_REPRODUCIBILITY,数据/图片/事实单元是复现附件；不提交Git、不移动冻结split,DATA,145692,False,0,,6f6fa4256f34f668990d74e0430b99115bbfacb9084cf14ddacb86543569e499,NONE; preserve original path if referenced by frozen manifest
data/images/week1_v3/541235014168.webp,KEEP_REPRODUCIBILITY,数据/图片/事实单元是复现附件；不提交Git、不移动冻结split,DATA,90760,False,0,,00387af9896e9b512efa54725daf0a9fd22ba11d45ea273a97e6565f2a5f63ea,NONE; preserve original path if referenced by frozen manifest
data/images/week1_v3/541528357679.webp,KEEP_REPRODUCIBILITY,数据/图片/事实单元是复现附件；不提交Git、不移动冻结split,DATA,34146,False,0,,0d393347807cb0111a2d0c0139723d755dce57374b3e529304aa700024e8469a,NONE; preserve original path if referenced by frozen manifest
data/images/week1_v3/541992572115.webp,KEEP_REPRODUCIBILITY,数据/图片/事实单元是复现附件；不提交Git、不移动冻结split,DATA,67190,False,0,,408e49a59ebf635480eea435ebcdf6da4d543ea5ef65c731ac2ec2e7d22696e6,NONE; preserve original path if referenced by frozen manifest
data/images/week1_v3/542123769427.webp,KEEP_REPRODUCIBILITY,数据/图片/事实单元是复现附件；不提交Git、不移动冻结split,DATA,98696,False,0,,d1df3d18cd131c415bcaa91900646a4d0c1eae859972536a12cf5183e34a995c,NONE; preserve original path if referenced by frozen manifest
data/images/week1_v3/542128422570.webp,KEEP_REPRODUCIBILITY,数据/图片/事实单元是复现附件；不提交Git、不移动冻结split,DATA,94486,False,0,,66d0bce909e0a68e5c6e6f4009ee7b7a8993ef6fef7a574652fda5dbf2c95b27,NONE; preserve original path if referenced by frozen manifest
data/images/week1_v3/542186210709.webp,KEEP_REPRODUCIBILITY,数据/图片/事实单元是复现附件；不提交Git、不移动冻结split,DATA,94596,False,0,,cb867616d214c69db6f7827942954029d373351702f6def7d38ad9a9905a8107,NONE; preserve original path if referenced by frozen manifest
data/images/week1_v3/542386695834.webp,KEEP_REPRODUCIBILITY,数据/图片/事实单元是复现附件；不提交Git、不移动冻结split,DATA,93292,False,0,,4a8c403f5c94a173b750a6cff04ff4ce379a6830db330ea1156ec7b11e8192f8,NONE; preserve original path if referenced by frozen manifest
data/images/week1_v3/542409830987.webp,KEEP_REPRODUCIBILITY,数据/图片/事实单元是复现附件；不提交Git、不移动冻结split,DATA,64892,False,0,,e473d93352d7fadea6e338043fe2de7bad20f8c66bb50f2479729eaeddcf7cfd,NONE; preserve original path if referenced by frozen manifest
data/images/week1_v3/542434250250.webp,KEEP_REPRODUCIBILITY,数据/图片/事实单元是复现附件；不提交Git、不移动冻结split,DATA,51716,False,0,,355190bd2c75528e2070c95a644e3982bb9e0be4b637ccc3dc70757924f1c1ab,NONE; preserve original path if referenced by frozen manifest
data/images/week1_v3/542706509366.webp,KEEP_REPRODUCIBILITY,数据/图片/事实单元是复现附件；不提交Git、不移动冻结split,DATA,34972,False,0,,e92df362a2b68a58a506aed23880fc6fb3e6236fde60be42d4cd9e25a9e19ad1,NONE; preserve original path if referenced by frozen manifest
data/images/week1_v3/542766939102.webp,KEEP_REPRODUCIBILITY,数据/图片/事实单元是复现附件；不提交Git、不移动冻结split,DATA,92252,False,0,,b4ec2ff97799d001f2afbc479cedf44293b93503fca9e0553bd84ff74ba34b90,NONE; preserve original path if referenced by frozen manifest
data/images/week1_v3/542973572967.webp,KEEP_REPRODUCIBILITY,数据/图片/事实单元是复现附件；不提交Git、不移动冻结split,DATA,62144,False,0,,33abca05f601d44e3f2455210c35a5e1228893d31c8959bb0e4f1256c4183f7f,NONE; preserve original path if referenced by frozen manifest
data/images/week1_v3/542992257238.webp,KEEP_REPRODUCIBILITY,数据/图片/事实单元是复现附件；不提交Git、不移动冻结split,DATA,35264,False,0,,4fd10776c1ec133cfc1ec01fc33454442d1c90abae3594025bb2939592c6993b,NONE; preserve original path if referenced by frozen manifest
data/images/week1_v3/543027519143.webp,KEEP_REPRODUCIBILITY,数据/图片/事实单元是复现附件；不提交Git、不移动冻结split,DATA,108716,False,0,,01d80d03138d1583205e78bc888117337ea97c86dd5ea60e7f57c10b28d51eae,NONE; preserve original path if referenced by frozen manifest
data/images/week1_v3/543294864877.webp,KEEP_REPRODUCIBILITY,数据/图片/事实单元是复现附件；不提交Git、不移动冻结split,DATA,34820,False,0,,1a3948827bddcbbd4ce426b75c92a03ca1c2900131b3dae0d880fdcc30c81522,NONE; preserve original path if referenced by frozen manifest
data/images/week1_v3/543322473196.jpg,KEEP_REPRODUCIBILITY,数据/图片/事实单元是复现附件；不提交Git、不移动冻结split,DATA,114249,False,0,,985ba672522ba4a3025c7eb8430a7c84597282feca7a36328096fd6ba6d40fe0,NONE; preserve original path if referenced by frozen manifest
data/images/week1_v3/543414776246.webp,KEEP_REPRODUCIBILITY,数据/图片/事实单元是复现附件；不提交Git、不移动冻结split,DATA,64790,False,0,,783fca4fcf6bb154373a151099927f59a87dc790504e7653d68d7fc5210ccf2c,NONE; preserve original path if referenced by frozen manifest
data/images/week1_v3/543556617866.webp,KEEP_REPRODUCIBILITY,数据/图片/事实单元是复现附件；不提交Git、不移动冻结split,DATA,70466,False,0,,ed72295fcc271e13890e5a15eb78338988a1532478eec8a729a7882635e1e867,NONE; preserve original path if referenced by frozen manifest
data/images/week1_v3/543850386738.webp,KEEP_REPRODUCIBILITY,数据/图片/事实单元是复现附件；不提交Git、不移动冻结split,DATA,45726,False,0,,83130acfd2c838111a1305bc682cfd082d6862d9a44441ba3b259481e0f3fc03,NONE; preserve original path if referenced by frozen manifest
data/images/week1_v3/543851746446.webp,KEEP_REPRODUCIBILITY,数据/图片/事实单元是复现附件；不提交Git、不移动冻结split,DATA,81320,False,0,,a880ec06d461a3820913bfaf710ea6225c10ed948dac224d2debe52c36f0492d,NONE; preserve original path if referenced by frozen manifest
data/images/week1_v3/543857436768.webp,KEEP_REPRODUCIBILITY,数据/图片/事实单元是复现附件；不提交Git、不移动冻结split,DATA,56142,False,0,,a3354eb970c069e2f986ed7ff1c37426f9b482cd3e787eb9d7c04f4fb67a2628,NONE; preserve original path if referenced by frozen manifest
data/images/week1_v3/543904007085.webp,KEEP_REPRODUCIBILITY,数据/图片/事实单元是复现附件；不提交Git、不移动冻结split,DATA,31530,False,0,,801318e907903e0b10495e154170fb19427e52bf59e8668070afd060d99bbfea,NONE; preserve original path if referenced by frozen manifest
data/images/week1_v3/544095110521.webp,KEEP_REPRODUCIBILITY,数据/图片/事实单元是复现附件；不提交Git、不移动冻结split,DATA,136528,False,0,,50c5ff6350c9dcc4dab675181c8aeb31c84156280aee00ab36ae3f92a203cbd5,NONE; preserve original path if referenced by frozen manifest
data/images/week1_v3/544215262255.webp,KEEP_REPRODUCIBILITY,数据/图片/事实单元是复现附件；不提交Git、不移动冻结split,DATA,121836,False,0,,28ac46a51f457b8cbd347f7896aa565ed69003b614b052a9eca080847de4d9da,NONE; preserve original path if referenced by frozen manifest
data/images/week1_v3/544376053581.webp,KEEP_REPRODUCIBILITY,数据/图片/事实单元是复现附件；不提交Git、不移动冻结split,DATA,51990,False,0,,b4b8c124e0a44607e840cbd20de2b3e4eb873d0f8ef4774b22f4261bf1b97feb,NONE; preserve original path if referenced by frozen manifest
data/images/week1_v3/544548035658.webp,KEEP_REPRODUCIBILITY,数据/图片/事实单元是复现附件；不提交Git、不移动冻结split,DATA,63926,False,0,,0de43851688d92c29a4d6f46b3126e96ab010f0e9a5df7f8374c590015c66025,NONE; preserve original path if referenced by frozen manifest
data/images/week1_v3/544571250320.webp,KEEP_REPRODUCIBILITY,数据/图片/事实单元是复现附件；不提交Git、不移动冻结split,DATA,59950,False,0,,534b4883d4217d8fba80ca7f6d3f0eac9a4e6157b853856e9755f6c5d779d72f,NONE; preserve original path if referenced by frozen manifest
data/images/week1_v3/544694564403.webp,KEEP_REPRODUCIBILITY,数据/图片/事实单元是复现附件；不提交Git、不移动冻结split,DATA,63700,False,0,,6ba1b70d4156e5392c96632d4010184b4d54aa2268e7a7d8368479ae0ad23093,NONE; preserve original path if referenced by frozen manifest
data/images/week1_v3/544826941132.webp,KEEP_REPRODUCIBILITY,数据/图片/事实单元是复现附件；不提交Git、不移动冻结split,DATA,26220,False,0,,d0937405a3cc565535c0e813d34c81cece78a468ab0c83c8b6beec9af19b5f16,NONE; preserve original path if referenced by frozen manifest
data/images/week1_v3/544842872969.webp,KEEP_REPRODUCIBILITY,数据/图片/事实单元是复现附件；不提交Git、不移动冻结split,DATA,72022,False,0,,932a703dd86da81406291a47107965fb0cfdf0a46bc43b58de034e03b75e02ab,NONE; preserve original path if referenced by frozen manifest
data/images/week1_v3/544952808827.webp,KEEP_REPRODUCIBILITY,数据/图片/事实单元是复现附件；不提交Git、不移动冻结split,DATA,83324,False,0,,5b29f8fe7154d83d1b2cfa56c6797cce9aad9e802dc5b87d222cd0c4cc685c32,NONE; preserve original path if referenced by frozen manifest
data/images/week1_v3/545054019557.webp,KEEP_REPRODUCIBILITY,数据/图片/事实单元是复现附件；不提交Git、不移动冻结split,DATA,120868,False,0,,2b03dd1de1826431c4f1abe1c73c0f388f67dce8deb7e9f29aef152b68e1cfdf,NONE; preserve original path if referenced by frozen manifest
data/images/week1_v3/545593037598.webp,KEEP_REPRODUCIBILITY,数据/图片/事实单元是复现附件；不提交Git、不移动冻结split,DATA,65600,False,0,,2cf3f5e425670e6d5be616fdbde7b15df93c63b3c50d27356153a4bcf5953844,NONE; preserve original path if referenced by frozen manifest
data/images/week1_v3/546079527192.webp,KEEP_REPRODUCIBILITY,数据/图片/事实单元是复现附件；不提交Git、不移动冻结split,DATA,49908,False,0,,4c68841d2ee712d6da53df150b9e696f7ee3536b259f0e0da1e40bd0cf7aaa13,NONE; preserve original path if referenced by frozen manifest
data/images/week1_v3/546166996801.webp,KEEP_REPRODUCIBILITY,数据/图片/事实单元是复现附件；不提交Git、不移动冻结split,DATA,9328,False,0,,0610d1c96fb74bacd4141dfb156d357fad647e7c1c8869aa30d1537b23bab49f,NONE; preserve original path if referenced by frozen manifest
data/images/week1_v3/546543219991.webp,KEEP_REPRODUCIBILITY,数据/图片/事实单元是复现附件；不提交Git、不移动冻结split,DATA,62694,False,0,,0a1961867bb4f1b43ac2ca4ce91fb8f9d7f4bceddba5bcbb2698e0b5c5b94e1f,NONE; preserve original path if referenced by frozen manifest
data/images/week1_v3/546585884409.webp,KEEP_REPRODUCIBILITY,数据/图片/事实单元是复现附件；不提交Git、不移动冻结split,DATA,35452,False,0,,860d343c31276f27c6b4d8e0c98980375a525e64d1136ddbe0377dbcffac21e9,NONE; preserve original path if referenced by frozen manifest
data/images/week1_v3/546790924022.webp,KEEP_REPRODUCIBILITY,数据/图片/事实单元是复现附件；不提交Git、不移动冻结split,DATA,88716,False,0,,b84fea8cc0698e1d2d553f4716f454e97d3b33353f8f1ae468c4dcc09ba7318f,NONE; preserve original path if referenced by frozen manifest
data/images/week1_v3/547358931682.webp,KEEP_REPRODUCIBILITY,数据/图片/事实单元是复现附件；不提交Git、不移动冻结split,DATA,58500,False,0,,ce94cdfc3dfc5f592d103663710f2353bda06c297aa971bc65bad47b50d9db9f,NONE; preserve original path if referenced by frozen manifest
data/images/week1_v3/547390161591.webp,KEEP_REPRODUCIBILITY,数据/图片/事实单元是复现附件；不提交Git、不移动冻结split,DATA,64050,False,0,,152b7546677666bf13d777ec655e0d708cdcd4645d2fc13ed2a72f6d9d12f231,NONE; preserve original path if referenced by frozen manifest
data/images/week1_v3/547702894728.webp,KEEP_REPRODUCIBILITY,数据/图片/事实单元是复现附件；不提交Git、不移动冻结split,DATA,113072,False,0,,ab3566ce74d5c98a47972cf62ef57388416d7a62524892957d26ff65fdb2d58d,NONE; preserve original path if referenced by frozen manifest
data/images/week1_v3/547969224770.webp,KEEP_REPRODUCIBILITY,数据/图片/事实单元是复现附件；不提交Git、不移动冻结split,DATA,39142,False,0,,ddf1febcf9badbe717373f285dbb9bb5b7ea01bff83b6049da43f2e4624dbce9,NONE; preserve original path if referenced by frozen manifest
data/images/week1_v3/547995479552.webp,KEEP_REPRODUCIBILITY,数据/图片/事实单元是复现附件；不提交Git、不移动冻结split,DATA,25516,False,0,,dadd81a35e7fc96f34a94b1c10d3f04755df220f153e6ddad091597e70360e8a,NONE; preserve original path if referenced by frozen manifest
data/images/week1_v3/548484320885.webp,KEEP_REPRODUCIBILITY,数据/图片/事实单元是复现附件；不提交Git、不移动冻结split,DATA,26742,False,0,,d599d0a391173ab4bd61d3656458acbe36937574b9ef7d4337242235cee99599,NONE; preserve original path if referenced by frozen manifest
data/images/week1_v3/548696174829.webp,KEEP_REPRODUCIBILITY,数据/图片/事实单元是复现附件；不提交Git、不移动冻结split,DATA,61822,False,0,,8c83da5f483c87eb93fb8e67731b8649387594e1afa7d36bde0f28d6edf30549,NONE; preserve original path if referenced by frozen manifest
data/images/week1_v3/549151083557.webp,KEEP_REPRODUCIBILITY,数据/图片/事实单元是复现附件；不提交Git、不移动冻结split,DATA,161582,False,0,,7c3f14da6d2c987db2751155f15a30e53f468f012741f90bc572a1012061d8cc,NONE; preserve original path if referenced by frozen manifest
data/images/week1_v3/549473001962.webp,KEEP_REPRODUCIBILITY,数据/图片/事实单元是复现附件；不提交Git、不移动冻结split,DATA,87064,False,0,,94a7f62b7f8a641b248f0dfc80a754585f60387eb2cf3a57203a67967343c81d,NONE; preserve original path if referenced by frozen manifest
data/images/week1_v3/549585060731.webp,KEEP_REPRODUCIBILITY,数据/图片/事实单元是复现附件；不提交Git、不移动冻结split,DATA,11400,False,0,,5793b8cd07b77b6863200be98aecf96f87897f10e4c0314ec2a41f971c5b6786,NONE; preserve original path if referenced by frozen manifest
data/images/week1_v3/549599350351.webp,KEEP_REPRODUCIBILITY,数据/图片/事实单元是复现附件；不提交Git、不移动冻结split,DATA,31862,False,0,,bb1f5711c1e31b9ed06565ccc0d8332d671ea780b005d99dadf4ee469d3c5b28,NONE; preserve original path if referenced by frozen manifest
data/images/week1_v3/549658770770.webp,KEEP_REPRODUCIBILITY,数据/图片/事实单元是复现附件；不提交Git、不移动冻结split,DATA,123524,False,0,,67a34aac1e8dae2d434579259479993352676bf9096696adfc3edd846fe6cab8,NONE; preserve original path if referenced by frozen manifest
data/images/week1_v3/550418166280.webp,KEEP_REPRODUCIBILITY,数据/图片/事实单元是复现附件；不提交Git、不移动冻结split,DATA,33372,False,0,,60dfc15771cbd7a7b157fc19e8e53e4274c2694343945a2e19b9770106e367cd,NONE; preserve original path if referenced by frozen manifest
data/images/week1_v3/550824636469.webp,KEEP_REPRODUCIBILITY,数据/图片/事实单元是复现附件；不提交Git、不移动冻结split,DATA,68618,False,0,,6b4a5bfdd30496f8d2a68523f45f12f86fdb6d0ff50235e13dbffdbcb1a920cf,NONE; preserve original path if referenced by frozen manifest
data/images/week1_v3/550858221146.webp,KEEP_REPRODUCIBILITY,数据/图片/事实单元是复现附件；不提交Git、不移动冻结split,DATA,156638,False,0,,75855003e2e583c8d7e7f50520c24a2085bdb3223099c92dc55cecfea85826db,NONE; preserve original path if referenced by frozen manifest
data/images/week1_v3/550966965768.webp,KEEP_REPRODUCIBILITY,数据/图片/事实单元是复现附件；不提交Git、不移动冻结split,DATA,107866,False,0,,8af827b93f757543443ac1e7a5c8f059835cb626af69c17e1713c9534fe8ac5b,NONE; preserve original path if referenced by frozen manifest
data/images/week1_v3/551061488942.webp,KEEP_REPRODUCIBILITY,数据/图片/事实单元是复现附件；不提交Git、不移动冻结split,DATA,67232,False,0,,a41f606679e5cec04aa1fab72a13c91c011e16bdbdd9ea7914084b50e90a7fbe,NONE; preserve original path if referenced by frozen manifest
data/images/week1_v3/551083388572.webp,KEEP_REPRODUCIBILITY,数据/图片/事实单元是复现附件；不提交Git、不移动冻结split,DATA,50522,False,0,,0dc52db997deebe02470a223fed6b33888d8c0bc171b4f01443aa4c5fa16f117,NONE; preserve original path if referenced by frozen manifest
data/images/week1_v3/551342799343.jpg,KEEP_REPRODUCIBILITY,数据/图片/事实单元是复现附件；不提交Git、不移动冻结split,DATA,328003,False,0,,31b14cbd146c05d03fc22acd3389533249b3474a41de15ee5465e1abc62f1bfe,NONE; preserve original path if referenced by frozen manifest
data/images/week1_v3/551505692433.webp,KEEP_REPRODUCIBILITY,数据/图片/事实单元是复现附件；不提交Git、不移动冻结split,DATA,90550,False,0,,3e17a3b94a9f8f7606e0029065d79e057b1f05b87199759b8022730f6b3f2102,NONE; preserve original path if referenced by frozen manifest
data/images/week1_v3/552025795571.webp,KEEP_REPRODUCIBILITY,数据/图片/事实单元是复现附件；不提交Git、不移动冻结split,DATA,78176,False,0,,4a1920ab84c6b769b84329d0c60024a6b693632a60c2370c399643eb97eb8684,NONE; preserve original path if referenced by frozen manifest
data/images/week1_v3/552243788983.webp,KEEP_REPRODUCIBILITY,数据/图片/事实单元是复现附件；不提交Git、不移动冻结split,DATA,59084,False,0,,adc45b9230ae256d4c6ba07b7b4b42b6814e9651c2e959faef6d1824e3a13afd,NONE; preserve original path if referenced by frozen manifest
data/images/week1_v3/552303156474.webp,KEEP_REPRODUCIBILITY,数据/图片/事实单元是复现附件；不提交Git、不移动冻结split,DATA,46002,False,0,,0c04229863424cf048172925c5e43d3c239dcf59f15545b227f3f0eeec7f8042,NONE; preserve original path if referenced by frozen manifest
data/images/week1_v3/552715032464.webp,KEEP_REPRODUCIBILITY,数据/图片/事实单元是复现附件；不提交Git、不移动冻结split,DATA,67942,False,0,,026fe76cf61cef5bca59cbb50c81187dd9fcf659a96cd771364884b972649b11,NONE; preserve original path if referenced by frozen manifest
data/images/week1_v3/552823859388.webp,KEEP_REPRODUCIBILITY,数据/图片/事实单元是复现附件；不提交Git、不移动冻结split,DATA,54456,False,0,,02b433ead7123661775fd1eb129d10f2ff11c6b84e73f6ae692b348d93837f98,NONE; preserve original path if referenced by frozen manifest
data/images/week1_v3/552912505368.webp,KEEP_REPRODUCIBILITY,数据/图片/事实单元是复现附件；不提交Git、不移动冻结split,DATA,99414,False,0,,d8fbeb2eb4ed5d0870ad9e77139de59bc6a0dbabef2cb862b43cb727e40acefe,NONE; preserve original path if referenced by frozen manifest
data/images/week1_v3/553325797645.webp,KEEP_REPRODUCIBILITY,数据/图片/事实单元是复现附件；不提交Git、不移动冻结split,DATA,203340,False,0,,c2169b6ae9f67e0a3784b5f795d3997520559c110767b780f3f776ec354757ae,NONE; preserve original path if referenced by frozen manifest
data/images/week1_v3/553419918614.webp,KEEP_REPRODUCIBILITY,数据/图片/事实单元是复现附件；不提交Git、不移动冻结split,DATA,294974,False,0,,940a4a28dc5cb56637d0bd2ec484b20b63bd5f9747f5a4bf558a633665882b67,NONE; preserve original path if referenced by frozen manifest
data/images/week1_v3/553447190938.webp,KEEP_REPRODUCIBILITY,数据/图片/事实单元是复现附件；不提交Git、不移动冻结split,DATA,78674,False,0,,bb21722428ac15bbdcca8d21ad80112b5a12c5505bfb93f97b97eac7fd988042,NONE; preserve original path if referenced by frozen manifest
data/images/week1_v3/553644394673.webp,KEEP_REPRODUCIBILITY,数据/图片/事实单元是复现附件；不提交Git、不移动冻结split,DATA,27490,False,0,,403798810874539ef7779e0e2e6e108e42d56df56ba8cf5eca6fdb62ea4929e6,NONE; preserve original path if referenced by frozen manifest
data/images/week1_v3/553677474202.webp,KEEP_REPRODUCIBILITY,数据/图片/事实单元是复现附件；不提交Git、不移动冻结split,DATA,64420,False,0,,f979bb969d74652dc146822121034c28fbd4d06cf1c7362c87f8b2b6a5e8247d,NONE; preserve original path if referenced by frozen manifest
data/images/week1_v3/553843861032.jpg,KEEP_REPRODUCIBILITY,数据/图片/事实单元是复现附件；不提交Git、不移动冻结split,DATA,312549,False,0,,9c52d591e7884d61f7d3fc3c9c3495cc46d17d40adc1a0e3da7d828d2ba3dab5,NONE; preserve original path if referenced by frozen manifest
data/images/week1_v3/553939959802.webp,KEEP_REPRODUCIBILITY,数据/图片/事实单元是复现附件；不提交Git、不移动冻结split,DATA,38580,False,0,,a4ad65afe0f94e788dde983de77bdbce72cfe81585d4e202795d973c22453fe8,NONE; preserve original path if referenced by frozen manifest
data/images/week1_v3/553954101662.webp,KEEP_REPRODUCIBILITY,数据/图片/事实单元是复现附件；不提交Git、不移动冻结split,DATA,90734,False,0,,08fe0756f2ea81fe416ef21924c1e17e57c3042a191224d2498a05aa1f7f8ae7,NONE; preserve original path if referenced by frozen manifest
data/images/week1_v3/554043647027.webp,KEEP_REPRODUCIBILITY,数据/图片/事实单元是复现附件；不提交Git、不移动冻结split,DATA,88026,False,0,,1f1a977c0ee69ea3098a5809494422cbdf8db21718a1966ced344121d77ef2a6,NONE; preserve original path if referenced by frozen manifest
data/images/week1_v3/554149826498.webp,KEEP_REPRODUCIBILITY,数据/图片/事实单元是复现附件；不提交Git、不移动冻结split,DATA,67084,False,0,,13ac797dd57f64256a572118d1c26d6af74d2407b3298e6bcb08a403f5a343f8,NONE; preserve original path if referenced by frozen manifest
data/images/week1_v3/554500424555.webp,KEEP_REPRODUCIBILITY,数据/图片/事实单元是复现附件；不提交Git、不移动冻结split,DATA,72350,False,0,,3e3081cbba35d87ae6f7f18d16c9718acfbbe49d415c4a486908ff9262bd3055,NONE; preserve original path if referenced by frozen manifest
data/images/week1_v3/554553278267.webp,KEEP_REPRODUCIBILITY,数据/图片/事实单元是复现附件；不提交Git、不移动冻结split,DATA,70062,False,0,,f8d0c5338be1faa286a6c1411f369652e2767a57054cd85b79269012d0e17a25,NONE; preserve original path if referenced by frozen manifest
data/images/week1_v3/554580814674.webp,KEEP_REPRODUCIBILITY,数据/图片/事实单元是复现附件；不提交Git、不移动冻结split,DATA,57612,False,0,,c50fd0ae4b770417df925d3c6533beb5122dcdcd2648585c1f5118e470c68ac9,NONE; preserve original path if referenced by frozen manifest
data/images/week1_v3/554794544180.webp,KEEP_REPRODUCIBILITY,数据/图片/事实单元是复现附件；不提交Git、不移动冻结split,DATA,225152,False,0,,58731757e78293465fa96e70897f5fe820c90d49d5d51be45b1ec4b1ffa3e31e,NONE; preserve original path if referenced by frozen manifest
data/images/week1_v3/555366411509.webp,KEEP_REPRODUCIBILITY,数据/图片/事实单元是复现附件；不提交Git、不移动冻结split,DATA,7436,False,0,,f5a5716299c96a51e0ab23065f054f0ff558dacb41fe569abbd4aadb557218a5,NONE; preserve original path if referenced by frozen manifest
data/images/week1_v3/555758245791.jpg,KEEP_REPRODUCIBILITY,数据/图片/事实单元是复现附件；不提交Git、不移动冻结split,DATA,217130,False,0,,f94934b7001e9839bcab7b0b8b22051d9e44e74ae1a05c7fc8cacbdaf3e7b028,NONE; preserve original path if referenced by frozen manifest
data/images/week1_v3/555819164177.webp,KEEP_REPRODUCIBILITY,数据/图片/事实单元是复现附件；不提交Git、不移动冻结split,DATA,198254,False,0,,86562fddf6cb56806a14c6f7ccd2aa891ba2ad4ae82f791d5bbb3b131713c289,NONE; preserve original path if referenced by frozen manifest
data/images/week1_v3/555834791678.webp,KEEP_REPRODUCIBILITY,数据/图片/事实单元是复现附件；不提交Git、不移动冻结split,DATA,63872,False,0,,1ffdba06ba901d8377f062d3aec020659bc57540803261c88b2876b2f8ce3101,NONE; preserve original path if referenced by frozen manifest
data/images/week1_v3/555883780490.jpg,KEEP_REPRODUCIBILITY,数据/图片/事实单元是复现附件；不提交Git、不移动冻结split,DATA,94057,False,0,,24dd6482b29344bba81924031090267e147dd7285c83333d9eb770e3c7feee3f,NONE; preserve original path if referenced by frozen manifest
data/images/week1_v3/556008515366.webp,KEEP_REPRODUCIBILITY,数据/图片/事实单元是复现附件；不提交Git、不移动冻结split,DATA,117124,False,0,,d573d167f6631cdd57e822fe1278a9726231f59ba3693c218a731c734b650130,NONE; preserve original path if referenced by frozen manifest
data/images/week1_v3/556101083952.webp,KEEP_REPRODUCIBILITY,数据/图片/事实单元是复现附件；不提交Git、不移动冻结split,DATA,65874,False,0,,29400d3e61bbeffd2fb447d912085ca5d9ecd8448a848350fa563adf896870dc,NONE; preserve original path if referenced by frozen manifest
data/images/week1_v3/556177070013.webp,KEEP_REPRODUCIBILITY,数据/图片/事实单元是复现附件；不提交Git、不移动冻结split,DATA,63956,False,0,,a1584b38f2048a91ac31d3b79e1234b8fbeeae9a58dfba76330d467dd351e6b3,NONE; preserve original path if referenced by frozen manifest
data/images/week1_v3/556245210015.webp,KEEP_REPRODUCIBILITY,数据/图片/事实单元是复现附件；不提交Git、不移动冻结split,DATA,74712,False,0,,1850069ef8603a7958a7de18376a7835c16348fb5cadf3c14c0d8df9f021139f,NONE; preserve original path if referenced by frozen manifest
data/images/week1_v3/556323099133.webp,KEEP_REPRODUCIBILITY,数据/图片/事实单元是复现附件；不提交Git、不移动冻结split,DATA,132050,False,0,,ab37c62f4cff47a20a846f91378068e069d2d0e2ffec4cb6b0c63abd335e2b3b,NONE; preserve original path if referenced by frozen manifest
data/images/week1_v3/556404503382.webp,KEEP_REPRODUCIBILITY,数据/图片/事实单元是复现附件；不提交Git、不移动冻结split,DATA,61672,False,0,,b559765f549af70df324a3546e79954fc0815212cf55d6143cdfff9ec8f8efc6,NONE; preserve original path if referenced by frozen manifest
data/images/week1_v3/556477143729.webp,KEEP_REPRODUCIBILITY,数据/图片/事实单元是复现附件；不提交Git、不移动冻结split,DATA,66840,False,0,,c30ee8787edc5e7dd3c5d9c9f682099377b073a83ee7889554b5a7ae1d5e2a89,NONE; preserve original path if referenced by frozen manifest
data/images/week1_v3/556484728603.webp,KEEP_REPRODUCIBILITY,数据/图片/事实单元是复现附件；不提交Git、不移动冻结split,DATA,51042,False,0,,6a3b56ee067632fadeb34ab34fa5550b5ed07d5ce75b67f5c09cbc21e18d38f3,NONE; preserve original path if referenced by frozen manifest
data/images/week1_v3/556520273515.jpg,KEEP_REPRODUCIBILITY,数据/图片/事实单元是复现附件；不提交Git、不移动冻结split,DATA,81936,False,0,,21326b84d08b5f524c9cf6b4bd7ee681358b4f0eb50e29263d56b64297a4326d,NONE; preserve original path if referenced by frozen manifest
data/images/week1_v3/556790081357.webp,KEEP_REPRODUCIBILITY,数据/图片/事实单元是复现附件；不提交Git、不移动冻结split,DATA,105792,False,0,,957eaf9ed3e8730f9c719bffb1cac6bf8b500c991b14ff9a9845abcdad461984,NONE; preserve original path if referenced by frozen manifest
data/images/week1_v3/556909826903.webp,KEEP_REPRODUCIBILITY,数据/图片/事实单元是复现附件；不提交Git、不移动冻结split,DATA,103930,False,0,,62bb20307569def0efaadee8fb17274ca3d4e2083ae6f38ed1c4b7419870bd3e,NONE; preserve original path if referenced by frozen manifest
data/images/week1_v3/556912823177.webp,KEEP_REPRODUCIBILITY,数据/图片/事实单元是复现附件；不提交Git、不移动冻结split,DATA,11406,False,0,,dfc895e0ec351ff31977adcdd37a783375dbe371735c784e06e378e4979c4396,NONE; preserve original path if referenced by frozen manifest
data/images/week1_v3/556924309540.webp,KEEP_REPRODUCIBILITY,数据/图片/事实单元是复现附件；不提交Git、不移动冻结split,DATA,21064,False,0,,eda805e51facc777da8f9f37a402bd476000e68a883e6e1432853c9769feda59,NONE; preserve original path if referenced by frozen manifest
data/images/week1_v3/556999486622.webp,KEEP_REPRODUCIBILITY,数据/图片/事实单元是复现附件；不提交Git、不移动冻结split,DATA,76756,False,0,,ea532b37626f0c5d64c917a9134c1a78d7944738721052ec35c36a220f9dc8bd,NONE; preserve original path if referenced by frozen manifest
data/images/week1_v3/557116127845.webp,KEEP_REPRODUCIBILITY,数据/图片/事实单元是复现附件；不提交Git、不移动冻结split,DATA,68744,False,0,,a5e105870d8f419360ab0649481ebd8a48e6d98f36d0a0ecb74e98f5dea82033,NONE; preserve original path if referenced by frozen manifest
data/images/week1_v3/557126348971.webp,KEEP_REPRODUCIBILITY,数据/图片/事实单元是复现附件；不提交Git、不移动冻结split,DATA,44758,False,0,,2874ae8cc748814c5b389b440573868b2be40bc103e23e29b32352f79f94bd41,NONE; preserve original path if referenced by frozen manifest
data/images/week1_v3/557146667779.webp,KEEP_REPRODUCIBILITY,数据/图片/事实单元是复现附件；不提交Git、不移动冻结split,DATA,39284,False,0,,81936ff39fced04c679dc729c966f17619b1541819e4c362e014f30ffd1a5518,NONE; preserve original path if referenced by frozen manifest
data/images/week1_v3/557194913865.webp,KEEP_REPRODUCIBILITY,数据/图片/事实单元是复现附件；不提交Git、不移动冻结split,DATA,68226,False,0,,cd8aa9bd7b49a80e43527fa2e3b83be4fc6fe62290f10c49bbe4447ee2d886db,NONE; preserve original path if referenced by frozen manifest
data/images/week1_v3/557199262485.webp,KEEP_REPRODUCIBILITY,数据/图片/事实单元是复现附件；不提交Git、不移动冻结split,DATA,130678,False,0,,0b2407de7d4773d04e93ae1e9d3488a164d7ed033f5a0fa748b01d6adcfa7921,NONE; preserve original path if referenced by frozen manifest
data/images/week1_v3/557231926313.webp,KEEP_REPRODUCIBILITY,数据/图片/事实单元是复现附件；不提交Git、不移动冻结split,DATA,83680,False,0,,ed1fd37bb37f7a448479bf73075e08308d26b660e27acefc857523a9cbee94b0,NONE; preserve original path if referenced by frozen manifest
data/images/week1_v3/557274473968.webp,KEEP_REPRODUCIBILITY,数据/图片/事实单元是复现附件；不提交Git、不移动冻结split,DATA,51682,False,0,,9091781d74d212b21208f342cf7e547cd50f9f7d22693580d70025fbb93e23f2,NONE; preserve original path if referenced by frozen manifest
data/images/week1_v3/557305249491.webp,KEEP_REPRODUCIBILITY,数据/图片/事实单元是复现附件；不提交Git、不移动冻结split,DATA,29334,False,0,,e4d84d5544ca1c2b1cef9f5a1d36d64da1ec53782e2242cb0c2db8f79a94cf69,NONE; preserve original path if referenced by frozen manifest
data/images/week1_v3/557414216305.webp,KEEP_REPRODUCIBILITY,数据/图片/事实单元是复现附件；不提交Git、不移动冻结split,DATA,50116,False,0,,9da758b4fa79e0611d181626c46e3e1c7515e294c9a81dfecd4c6ddddd873544,NONE; preserve original path if referenced by frozen manifest
data/images/week1_v3/557547750723.webp,KEEP_REPRODUCIBILITY,数据/图片/事实单元是复现附件；不提交Git、不移动冻结split,DATA,105926,False,0,,05b750e78591fa45ba661c8f6c7df6d24186ba269c7389f8f6fe00bca86dee2b,NONE; preserve original path if referenced by frozen manifest
data/images/week1_v3/557789451250.jpg,KEEP_REPRODUCIBILITY,数据/图片/事实单元是复现附件；不提交Git、不移动冻结split,DATA,279296,False,0,,7a9a281df3565a92259d3bc07b9bb1a29d3fd43c189b6b8b292414002d3af3c0,NONE; preserve original path if referenced by frozen manifest
data/images/week1_v3/557956882210.webp,KEEP_REPRODUCIBILITY,数据/图片/事实单元是复现附件；不提交Git、不移动冻结split,DATA,24418,False,0,,1a77271ab29ba1bbf1e11cb2b74e4d55ca66a7d3b82523f5e29d71b92d83c115,NONE; preserve original path if referenced by frozen manifest
data/images/week1_v3/558005790402.webp,KEEP_REPRODUCIBILITY,数据/图片/事实单元是复现附件；不提交Git、不移动冻结split,DATA,42002,False,0,,140b777b0e3765fc27fd6b5ba445c7674fb7b435fc1562c2c6486b20c8162fb6,NONE; preserve original path if referenced by frozen manifest
data/images/week1_v3/558270117711.webp,KEEP_REPRODUCIBILITY,数据/图片/事实单元是复现附件；不提交Git、不移动冻结split,DATA,37282,False,0,,e3a807056514f7983b9de2a08d404dc001f93466ebdb3d8b19ab45bf0d4fd694,NONE; preserve original path if referenced by frozen manifest
data/images/week1_v3/558371625370.png,KEEP_REPRODUCIBILITY,数据/图片/事实单元是复现附件；不提交Git、不移动冻结split,DATA,157038,False,0,,0e971e99e02bf86ca193697cbf5c6ea961ca769be1cfcfdc605f8b5937a19c8a,NONE; preserve original path if referenced by frozen manifest
data/images/week1_v3/558448633117.webp,KEEP_REPRODUCIBILITY,数据/图片/事实单元是复现附件；不提交Git、不移动冻结split,DATA,112678,False,0,,1c10de1b8cf552897a163d0b12c1c2a411c76eaa932165ab93d98447d2203715,NONE; preserve original path if referenced by frozen manifest
data/images/week1_v3/558550605843.webp,KEEP_REPRODUCIBILITY,数据/图片/事实单元是复现附件；不提交Git、不移动冻结split,DATA,51488,False,0,,2c7ed6193bf552fcb9479e767461ff42e6d0053ad5de5986b2e56833017f8093,NONE; preserve original path if referenced by frozen manifest
data/images/week1_v3/558642897514.webp,KEEP_REPRODUCIBILITY,数据/图片/事实单元是复现附件；不提交Git、不移动冻结split,DATA,86686,False,0,,c9a7f2ae164df456b1dafb2e9861a8bad80d037b5c906870bc2dc0b937e8e21d,NONE; preserve original path if referenced by frozen manifest
data/images/week1_v3/558683001670.jpg,KEEP_REPRODUCIBILITY,数据/图片/事实单元是复现附件；不提交Git、不移动冻结split,DATA,245135,False,0,,b20ebe12cf904167b8e11df68185e00c11ba7caeb5f022d2ee966f96a16b3a28,NONE; preserve original path if referenced by frozen manifest
data/images/week1_v3/558691254461.webp,KEEP_REPRODUCIBILITY,数据/图片/事实单元是复现附件；不提交Git、不移动冻结split,DATA,107494,False,0,,f92cf8761bf41442821c54eb6d6e9a8864e35cc099c095007d28ec93cdc5d83a,NONE; preserve original path if referenced by frozen manifest
data/images/week1_v3/558753323097.webp,KEEP_REPRODUCIBILITY,数据/图片/事实单元是复现附件；不提交Git、不移动冻结split,DATA,40286,False,0,,c79f92b185ae8e83ff98b9b215a0795d08ccbadef81f541517d46c10b8d563e8,NONE; preserve original path if referenced by frozen manifest
data/images/week1_v3/558852510046.webp,KEEP_REPRODUCIBILITY,数据/图片/事实单元是复现附件；不提交Git、不移动冻结split,DATA,123148,False,0,,ddd97409b68ba06b4d3ab6458dd6ef15cf18db09d1c3a7cd34ead33c06e67c5f,NONE; preserve original path if referenced by frozen manifest
data/images/week1_v3/558895854325.webp,KEEP_REPRODUCIBILITY,数据/图片/事实单元是复现附件；不提交Git、不移动冻结split,DATA,19742,False,0,,c4bbea7c2f46b1cab5a08cc59c38ccd2be252c4e3db0279683000e7416fdb944,NONE; preserve original path if referenced by frozen manifest
data/images/week1_v3/558909494363.webp,KEEP_REPRODUCIBILITY,数据/图片/事实单元是复现附件；不提交Git、不移动冻结split,DATA,21602,False,0,,d087643b0b6c83e85957151cb1da21e217957874d749600fd1bb5e5e7023f0c6,NONE; preserve original path if referenced by frozen manifest
data/images/week1_v3/559002367243.webp,KEEP_REPRODUCIBILITY,数据/图片/事实单元是复现附件；不提交Git、不移动冻结split,DATA,37394,False,0,,4ea4864790a1b6a940ec49910707911b67174f6aa81189b9ea1d4edfb865830e,NONE; preserve original path if referenced by frozen manifest
data/images/week1_v3/559163599708.webp,KEEP_REPRODUCIBILITY,数据/图片/事实单元是复现附件；不提交Git、不移动冻结split,DATA,54488,False,0,,ffc027c1ce6109936a25a48486f94c841038cb2e26420a44c5b875e613fc51f3,NONE; preserve original path if referenced by frozen manifest
data/images/week1_v3/559294360849.webp,KEEP_REPRODUCIBILITY,数据/图片/事实单元是复现附件；不提交Git、不移动冻结split,DATA,73702,False,0,,17547e77334194fc7ed823a33b8dd1051ed2eaa073ec82c902e4cb6644385131,NONE; preserve original path if referenced by frozen manifest
data/images/week1_v3/559329008070.webp,KEEP_REPRODUCIBILITY,数据/图片/事实单元是复现附件；不提交Git、不移动冻结split,DATA,76850,False,0,,ecf3b7d9955240425212a3d0d2501bd41bf000587569749bca578fabf863d5dc,NONE; preserve original path if referenced by frozen manifest
data/images/week1_v3/559348202154.webp,KEEP_REPRODUCIBILITY,数据/图片/事实单元是复现附件；不提交Git、不移动冻结split,DATA,63902,False,0,,2da50a48fa7374be8a925696dc1832309b56d3c147199cd4fcd1c5dc75770a5e,NONE; preserve original path if referenced by frozen manifest
data/images/week1_v3/559431906752.webp,KEEP_REPRODUCIBILITY,数据/图片/事实单元是复现附件；不提交Git、不移动冻结split,DATA,55116,False,0,,02be5d2b7495c8921b74c78dfe286cc8343d4688ee3afcab3453aaf76fc7ee48,NONE; preserve original path if referenced by frozen manifest
data/images/week1_v3/559445355611.jpg,KEEP_REPRODUCIBILITY,数据/图片/事实单元是复现附件；不提交Git、不移动冻结split,DATA,216825,False,0,,8ac5616d22c8f24db180b80072b9dd04fa63af5c3f681b64498a59915386945a,NONE; preserve original path if referenced by frozen manifest
data/images/week1_v3/559476015218.webp,KEEP_REPRODUCIBILITY,数据/图片/事实单元是复现附件；不提交Git、不移动冻结split,DATA,35936,False,0,,8a2ca6bebb006e2b2496f8ce2324a59f9705f0a9d5555b0f56159dff81d7d33c,NONE; preserve original path if referenced by frozen manifest
data/images/week1_v3/559530161916.webp,KEEP_REPRODUCIBILITY,数据/图片/事实单元是复现附件；不提交Git、不移动冻结split,DATA,45622,False,0,,a207b169c0c005000849416489bfa2558a127fae5422dd9cb3b3d673261615dc,NONE; preserve original path if referenced by frozen manifest
data/images/week1_v3/559591636890.webp,KEEP_REPRODUCIBILITY,数据/图片/事实单元是复现附件；不提交Git、不移动冻结split,DATA,71246,False,0,,b78e88274d4f97c94f9aac80562a29b4058f0413d860842b79deb1820b97a66a,NONE; preserve original path if referenced by frozen manifest
data/images/week1_v3/559618141482.webp,KEEP_REPRODUCIBILITY,数据/图片/事实单元是复现附件；不提交Git、不移动冻结split,DATA,56162,False,0,,50d5a9508a408842c11e5a649e6574ae75e965be335dd636c5115bdeddc2f5f7,NONE; preserve original path if referenced by frozen manifest
data/images/week1_v3/559685535453.webp,KEEP_REPRODUCIBILITY,数据/图片/事实单元是复现附件；不提交Git、不移动冻结split,DATA,103388,False,0,,8ce33b5146f9b0736fda4fbe07ed629f00b1e33a144fb58b1fc384e153ec1d66,NONE; preserve original path if referenced by frozen manifest
data/images/week1_v3/559717136702.webp,KEEP_REPRODUCIBILITY,数据/图片/事实单元是复现附件；不提交Git、不移动冻结split,DATA,63812,False,0,,c156704c6ecf153d3c1e43c7d93ec8cf720adad4b215fa5ac4fc88c8bb151bfa,NONE; preserve original path if referenced by frozen manifest
data/images/week1_v3/559730066597.webp,KEEP_REPRODUCIBILITY,数据/图片/事实单元是复现附件；不提交Git、不移动冻结split,DATA,82270,False,0,,aa25a62895ab29d6b8aa75576880337eb188743112a2a1b2e8796e455c0f3b83,NONE; preserve original path if referenced by frozen manifest
data/images/week1_v3/559838067432.webp,KEEP_REPRODUCIBILITY,数据/图片/事实单元是复现附件；不提交Git、不移动冻结split,DATA,55890,False,0,,ad661c648076b31b9521a688b75a67c226748f75c1d62bcaff03439366759d2f,NONE; preserve original path if referenced by frozen manifest
data/images/week1_v3/559871233580.webp,KEEP_REPRODUCIBILITY,数据/图片/事实单元是复现附件；不提交Git、不移动冻结split,DATA,69274,False,0,,9905b1574c75e5ee9fc3855804b16467e9de6c8bb71637a8837078fb8f84f7b5,NONE; preserve original path if referenced by frozen manifest
data/images/week1_v3/559886818098.webp,KEEP_REPRODUCIBILITY,数据/图片/事实单元是复现附件；不提交Git、不移动冻结split,DATA,121750,False,0,,7a2b2a6ed0ca7120e3d1bf08f125eeb670d47045a72b9a0b3f2110f73ac0cc80,NONE; preserve original path if referenced by frozen manifest
data/images/week1_v3/559887711431.webp,KEEP_REPRODUCIBILITY,数据/图片/事实单元是复现附件；不提交Git、不移动冻结split,DATA,90534,False,0,,c45f760e31e7ddc092cd27129df6fa4cb4cbcdb1a027648489272f43857c4917,NONE; preserve original path if referenced by frozen manifest
data/images/week1_v3/559969203196.webp,KEEP_REPRODUCIBILITY,数据/图片/事实单元是复现附件；不提交Git、不移动冻结split,DATA,41456,False,0,,14e32c1297cea8de395c8354f406c52a9a70a5f82ef0c1f0fe8b10ff1b57d0ec,NONE; preserve original path if referenced by frozen manifest
data/images/week1_v3/559980029873.webp,KEEP_REPRODUCIBILITY,数据/图片/事实单元是复现附件；不提交Git、不移动冻结split,DATA,18346,False,0,,899da7292a35a6dcc82f8576e2f332f4f9f82319687386a07bffdac1132eb156,NONE; preserve original path if referenced by frozen manifest
data/images/week1_v3/560032822520.webp,KEEP_REPRODUCIBILITY,数据/图片/事实单元是复现附件；不提交Git、不移动冻结split,DATA,40100,False,0,,a0f1d2e6906dfa5041b78c31bdb729c3da92b322a95c819c8c40173a3fb4e9c1,NONE; preserve original path if referenced by frozen manifest
data/images/week1_v3/560129486775.webp,KEEP_REPRODUCIBILITY,数据/图片/事实单元是复现附件；不提交Git、不移动冻结split,DATA,47482,False,0,,9f3f1f71b6cce58ab254587aa85a03778d0433b58331e90a789f1e699863155d,NONE; preserve original path if referenced by frozen manifest
data/images/week1_v3/560142904030.webp,KEEP_REPRODUCIBILITY,数据/图片/事实单元是复现附件；不提交Git、不移动冻结split,DATA,37348,False,0,,c1c34d6b5362682367a825550e690079487d8f396b73e591c645c3a38ace2968,NONE; preserve original path if referenced by frozen manifest
data/images/week1_v3/560184904444.webp,KEEP_REPRODUCIBILITY,数据/图片/事实单元是复现附件；不提交Git、不移动冻结split,DATA,46470,False,0,,30c71b08ebd16f0339dd6ec07cacffa179d959a6f179701e77320d27ff9b8bf5,NONE; preserve original path if referenced by frozen manifest
data/images/week1_v3/560266547236.webp,KEEP_REPRODUCIBILITY,数据/图片/事实单元是复现附件；不提交Git、不移动冻结split,DATA,30128,False,0,,68815aaf19172842a55e26d8f455aacd073371ada98c47d92c56d20b83e76a29,NONE; preserve original path if referenced by frozen manifest
data/images/week1_v3/560283079059.webp,KEEP_REPRODUCIBILITY,数据/图片/事实单元是复现附件；不提交Git、不移动冻结split,DATA,193296,False,0,,476afac98a8182fce2fae525d441d65c28020142d2c3dd79ceb0c2c7691fda84,NONE; preserve original path if referenced by frozen manifest
data/images/week1_v3/560309951170.webp,KEEP_REPRODUCIBILITY,数据/图片/事实单元是复现附件；不提交Git、不移动冻结split,DATA,42780,False,0,,54620742b7c0d0acb4eb090efa2e0a283747b8385a68406fbe78f4bfdd7bd7d1,NONE; preserve original path if referenced by frozen manifest
data/images/week1_v3/560491353549.webp,KEEP_REPRODUCIBILITY,数据/图片/事实单元是复现附件；不提交Git、不移动冻结split,DATA,73596,False,0,,468844b45732e7a606b1b63f6d7b59d48485ef596604e043c2ba983fd840b6d0,NONE; preserve original path if referenced by frozen manifest
data/images/week1_v3/560661281871.webp,KEEP_REPRODUCIBILITY,数据/图片/事实单元是复现附件；不提交Git、不移动冻结split,DATA,77272,False,0,,20e087a4897f76e3ae5b080093927ff1c3df90b1f64b466d6d4ed83d88d08f3e,NONE; preserve original path if referenced by frozen manifest
data/images/week1_v3/560704016664.webp,KEEP_REPRODUCIBILITY,数据/图片/事实单元是复现附件；不提交Git、不移动冻结split,DATA,96028,False,0,,b69f3d16b9ae6f3f64fbc1aaad57a59571222ca25baddee4c0762e2e612d2317,NONE; preserve original path if referenced by frozen manifest
data/images/week1_v3/560759885786.webp,KEEP_REPRODUCIBILITY,数据/图片/事实单元是复现附件；不提交Git、不移动冻结split,DATA,77608,False,0,,c65bdece43a7878b17658c3d59198ad0c1935252b68eb408a572551be4ef9638,NONE; preserve original path if referenced by frozen manifest
data/images/week1_v3/560906532208.webp,KEEP_REPRODUCIBILITY,数据/图片/事实单元是复现附件；不提交Git、不移动冻结split,DATA,69962,False,0,,25d2a72b264a16cdd1a9ecf175e4edd733e3e32aa0efbfad0b4c89b2356a310e,NONE; preserve original path if referenced by frozen manifest
data/images/week1_v3/560963037453.webp,KEEP_REPRODUCIBILITY,数据/图片/事实单元是复现附件；不提交Git、不移动冻结split,DATA,133280,False,0,,e5538d8b7dc1bd618d109e11eff5a8fb986aa2ecf0473cfb5b8b6ab21500d90a,NONE; preserve original path if referenced by frozen manifest
data/images/week1_v3/561194272917.webp,KEEP_REPRODUCIBILITY,数据/图片/事实单元是复现附件；不提交Git、不移动冻结split,DATA,115046,False,0,,2566b71004beb03c76047474e9439f456a871eac15d43a82758c1d22d615ee89,NONE; preserve original path if referenced by frozen manifest
data/images/week1_v3/561255095412.webp,KEEP_REPRODUCIBILITY,数据/图片/事实单元是复现附件；不提交Git、不移动冻结split,DATA,28336,False,0,,29d12a7b57f970cf795a6d60819d47a2099b345e85205f92bee94b8ae6ce7ea8,NONE; preserve original path if referenced by frozen manifest
data/images/week1_v3/561308451920.webp,KEEP_REPRODUCIBILITY,数据/图片/事实单元是复现附件；不提交Git、不移动冻结split,DATA,92772,False,0,,c835e9f3b3bdcbb3b7e956115a65909f2d05ddbbde2f0dc28163a345a8e6d877,NONE; preserve original path if referenced by frozen manifest
data/images/week1_v3/561395704571.webp,KEEP_REPRODUCIBILITY,数据/图片/事实单元是复现附件；不提交Git、不移动冻结split,DATA,215728,False,0,,73d8a1227f2d6557f018f5e21f955425ed2ae2cc14d08d84ccfa2397ee2366e9,NONE; preserve original path if referenced by frozen manifest
data/images/week1_v3/561587392125.webp,KEEP_REPRODUCIBILITY,数据/图片/事实单元是复现附件；不提交Git、不移动冻结split,DATA,134160,False,0,,217e91b10d02abe4033b6fb37066cf63bd438fed643851b0d94a39ef73b49a7a,NONE; preserve original path if referenced by frozen manifest
data/images/week1_v3/561696624131.webp,KEEP_REPRODUCIBILITY,数据/图片/事实单元是复现附件；不提交Git、不移动冻结split,DATA,93906,False,0,,e1a104b823a597a97c72430133a2415a5ed087990780d7c8b9b8b8a8b0c0abce,NONE; preserve original path if referenced by frozen manifest
data/images/week1_v3/561768995831.webp,KEEP_REPRODUCIBILITY,数据/图片/事实单元是复现附件；不提交Git、不移动冻结split,DATA,132668,False,0,,042978fdf8690913ceb58e875f3c8f93da33740b78941de38c4e34acc325b207,NONE; preserve original path if referenced by frozen manifest
data/images/week1_v3/561789910068.webp,KEEP_REPRODUCIBILITY,数据/图片/事实单元是复现附件；不提交Git、不移动冻结split,DATA,45922,False,0,,e0a625b87eca3695907b5de5bc1d4c418cdc95c8a982cf782cbb420ce856d7ed,NONE; preserve original path if referenced by frozen manifest
data/images/week1_v3/561811479895.webp,KEEP_REPRODUCIBILITY,数据/图片/事实单元是复现附件；不提交Git、不移动冻结split,DATA,112650,False,0,,5c3bc54e790dd883f21a2ecd5b70c24a0c588471cf971248d9a86fecb36eb663,NONE; preserve original path if referenced by frozen manifest
data/images/week1_v3/561864046537.webp,KEEP_REPRODUCIBILITY,数据/图片/事实单元是复现附件；不提交Git、不移动冻结split,DATA,65124,False,0,,1ef4ec2882c12fc92dfe9b93dd8a89779a075b13918950be31dba2670d57b595,NONE; preserve original path if referenced by frozen manifest
data/images/week1_v3/561880609821.webp,KEEP_REPRODUCIBILITY,数据/图片/事实单元是复现附件；不提交Git、不移动冻结split,DATA,36292,False,0,,2dee2153577f7ca2da4ec6fc337273b878b8c09085ce3b02ce156311018c034f,NONE; preserve original path if referenced by frozen manifest
data/images/week1_v3/562000639610.webp,KEEP_REPRODUCIBILITY,数据/图片/事实单元是复现附件；不提交Git、不移动冻结split,DATA,339082,False,0,,03d36b8d47d8d9411a55378c35cd44ef3d25d32d55c647ddcc1e74c7caf9f384,NONE; preserve original path if referenced by frozen manifest
data/images/week1_v3/562109556386.webp,KEEP_REPRODUCIBILITY,数据/图片/事实单元是复现附件；不提交Git、不移动冻结split,DATA,36258,False,0,,1406d768c3028bbed5ee1f6d8d74f241e160a2b6bae6e145a54bd5c8a5c59a32,NONE; preserve original path if referenced by frozen manifest
data/images/week1_v3/562137902252.jpg,KEEP_REPRODUCIBILITY,数据/图片/事实单元是复现附件；不提交Git、不移动冻结split,DATA,63475,False,0,,7c5efd64d9feb911c3301064ddae8c66625e30a4ba7256c9d246ae5b13fdf8fa,NONE; preserve original path if referenced by frozen manifest
data/images/week1_v3/562149261234.webp,KEEP_REPRODUCIBILITY,数据/图片/事实单元是复现附件；不提交Git、不移动冻结split,DATA,77700,False,0,,2f049a7c6db66d7991e51c5f8700ae247aa821d19c7b6d04f0a2801a2db97625,NONE; preserve original path if referenced by frozen manifest
data/images/week1_v3/562152148832.webp,KEEP_REPRODUCIBILITY,数据/图片/事实单元是复现附件；不提交Git、不移动冻结split,DATA,52462,False,0,,abf5d3a5093374d90586e0a25eb091e47a219a25c42b96c3ee9abeb8a5cdabd6,NONE; preserve original path if referenced by frozen manifest
data/images/week1_v3/562163372756.webp,KEEP_REPRODUCIBILITY,数据/图片/事实单元是复现附件；不提交Git、不移动冻结split,DATA,86006,False,0,,2e3ec532dc78cee991ceaf4032d84b211ec203b56b10ac2cb0f4ba6a9a052f4a,NONE; preserve original path if referenced by frozen manifest
data/images/week1_v3/562180053178.webp,KEEP_REPRODUCIBILITY,数据/图片/事实单元是复现附件；不提交Git、不移动冻结split,DATA,122682,False,0,,59d765a46b4835208ec42bdca0323725c02bd77c70eb75ffbf7cec43bf48fb40,NONE; preserve original path if referenced by frozen manifest
data/images/week1_v3/562231213368.webp,KEEP_REPRODUCIBILITY,数据/图片/事实单元是复现附件；不提交Git、不移动冻结split,DATA,8258,False,0,,033539d72e3efe62d7e49d09f1b39a824f40435732e49620e535a10a86bcda4e,NONE; preserve original path if referenced by frozen manifest
data/images/week1_v3/562289059045.webp,KEEP_REPRODUCIBILITY,数据/图片/事实单元是复现附件；不提交Git、不移动冻结split,DATA,59314,False,0,,fd18487775b64015f0fd7f443f160d89a04a2137ff6611c44ac0c0402e9bc119,NONE; preserve original path if referenced by frozen manifest
data/images/week1_v3/562296958075.webp,KEEP_REPRODUCIBILITY,数据/图片/事实单元是复现附件；不提交Git、不移动冻结split,DATA,79760,False,0,,2d8d776ecc706d3670e82a9d713a113a7814e22500d7e3216ad1fef0609d3b24,NONE; preserve original path if referenced by frozen manifest
data/images/week1_v3/562489119045.webp,KEEP_REPRODUCIBILITY,数据/图片/事实单元是复现附件；不提交Git、不移动冻结split,DATA,15554,False,0,,6f02888cf8e5be99996d83e0f5ac29bbc99900e687381efe75c98603bbebf912,NONE; preserve original path if referenced by frozen manifest
data/images/week1_v3/562615192976.jpg,KEEP_REPRODUCIBILITY,数据/图片/事实单元是复现附件；不提交Git、不移动冻结split,DATA,183784,False,0,,ac588b49f30efa8ffbbc60caf34881d5cdfc8fda9deadeab4b07efda7f9443b7,NONE; preserve original path if referenced by frozen manifest
data/images/week1_v3/562660919726.webp,KEEP_REPRODUCIBILITY,数据/图片/事实单元是复现附件；不提交Git、不移动冻结split,DATA,102284,False,0,,4968ca24c56f819787bd3d3343d5d35efb738bfe5b0a590f0cf5e0d633922694,NONE; preserve original path if referenced by frozen manifest
data/images/week1_v3/562684921243.webp,KEEP_REPRODUCIBILITY,数据/图片/事实单元是复现附件；不提交Git、不移动冻结split,DATA,29036,False,0,,5c63c7b04a40c01406c70eafb179a74cee39959024d9eae441b3402d85487f03,NONE; preserve original path if referenced by frozen manifest
data/images/week1_v3/562758668135.webp,KEEP_REPRODUCIBILITY,数据/图片/事实单元是复现附件；不提交Git、不移动冻结split,DATA,67094,False,0,,d8337a6e850a6790cfe3c4eca73fac85fceb120e2074b4fb7bcee06d118e4dcb,NONE; preserve original path if referenced by frozen manifest
data/images/week1_v3/562839362803.webp,KEEP_REPRODUCIBILITY,数据/图片/事实单元是复现附件；不提交Git、不移动冻结split,DATA,34214,False,0,,28a532c2350eeb6490aca5108773963607ef58165e74948459ee66074e46e20d,NONE; preserve original path if referenced by frozen manifest
data/images/week1_v3/562849998141.webp,KEEP_REPRODUCIBILITY,数据/图片/事实单元是复现附件；不提交Git、不移动冻结split,DATA,70164,False,0,,64d55caeda4c636f2d50f53bc5bdd5c9b8da846a0fd8c9431b1a15b416e93dab,NONE; preserve original path if referenced by frozen manifest
data/images/week1_v3/563007750434.webp,KEEP_REPRODUCIBILITY,数据/图片/事实单元是复现附件；不提交Git、不移动冻结split,DATA,53978,False,0,,24e2bd989cb0436a1f97977ea423e804d4f9d7dad762ee07cd4ed8de6cef47c6,NONE; preserve original path if referenced by frozen manifest
data/images/week1_v3/563043393992.webp,KEEP_REPRODUCIBILITY,数据/图片/事实单元是复现附件；不提交Git、不移动冻结split,DATA,111780,False,0,,4846d837565dac99e9bf1afc481f6896fc125301fc0ff4ce788c6e99926e8ae8,NONE; preserve original path if referenced by frozen manifest
data/images/week1_v3/563065670165.webp,KEEP_REPRODUCIBILITY,数据/图片/事实单元是复现附件；不提交Git、不移动冻结split,DATA,84004,False,0,,143de0a667153c6960506d4ee7cdff68ee87f454c339182a1344dc91a0d52567,NONE; preserve original path if referenced by frozen manifest
data/images/week1_v3/563235672563.webp,KEEP_REPRODUCIBILITY,数据/图片/事实单元是复现附件；不提交Git、不移动冻结split,DATA,54906,False,0,,48e524562a827c75f69228b8d37717809a1674528869c62ce134c691d2232c8a,NONE; preserve original path if referenced by frozen manifest
data/images/week1_v3/563305085822.webp,KEEP_REPRODUCIBILITY,数据/图片/事实单元是复现附件；不提交Git、不移动冻结split,DATA,26168,False,0,,0a70f397dbdc9a58fe93c808c51f28a330c8716b736c921eb64c5210ea62b004,NONE; preserve original path if referenced by frozen manifest
data/images/week1_v3/563391547092.webp,KEEP_REPRODUCIBILITY,数据/图片/事实单元是复现附件；不提交Git、不移动冻结split,DATA,62452,False,0,,e3c4e3d3d1615486e95a58453942917878514bac5dea257faa7d5a78cb7a859c,NONE; preserve original path if referenced by frozen manifest
data/images/week1_v3/563530241032.webp,KEEP_REPRODUCIBILITY,数据/图片/事实单元是复现附件；不提交Git、不移动冻结split,DATA,88510,False,0,,2816ea478cbc086bac608c899d4c8d23bd7149bcc33e2b2eaf3d462c5823c0ff,NONE; preserve original path if referenced by frozen manifest
data/images/week1_v3/563530713946.png,KEEP_REPRODUCIBILITY,数据/图片/事实单元是复现附件；不提交Git、不移动冻结split,DATA,137395,False,0,,d4e76713d39d07a7ef4fa1269b61423f2bf0e458d8f151ce72cb3567690ea7b6,NONE; preserve original path if referenced by frozen manifest
data/images/week1_v3/563567366663.webp,KEEP_REPRODUCIBILITY,数据/图片/事实单元是复现附件；不提交Git、不移动冻结split,DATA,49218,False,0,,3b92c2cfc493af097d531dec5fa74ebeff7ab075673a613cb86e3fd3c5c51f56,NONE; preserve original path if referenced by frozen manifest
data/images/week1_v3/5636521147.webp,KEEP_REPRODUCIBILITY,数据/图片/事实单元是复现附件；不提交Git、不移动冻结split,DATA,54610,False,0,,e14b3811b830c28b753e152482b61b791684449c5a8e173d4a069328771df13d,NONE; preserve original path if referenced by frozen manifest
data/images/week1_v3/564110705919.webp,KEEP_REPRODUCIBILITY,数据/图片/事实单元是复现附件；不提交Git、不移动冻结split,DATA,80502,False,0,,13f2121792e1f960021a73ef7c6a4baa9fa52e35d9d9b1870693f5bb534a3c8c,NONE; preserve original path if referenced by frozen manifest
data/images/week1_v3/564216854194.webp,KEEP_REPRODUCIBILITY,数据/图片/事实单元是复现附件；不提交Git、不移动冻结split,DATA,70272,False,0,,d334a34015ce1782cf1ecf877abc91e32380b9d02e826293e7b29be20fa98398,NONE; preserve original path if referenced by frozen manifest
data/images/week1_v3/564283420873.webp,KEEP_REPRODUCIBILITY,数据/图片/事实单元是复现附件；不提交Git、不移动冻结split,DATA,49974,False,0,,39c70c8e6db6334b80c13d8e7dcb7547945190036bdd2b87b228c6ffeeda2712,NONE; preserve original path if referenced by frozen manifest
data/images/week1_v3/564373089785.webp,KEEP_REPRODUCIBILITY,数据/图片/事实单元是复现附件；不提交Git、不移动冻结split,DATA,136586,False,0,,c51a2233053e03eaeb1d71b89324ae0d8038152245bf62fc682498e8b3b91b00,NONE; preserve original path if referenced by frozen manifest
data/images/week1_v3/564529659017.webp,KEEP_REPRODUCIBILITY,数据/图片/事实单元是复现附件；不提交Git、不移动冻结split,DATA,66628,False,0,,bcefecaa7592c140bc39f491c7fb0b56c0bc105eac1dfbf86d0414ea3e842342,NONE; preserve original path if referenced by frozen manifest
data/images/week1_v3/564624314783.webp,KEEP_REPRODUCIBILITY,数据/图片/事实单元是复现附件；不提交Git、不移动冻结split,DATA,65592,False,0,,3ff42f6e070465b7bf4f8d0ed19620176c23116a486e7a362f3f4db4fb4ac5a7,NONE; preserve original path if referenced by frozen manifest
data/images/week1_v3/564639554952.webp,KEEP_REPRODUCIBILITY,数据/图片/事实单元是复现附件；不提交Git、不移动冻结split,DATA,51986,False,0,,ad912d02762d1b2ff2019ea296fef309f43bf2027ca08cace46736306dbbff00,NONE; preserve original path if referenced by frozen manifest
data/images/week1_v3/564770290261.webp,KEEP_REPRODUCIBILITY,数据/图片/事实单元是复现附件；不提交Git、不移动冻结split,DATA,99508,False,0,,1eb9ab6d495145979d80c36b29ea14aa5a0e327ebdb970de54e8ef286d54f851,NONE; preserve original path if referenced by frozen manifest
data/images/week1_v3/564825221882.webp,KEEP_REPRODUCIBILITY,数据/图片/事实单元是复现附件；不提交Git、不移动冻结split,DATA,68512,False,0,,d3cf076a26ece6acff672e06646ae37bf946e1ecb3f40d250dcd7c320847b999,NONE; preserve original path if referenced by frozen manifest
data/images/week1_v3/564888669628.webp,KEEP_REPRODUCIBILITY,数据/图片/事实单元是复现附件；不提交Git、不移动冻结split,DATA,71402,False,0,,f9f249e079c9166ca66ef357caa35860400f04c27abc9d1f77d081497e631425,NONE; preserve original path if referenced by frozen manifest
data/images/week1_v3/564904544128.webp,KEEP_REPRODUCIBILITY,数据/图片/事实单元是复现附件；不提交Git、不移动冻结split,DATA,50694,False,0,,281b2d884bc4a6f4652bc53df84676f3b989e675cd6c3bde9f3fb0352d6dbc77,NONE; preserve original path if referenced by frozen manifest
data/images/week1_v3/564920301120.webp,KEEP_REPRODUCIBILITY,数据/图片/事实单元是复现附件；不提交Git、不移动冻结split,DATA,74056,False,0,,322dfdb61c796de70d305954ac9c28e23fbbc49f1af0adc3c69311fbd3852a69,NONE; preserve original path if referenced by frozen manifest
data/images/week1_v3/565014569516.webp,KEEP_REPRODUCIBILITY,数据/图片/事实单元是复现附件；不提交Git、不移动冻结split,DATA,84676,False,0,,0004f841d48a83b53f79d3e4c9ff2c106ba4ec75c933551831f05a282e99b579,NONE; preserve original path if referenced by frozen manifest
data/images/week1_v3/565053063618.webp,KEEP_REPRODUCIBILITY,数据/图片/事实单元是复现附件；不提交Git、不移动冻结split,DATA,78420,False,0,,34112b6aa45d402225124a38e2cb61470d89ecedfff339abc62707a613d0f59d,NONE; preserve original path if referenced by frozen manifest
data/images/week1_v3/565078231259.webp,KEEP_REPRODUCIBILITY,数据/图片/事实单元是复现附件；不提交Git、不移动冻结split,DATA,13740,False,0,,a960c55f8cdaed118d769910560337f02ffdf85357d69da003ad756ff21d641a,NONE; preserve original path if referenced by frozen manifest
data/images/week1_v3/565115879394.webp,KEEP_REPRODUCIBILITY,数据/图片/事实单元是复现附件；不提交Git、不移动冻结split,DATA,62844,False,0,,6107f5ec83b3a3523c0ed73bd855ff67b489f217e36851cd66b17019927fc7da,NONE; preserve original path if referenced by frozen manifest
data/images/week1_v3/565290418809.webp,KEEP_REPRODUCIBILITY,数据/图片/事实单元是复现附件；不提交Git、不移动冻结split,DATA,65950,False,0,,dff6629177cd0bb1c7f987fdc8686f4bc8be854a6d3504a2bec383e59275afe2,NONE; preserve original path if referenced by frozen manifest
data/images/week1_v3/565379787445.webp,KEEP_REPRODUCIBILITY,数据/图片/事实单元是复现附件；不提交Git、不移动冻结split,DATA,45382,False,0,,3169278bd8820e8647e25b0eb6e983ecad7e847e8e7b3e77c1b341f1c3d7b03a,NONE; preserve original path if referenced by frozen manifest
data/images/week1_v3/565468950564.webp,KEEP_REPRODUCIBILITY,数据/图片/事实单元是复现附件；不提交Git、不移动冻结split,DATA,53570,False,0,,d6fe2348b7ee81af0633596dbf8852d98f1b2530ed001785b914fa20d8965f2c,NONE; preserve original path if referenced by frozen manifest
data/images/week1_v3/565694241440.webp,KEEP_REPRODUCIBILITY,数据/图片/事实单元是复现附件；不提交Git、不移动冻结split,DATA,60666,False,0,,01b139c2de2b7adf00c9670097dc14041d83d54a16dd1e03e5757a0a86940334,NONE; preserve original path if referenced by frozen manifest
data/images/week1_v3/565706870969.webp,KEEP_REPRODUCIBILITY,数据/图片/事实单元是复现附件；不提交Git、不移动冻结split,DATA,42982,False,0,,192e10439dfbe00783296e050245506fc02b1eabd2b79ae9907ce1244659cd5e,NONE; preserve original path if referenced by frozen manifest
data/images/week1_v3/565721046614.webp,KEEP_REPRODUCIBILITY,数据/图片/事实单元是复现附件；不提交Git、不移动冻结split,DATA,107396,False,0,,7abc886f61388f78568e57dcd774f229fd33fb79dfc7e5b7a034ce120e20e7c8,NONE; preserve original path if referenced by frozen manifest
data/images/week1_v3/565810629297.jpg,KEEP_REPRODUCIBILITY,数据/图片/事实单元是复现附件；不提交Git、不移动冻结split,DATA,187188,False,0,,427ac02c1e6d78fb59d026f91b1e192c771320810ca4d5b562981e40fdad0f75,NONE; preserve original path if referenced by frozen manifest
data/images/week1_v3/565817372960.webp,KEEP_REPRODUCIBILITY,数据/图片/事实单元是复现附件；不提交Git、不移动冻结split,DATA,48884,False,0,,a500dca826dbeba6270ad76a0f53ee472035b17fedfc385907603d5df5bfb8e1,NONE; preserve original path if referenced by frozen manifest
data/images/week1_v3/565864670782.webp,KEEP_REPRODUCIBILITY,数据/图片/事实单元是复现附件；不提交Git、不移动冻结split,DATA,78822,False,0,,52bdd6cde79a6b5c2d9c7d075dd5dd750c137fb1af95a631ff8d3370032f0ae8,NONE; preserve original path if referenced by frozen manifest
data/images/week1_v3/565877760842.png,KEEP_REPRODUCIBILITY,数据/图片/事实单元是复现附件；不提交Git、不移动冻结split,DATA,355523,False,0,,3d65646ec6a2e9bffe95bdcedacb89ced730139a51a4d5ec4f84f54640c2a3fd,NONE; preserve original path if referenced by frozen manifest
data/images/week1_v3/565929589854.webp,KEEP_REPRODUCIBILITY,数据/图片/事实单元是复现附件；不提交Git、不移动冻结split,DATA,60030,False,0,,f781b837e3a2fd189010ce8b9d70cf83a6dbdacd4b39d29a6ca1a6f94a4ce6c4,NONE; preserve original path if referenced by frozen manifest
data/images/week1_v3/565959358761.jpg,KEEP_REPRODUCIBILITY,数据/图片/事实单元是复现附件；不提交Git、不移动冻结split,DATA,152179,False,0,,7d047645cd52d534927b6260406a1ac0b516d6cfad031371459dc9ebd636f484,NONE; preserve original path if referenced by frozen manifest
data/images/week1_v3/566053395215.webp,KEEP_REPRODUCIBILITY,数据/图片/事实单元是复现附件；不提交Git、不移动冻结split,DATA,54484,False,0,,11e6bba54e6de17bfd482a21fdffb5a4c297b97e42ef3e12c0189b0fe9702273,NONE; preserve original path if referenced by frozen manifest
data/images/week1_v3/566156232697.webp,KEEP_REPRODUCIBILITY,数据/图片/事实单元是复现附件；不提交Git、不移动冻结split,DATA,83276,False,0,,9626af7e9ccfa4041e5c8af328dc9920a704c92b59949a6cc915889e708b919e,NONE; preserve original path if referenced by frozen manifest
data/images/week1_v3/566220836792.webp,KEEP_REPRODUCIBILITY,数据/图片/事实单元是复现附件；不提交Git、不移动冻结split,DATA,106072,False,0,,ed120e6c90d8df5117ff4034e4f8cc9eff7a5170e502297e7b6a028254e83da1,NONE; preserve original path if referenced by frozen manifest
data/images/week1_v3/566325025898.webp,KEEP_REPRODUCIBILITY,数据/图片/事实单元是复现附件；不提交Git、不移动冻结split,DATA,77478,False,0,,60a46623f318745c5a6fcd546618d640760cdcee1b487e62e0d67ca6ee2a7cd6,NONE; preserve original path if referenced by frozen manifest
data/images/week1_v3/566412076062.webp,KEEP_REPRODUCIBILITY,数据/图片/事实单元是复现附件；不提交Git、不移动冻结split,DATA,72590,False,0,,9fdc6b1ef5fffca636c28966507ecef928001ce0bc5327d223a90299acee7af4,NONE; preserve original path if referenced by frozen manifest
data/images/week1_v3/566423125665.webp,KEEP_REPRODUCIBILITY,数据/图片/事实单元是复现附件；不提交Git、不移动冻结split,DATA,116074,False,0,,58a7e9b94f596d0f267089e39dc1b91bdfd9651755bc91f2327d0eb5a36dd113,NONE; preserve original path if referenced by frozen manifest
data/images/week1_v3/566467047124.png,KEEP_REPRODUCIBILITY,数据/图片/事实单元是复现附件；不提交Git、不移动冻结split,DATA,116605,False,0,,26ea6ff669f4e9513ffcdec41e1ba747abccbabe9b5a582a208adf00dc224376,NONE; preserve original path if referenced by frozen manifest
data/images/week1_v3/566471563540.webp,KEEP_REPRODUCIBILITY,数据/图片/事实单元是复现附件；不提交Git、不移动冻结split,DATA,45098,False,0,,297ee5803be415eb8265f6ef793e7ce1827989e5e0ea227d961ee8e1a05bb935,NONE; preserve original path if referenced by frozen manifest
data/images/week1_v3/566487491877.webp,KEEP_REPRODUCIBILITY,数据/图片/事实单元是复现附件；不提交Git、不移动冻结split,DATA,89910,False,0,,f3d7d8d40ea12063cd5eee3afa1f36fbda59f5d66b4a27cf2b66b78fc7e2fa28,NONE; preserve original path if referenced by frozen manifest
data/images/week1_v3/566531828259.webp,KEEP_REPRODUCIBILITY,数据/图片/事实单元是复现附件；不提交Git、不移动冻结split,DATA,158220,False,0,,047e7a6405faa75139ea1de705bd323cd0889e450b73ce4b3a1c9985ec31f2bc,NONE; preserve original path if referenced by frozen manifest
data/images/week1_v3/566582767428.webp,KEEP_REPRODUCIBILITY,数据/图片/事实单元是复现附件；不提交Git、不移动冻结split,DATA,31476,False,0,,bc9b3dcb4f5ab862976ee9fe70681b87fcc0ae0ed18fbf59fcf3fc6199ff858d,NONE; preserve original path if referenced by frozen manifest
data/images/week1_v3/566643757985.webp,KEEP_REPRODUCIBILITY,数据/图片/事实单元是复现附件；不提交Git、不移动冻结split,DATA,68828,False,0,,6238d615a105e6bac9cda2747d77e387772ceee26adff460a6d340d1d02d4e40,NONE; preserve original path if referenced by frozen manifest
data/images/week1_v3/566740099206.webp,KEEP_REPRODUCIBILITY,数据/图片/事实单元是复现附件；不提交Git、不移动冻结split,DATA,30780,False,0,,3e9d69fd20796070788ae49a0167332206cde4713209f10128f85035c903053f,NONE; preserve original path if referenced by frozen manifest
data/images/week1_v3/566978020204.webp,KEEP_REPRODUCIBILITY,数据/图片/事实单元是复现附件；不提交Git、不移动冻结split,DATA,69950,False,0,,c1710f3f761b02e56a2bf588d6344c161ec7ee1a622d528d5de4f0767f8e85eb,NONE; preserve original path if referenced by frozen manifest
data/images/week1_v3/566986927827.webp,KEEP_REPRODUCIBILITY,数据/图片/事实单元是复现附件；不提交Git、不移动冻结split,DATA,132616,False,0,,6ed6537251e28cd63edb2aaf95f735167e9145c1174eff83480ef4f92715ffad,NONE; preserve original path if referenced by frozen manifest
data/images/week1_v3/567015185668.webp,KEEP_REPRODUCIBILITY,数据/图片/事实单元是复现附件；不提交Git、不移动冻结split,DATA,59206,False,0,,0b3244105cd669556812923753417dacc202895e09d4b4bbffa10445c61a6506,NONE; preserve original path if referenced by frozen manifest
data/images/week1_v3/567034374521.jpg,KEEP_REPRODUCIBILITY,数据/图片/事实单元是复现附件；不提交Git、不移动冻结split,DATA,75903,False,0,,9ea88f134274dd6f1e10b1fe64364cd8c472a357ce177f91bd8d07ad7f224e99,NONE; preserve original path if referenced by frozen manifest
data/images/week1_v3/567063690023.webp,KEEP_REPRODUCIBILITY,数据/图片/事实单元是复现附件；不提交Git、不移动冻结split,DATA,93704,False,0,,31e27b0db65476fd8871ad053ec435ea9ac07b71e1a172286d268528eb722850,NONE; preserve original path if referenced by frozen manifest
data/images/week1_v3/567168195188.webp,KEEP_REPRODUCIBILITY,数据/图片/事实单元是复现附件；不提交Git、不移动冻结split,DATA,72740,False,0,,cd914da047359b9da4c609374f5bd84052e8359ffab26a4f00ebccf4db404f84,NONE; preserve original path if referenced by frozen manifest
data/images/week1_v3/567224681575.webp,KEEP_REPRODUCIBILITY,数据/图片/事实单元是复现附件；不提交Git、不移动冻结split,DATA,38636,False,0,,5e0d8dce3faf84883a9ba0c4b3e62b60150ccae6e2a00404e2eaad59876c1073,NONE; preserve original path if referenced by frozen manifest
data/images/week1_v3/567370299194.webp,KEEP_REPRODUCIBILITY,数据/图片/事实单元是复现附件；不提交Git、不移动冻结split,DATA,125128,False,0,,646f48427d0f4ce7f01e44b21e98ad39e1597a7bae51c09bcfe7f8b17f4f7deb,NONE; preserve original path if referenced by frozen manifest
data/images/week1_v3/567398743698.jpg,KEEP_REPRODUCIBILITY,数据/图片/事实单元是复现附件；不提交Git、不移动冻结split,DATA,328744,False,0,,9596ed6db7930fbbc07d30d27244684ac147b7fcfffea6b99b96c88d33518183,NONE; preserve original path if referenced by frozen manifest
data/images/week1_v3/567400068606.webp,KEEP_REPRODUCIBILITY,数据/图片/事实单元是复现附件；不提交Git、不移动冻结split,DATA,24992,False,0,,67a0d0dff64c9326cac3db99376bc9f1e1729480da5eba13805b57d762cbf78c,NONE; preserve original path if referenced by frozen manifest
data/images/week1_v3/567529034025.webp,KEEP_REPRODUCIBILITY,数据/图片/事实单元是复现附件；不提交Git、不移动冻结split,DATA,57880,False,0,,00642c9f3e8684e3ab76c923bee4115c2b054e018f432cc04d0cd20b924c0be2,NONE; preserve original path if referenced by frozen manifest
data/images/week1_v3/567783459700.webp,KEEP_REPRODUCIBILITY,数据/图片/事实单元是复现附件；不提交Git、不移动冻结split,DATA,144912,False,0,,025967ab3e63b7e16ed0d53b00929de9d9e75824fd1edfb503c1211a6e4cf1ec,NONE; preserve original path if referenced by frozen manifest
data/images/week1_v3/568105194788.webp,KEEP_REPRODUCIBILITY,数据/图片/事实单元是复现附件；不提交Git、不移动冻结split,DATA,54546,False,0,,93bbb27a0afabcf7182d7a7f41900752bae9ed7677d811f9e6bad42d4542fd86,NONE; preserve original path if referenced by frozen manifest
data/images/week1_v3/568383984938.webp,KEEP_REPRODUCIBILITY,数据/图片/事实单元是复现附件；不提交Git、不移动冻结split,DATA,91372,False,0,,0edc98db73988af0f45426c2bcc9ccde0a298294c48143b9e0a747c1d695b516,NONE; preserve original path if referenced by frozen manifest
data/images/week1_v3/568408880975.webp,KEEP_REPRODUCIBILITY,数据/图片/事实单元是复现附件；不提交Git、不移动冻结split,DATA,108850,False,0,,65f3fa9d8e0ee055c62e175b6c90137a4713ae68d8a9a2cb71132226e4e9b13a,NONE; preserve original path if referenced by frozen manifest
data/images/week1_v3/568534480034.webp,KEEP_REPRODUCIBILITY,数据/图片/事实单元是复现附件；不提交Git、不移动冻结split,DATA,104404,False,0,,462912e567d760f68fa519b9617ea7ce0c88ef20397fa6010cbca3f8e403d3ab,NONE; preserve original path if referenced by frozen manifest
data/images/week1_v3/568829063626.webp,KEEP_REPRODUCIBILITY,数据/图片/事实单元是复现附件；不提交Git、不移动冻结split,DATA,96544,False,0,,b01ff546aa7b62c50bf4343376a5d9cb0c556572012a18a27bcdc96766373b7f,NONE; preserve original path if referenced by frozen manifest
data/images/week1_v3/568902252735.webp,KEEP_REPRODUCIBILITY,数据/图片/事实单元是复现附件；不提交Git、不移动冻结split,DATA,97434,False,0,,d46d1d92e88fc6cf3935e2306850a17e71bb499440de4358550604f47458a421,NONE; preserve original path if referenced by frozen manifest
data/images/week1_v3/568917954544.webp,KEEP_REPRODUCIBILITY,数据/图片/事实单元是复现附件；不提交Git、不移动冻结split,DATA,40554,False,0,,b41b25d100774ae8d08699f37e7da524444f785ea4cdbdd336fed07cdc0fa2ce,NONE; preserve original path if referenced by frozen manifest
data/images/week1_v3/569058425441.webp,KEEP_REPRODUCIBILITY,数据/图片/事实单元是复现附件；不提交Git、不移动冻结split,DATA,55174,False,0,,c0f23beda9cc8c371d471e2b7aaece767cc55017fe7b02f0ceea55cbc76c6865,NONE; preserve original path if referenced by frozen manifest
data/images/week1_v3/569313521726.webp,KEEP_REPRODUCIBILITY,数据/图片/事实单元是复现附件；不提交Git、不移动冻结split,DATA,33472,False,0,,1848783b1c4e3e53f4cdf5a6542004e1b6df1069ffe3f0b4aad3c66dfbab0210,NONE; preserve original path if referenced by frozen manifest
data/images/week1_v3/569332891697.webp,KEEP_REPRODUCIBILITY,数据/图片/事实单元是复现附件；不提交Git、不移动冻结split,DATA,44286,False,0,,f001071cb5a19c0fb25089b8077f65a6bce6790d63320c3d8b24b13cfd786b22,NONE; preserve original path if referenced by frozen manifest
data/images/week1_v3/569694759189.webp,KEEP_REPRODUCIBILITY,数据/图片/事实单元是复现附件；不提交Git、不移动冻结split,DATA,56198,False,0,,1117c2de3a725ea2ebb7465c76ce2aca5cb376c463a087ba0d093055ef659f89,NONE; preserve original path if referenced by frozen manifest
data/images/week1_v3/569791931397.webp,KEEP_REPRODUCIBILITY,数据/图片/事实单元是复现附件；不提交Git、不移动冻结split,DATA,13924,False,0,,6ba0f01acff13e53e65bbde6d831e31d9597ad537c1ff8f43d2d892a105f0822,NONE; preserve original path if referenced by frozen manifest
data/images/week1_v3/569814360425.webp,KEEP_REPRODUCIBILITY,数据/图片/事实单元是复现附件；不提交Git、不移动冻结split,DATA,50646,False,0,,8496bb39fc166eb57917ae832704ec7e2d1d2aa73061b9670283f4a616d93b8d,NONE; preserve original path if referenced by frozen manifest
data/images/week1_v3/569822918824.webp,KEEP_REPRODUCIBILITY,数据/图片/事实单元是复现附件；不提交Git、不移动冻结split,DATA,137700,False,0,,189f443127ea173aa9ff7a819353f48f5d61967678e6e099cc58871ae4a0bb0a,NONE; preserve original path if referenced by frozen manifest
data/images/week1_v3/569847837069.webp,KEEP_REPRODUCIBILITY,数据/图片/事实单元是复现附件；不提交Git、不移动冻结split,DATA,98234,False,0,,dbbf3ba70cb6dfe2d28dc77e08852fd4a79b0038e343c02375ab012f454554a2,NONE; preserve original path if referenced by frozen manifest
data/images/week1_v3/569857449700.webp,KEEP_REPRODUCIBILITY,数据/图片/事实单元是复现附件；不提交Git、不移动冻结split,DATA,54354,False,0,,d835698bb9ddc5dd54a27361bf22b1f4234e37e06c751308ec1693451d1a80ed,NONE; preserve original path if referenced by frozen manifest
data/images/week1_v3/569896603836.webp,KEEP_REPRODUCIBILITY,数据/图片/事实单元是复现附件；不提交Git、不移动冻结split,DATA,143762,False,0,,b2532bb9aa8d27ac7d931c69a1c7ff6c9d111ba54be2485870a3c90a4935c7bc,NONE; preserve original path if referenced by frozen manifest
data/images/week1_v3/569951991675.webp,KEEP_REPRODUCIBILITY,数据/图片/事实单元是复现附件；不提交Git、不移动冻结split,DATA,70032,False,0,,fd974c9d84ab0baa18b8e89f10698963ae8c3fc16ee82421d25881079e35b3fe,NONE; preserve original path if referenced by frozen manifest
data/images/week1_v3/569958345076.webp,KEEP_REPRODUCIBILITY,数据/图片/事实单元是复现附件；不提交Git、不移动冻结split,DATA,98354,False,0,,d28542b6d9b1c489b5a129d2447f0f72d72f40107134c189e7609536a0f9500b,NONE; preserve original path if referenced by frozen manifest
data/images/week1_v3/570144614323.webp,KEEP_REPRODUCIBILITY,数据/图片/事实单元是复现附件；不提交Git、不移动冻结split,DATA,62726,False,0,,686e646766d5551436fd01a2cece83a544592fe647b26336023ff760b830f10c,NONE; preserve original path if referenced by frozen manifest
data/images/week1_v3/570254351935.webp,KEEP_REPRODUCIBILITY,数据/图片/事实单元是复现附件；不提交Git、不移动冻结split,DATA,120758,False,0,,082c2a3d3158965b758047503011d8747fde3ebbb7efac9353a703eac1965be6,NONE; preserve original path if referenced by frozen manifest
data/images/week1_v3/570694647894.webp,KEEP_REPRODUCIBILITY,数据/图片/事实单元是复现附件；不提交Git、不移动冻结split,DATA,23416,False,0,,589f9276ae2e78958bbade56f0d6b1b26414c6b8bc4b7c3fb92026d13a1c6c6b,NONE; preserve original path if referenced by frozen manifest
data/images/week1_v3/570745698488.webp,KEEP_REPRODUCIBILITY,数据/图片/事实单元是复现附件；不提交Git、不移动冻结split,DATA,29358,False,0,,cb8feea6dfde90d2673398e4f7e1f944102fa5442432970b541e5357ea0cf19a,NONE; preserve original path if referenced by frozen manifest
data/images/week1_v3/570816154009.webp,KEEP_REPRODUCIBILITY,数据/图片/事实单元是复现附件；不提交Git、不移动冻结split,DATA,125790,False,0,,d637e64658e588ba3c1d4cba9dfe3aaf53377be152a6352f67689465ccec9dbd,NONE; preserve original path if referenced by frozen manifest
data/images/week1_v3/570898447074.webp,KEEP_REPRODUCIBILITY,数据/图片/事实单元是复现附件；不提交Git、不移动冻结split,DATA,47350,False,0,,69c877d83654365a616e673e16072b8be4b286d88876c1536003e52a206dee9e,NONE; preserve original path if referenced by frozen manifest
data/images/week1_v3/570993981560.webp,KEEP_REPRODUCIBILITY,数据/图片/事实单元是复现附件；不提交Git、不移动冻结split,DATA,61998,False,0,,1e2d3cbc77132002c9ffb83647ddcc64cd46fa495d606137f66776f1bfb2cc7e,NONE; preserve original path if referenced by frozen manifest
data/images/week1_v3/571087764441.webp,KEEP_REPRODUCIBILITY,数据/图片/事实单元是复现附件；不提交Git、不移动冻结split,DATA,75168,False,0,,b6cd1ebad9230c33833877978ff3e55a573f754edd199bd6d4acd82493da8122,NONE; preserve original path if referenced by frozen manifest
data/images/week1_v3/571097757018.webp,KEEP_REPRODUCIBILITY,数据/图片/事实单元是复现附件；不提交Git、不移动冻结split,DATA,48750,False,0,,33aa001209d5b13ecf49e962606e7f8acb687c3010207eebe2cada5fe053cf88,NONE; preserve original path if referenced by frozen manifest
data/images/week1_v3/571099066425.webp,KEEP_REPRODUCIBILITY,数据/图片/事实单元是复现附件；不提交Git、不移动冻结split,DATA,95414,False,0,,e6b1557a82d50c71998c27f852fc7d6630d3facef1ca0d700f14d6deec466101,NONE; preserve original path if referenced by frozen manifest
data/images/week1_v3/571248535069.webp,KEEP_REPRODUCIBILITY,数据/图片/事实单元是复现附件；不提交Git、不移动冻结split,DATA,135512,False,0,,c55156164b7edd77798ac9e97051605f9f62dfac4686eca33ba695f6aa231740,NONE; preserve original path if referenced by frozen manifest
data/images/week1_v3/571435208828.webp,KEEP_REPRODUCIBILITY,数据/图片/事实单元是复现附件；不提交Git、不移动冻结split,DATA,51506,False,0,,cd9fc6484d2c03b6a726cfc03c59be1c59e462484fd6622d2ae6a88408a46314,NONE; preserve original path if referenced by frozen manifest
data/images/week1_v3/571521755896.webp,KEEP_REPRODUCIBILITY,数据/图片/事实单元是复现附件；不提交Git、不移动冻结split,DATA,33684,False,0,,d4c68d533abf12a2a46e7d22494852a36d1c07d93ef087cf3a6a2d187b22a7f1,NONE; preserve original path if referenced by frozen manifest
data/images/week1_v3/571560325386.webp,KEEP_REPRODUCIBILITY,数据/图片/事实单元是复现附件；不提交Git、不移动冻结split,DATA,71962,False,0,,33213581551f6f39950574def7e0f7efc5190dbfa75d092f8088194f0e0e013e,NONE; preserve original path if referenced by frozen manifest
data/images/week1_v3/571596069127.webp,KEEP_REPRODUCIBILITY,数据/图片/事实单元是复现附件；不提交Git、不移动冻结split,DATA,86994,False,0,,4dff2f473da1d959261ce341fc480e791bffa3883857a3776347bc2222a643d0,NONE; preserve original path if referenced by frozen manifest
data/images/week1_v3/571596142685.webp,KEEP_REPRODUCIBILITY,数据/图片/事实单元是复现附件；不提交Git、不移动冻结split,DATA,54664,False,0,,a01ef0a81df32d1a579a3a19033024555e496e98c25a9b5bde05a7f07703832d,NONE; preserve original path if referenced by frozen manifest
data/images/week1_v3/571805779391.webp,KEEP_REPRODUCIBILITY,数据/图片/事实单元是复现附件；不提交Git、不移动冻结split,DATA,50314,False,0,,bf5734737518471944e666d981f5c4d3717fb6432e450b7a2897141042fdbf22,NONE; preserve original path if referenced by frozen manifest
data/images/week1_v3/571856323350.webp,KEEP_REPRODUCIBILITY,数据/图片/事实单元是复现附件；不提交Git、不移动冻结split,DATA,36026,False,0,,9132ad8509d1675a90fb521e8d23bf130eadba600982b4c3d039ef058b1f70f0,NONE; preserve original path if referenced by frozen manifest
data/images/week1_v3/571966598992.webp,KEEP_REPRODUCIBILITY,数据/图片/事实单元是复现附件；不提交Git、不移动冻结split,DATA,185392,False,0,,33009d15c2bc2838edf57adbe5f6d1b7ad5e7c871373a8b50f91eac56bddba04,NONE; preserve original path if referenced by frozen manifest
data/images/week1_v3/572099021724.webp,KEEP_REPRODUCIBILITY,数据/图片/事实单元是复现附件；不提交Git、不移动冻结split,DATA,103352,False,0,,a52a121f699cd4a12f91188f157c9370c68639bed7f705c976dec111bf55d847,NONE; preserve original path if referenced by frozen manifest
data/images/week1_v3/572144423768.webp,KEEP_REPRODUCIBILITY,数据/图片/事实单元是复现附件；不提交Git、不移动冻结split,DATA,53388,False,0,,c9efbc6841646c069d69cedbb1db28388c49189e7979c7e3a7ead753a7778f77,NONE; preserve original path if referenced by frozen manifest
data/images/week1_v3/572168959881.webp,KEEP_REPRODUCIBILITY,数据/图片/事实单元是复现附件；不提交Git、不移动冻结split,DATA,144888,False,0,,aa0ec6807341fc64c5aead4a02b6cd93c4fb1707de65de7702d0ff6283a3c3ae,NONE; preserve original path if referenced by frozen manifest
data/images/week1_v3/572258998156.webp,KEEP_REPRODUCIBILITY,数据/图片/事实单元是复现附件；不提交Git、不移动冻结split,DATA,22864,False,0,,7047f095e9143c7ce01977b34a5b362026dfc98d4ce06dc825b9b68a3c17b0fc,NONE; preserve original path if referenced by frozen manifest
data/images/week1_v3/572260691920.jpg,KEEP_REPRODUCIBILITY,数据/图片/事实单元是复现附件；不提交Git、不移动冻结split,DATA,249879,False,0,,32b59ab290238b2a6924f82c57ea1034956bb967b8e3a9173414f21cb327e320,NONE; preserve original path if referenced by frozen manifest
data/images/week1_v3/572484530247.webp,KEEP_REPRODUCIBILITY,数据/图片/事实单元是复现附件；不提交Git、不移动冻结split,DATA,72818,False,0,,d97d9298126fca72d17cce557e1de77466e423e43d2aa5d741c6e58d978a7e9e,NONE; preserve original path if referenced by frozen manifest
data/images/week1_v3/572600458678.webp,KEEP_REPRODUCIBILITY,数据/图片/事实单元是复现附件；不提交Git、不移动冻结split,DATA,61806,False,0,,879c485df81b6fe866e604274fc6d233e080184a58e1abb2162b1d1e0c6d7561,NONE; preserve original path if referenced by frozen manifest
data/images/week1_v3/572645689177.webp,KEEP_REPRODUCIBILITY,数据/图片/事实单元是复现附件；不提交Git、不移动冻结split,DATA,73980,False,0,,b22d517566c8973323a2e3598663f4b9aa7ddba8dbea27b925acfd4b25dd3ecf,NONE; preserve original path if referenced by frozen manifest
data/images/week1_v3/572669872690.webp,KEEP_REPRODUCIBILITY,数据/图片/事实单元是复现附件；不提交Git、不移动冻结split,DATA,56204,False,0,,8080f61d5f3911bf0a4a948f6757c001047adf93b2215dc3103be240deda0da5,NONE; preserve original path if referenced by frozen manifest
data/images/week1_v3/572730723225.webp,KEEP_REPRODUCIBILITY,数据/图片/事实单元是复现附件；不提交Git、不移动冻结split,DATA,56254,False,0,,7c25cdb9cbcd71b92ac5e60bea4e1e83d85ac6c4bae2f9fba3c6bab6013643e7,NONE; preserve original path if referenced by frozen manifest
data/images/week1_v3/572739978355.webp,KEEP_REPRODUCIBILITY,数据/图片/事实单元是复现附件；不提交Git、不移动冻结split,DATA,36298,False,0,,fdddd75060dc58ec055d280f2c63842883eefdc65f33bc64460827f34ddac21d,NONE; preserve original path if referenced by frozen manifest
data/images/week1_v3/572794053443.webp,KEEP_REPRODUCIBILITY,数据/图片/事实单元是复现附件；不提交Git、不移动冻结split,DATA,91138,False,0,,0249d1b2f73eda4494834a336b2204f668480fb6b0fdbd6bd54fafcaf6622914,NONE; preserve original path if referenced by frozen manifest
data/images/week1_v3/572892894817.webp,KEEP_REPRODUCIBILITY,数据/图片/事实单元是复现附件；不提交Git、不移动冻结split,DATA,37048,False,0,,fabbccdccdce2f93cadc0432ad5d53d637084e652f2656b50a7c6bffce9ddd09,NONE; preserve original path if referenced by frozen manifest
data/images/week1_v3/573434388487.webp,KEEP_REPRODUCIBILITY,数据/图片/事实单元是复现附件；不提交Git、不移动冻结split,DATA,45474,False,0,,4c9676c9517f3e8fcd0e66ca53a15471ca3ee41595a53810806979e8e584dcad,NONE; preserve original path if referenced by frozen manifest
data/images/week1_v3/573451826237.webp,KEEP_REPRODUCIBILITY,数据/图片/事实单元是复现附件；不提交Git、不移动冻结split,DATA,39326,False,0,,c7ef9d95393cc70aa5953f48f15fe9583e26b9e75f48ac1162189976b6e1c1b7,NONE; preserve original path if referenced by frozen manifest
data/images/week1_v3/573475244152.webp,KEEP_REPRODUCIBILITY,数据/图片/事实单元是复现附件；不提交Git、不移动冻结split,DATA,29464,False,0,,744a5fd9099f5f30c612de9642c8942db60df02cc7e3b35465dc39bdfd30d4cd,NONE; preserve original path if referenced by frozen manifest
data/images/week1_v3/573653255627.webp,KEEP_REPRODUCIBILITY,数据/图片/事实单元是复现附件；不提交Git、不移动冻结split,DATA,25294,False,0,,fb05e635573375b1abf9b4788c2734a3bbf1a793a740f50a239835892d2e4720,NONE; preserve original path if referenced by frozen manifest
data/images/week1_v3/573812984321.webp,KEEP_REPRODUCIBILITY,数据/图片/事实单元是复现附件；不提交Git、不移动冻结split,DATA,105832,False,0,,1be6fc9dcb2ed2a779b85aefa416423ffa98975ced87180071f6e5e82e871d9a,NONE; preserve original path if referenced by frozen manifest
data/images/week1_v3/573865448034.png,KEEP_REPRODUCIBILITY,数据/图片/事实单元是复现附件；不提交Git、不移动冻结split,DATA,149077,False,0,,f86aae33a2fb1a6090f9c3753f2b89a6cc17b226bbd7d1a2f9f8747efba258a7,NONE; preserve original path if referenced by frozen manifest
data/images/week1_v3/573914060697.webp,KEEP_REPRODUCIBILITY,数据/图片/事实单元是复现附件；不提交Git、不移动冻结split,DATA,130742,False,0,,dc2b9b6718abb8e5ae20a7ce8714016cab8f6d507bcd558dd2d07f86f1a71152,NONE; preserve original path if referenced by frozen manifest
data/images/week1_v3/573980401417.webp,KEEP_REPRODUCIBILITY,数据/图片/事实单元是复现附件；不提交Git、不移动冻结split,DATA,167568,False,0,,63e7681d832c9fa69ffb8b8c4ac490ad57ab1249fe0d92ba75d78c715b83cecf,NONE; preserve original path if referenced by frozen manifest
data/images/week1_v3/574123212908.webp,KEEP_REPRODUCIBILITY,数据/图片/事实单元是复现附件；不提交Git、不移动冻结split,DATA,34366,False,0,,443a48323bed41b805599bcbec24dfc33545f5faeb767297b5e81cc11d05d593,NONE; preserve original path if referenced by frozen manifest
data/images/week1_v3/574201245835.webp,KEEP_REPRODUCIBILITY,数据/图片/事实单元是复现附件；不提交Git、不移动冻结split,DATA,40800,False,0,,e082ea8cfa630dfa20fff9e42576164398689e451fe6f3adaf385ba363ca67f4,NONE; preserve original path if referenced by frozen manifest
data/images/week1_v3/574241926385.webp,KEEP_REPRODUCIBILITY,数据/图片/事实单元是复现附件；不提交Git、不移动冻结split,DATA,89460,False,0,,c3b65140fe928674a1207378bb6aa1da0e3725183ff0c08a37356899596a2f00,NONE; preserve original path if referenced by frozen manifest
data/images/week1_v3/574249081746.webp,KEEP_REPRODUCIBILITY,数据/图片/事实单元是复现附件；不提交Git、不移动冻结split,DATA,70312,False,0,,39dcee34ff532b6ff6ab43f0184c9ed9a45da8798f76a0bb71bf642fd251bb7d,NONE; preserve original path if referenced by frozen manifest
data/images/week1_v3/574284839813.webp,KEEP_REPRODUCIBILITY,数据/图片/事实单元是复现附件；不提交Git、不移动冻结split,DATA,34480,False,0,,9ca76db04d49b1c5afa1a0e4845fc698f348352fb8e389f96401591f1e2fd39f,NONE; preserve original path if referenced by frozen manifest
data/images/week1_v3/574330861518.webp,KEEP_REPRODUCIBILITY,数据/图片/事实单元是复现附件；不提交Git、不移动冻结split,DATA,61442,False,0,,bf7dd255230b2f58f6e14b87b51625deb01b7fa9297ff674e64185096828dcaa,NONE; preserve original path if referenced by frozen manifest
data/images/week1_v3/574604540790.webp,KEEP_REPRODUCIBILITY,数据/图片/事实单元是复现附件；不提交Git、不移动冻结split,DATA,25612,False,0,,6f6758c9761a16bbebf6c16027e78a599225a05fbc10af4742cc9f103dc7272e,NONE; preserve original path if referenced by frozen manifest
data/images/week1_v3/574635765922.webp,KEEP_REPRODUCIBILITY,数据/图片/事实单元是复现附件；不提交Git、不移动冻结split,DATA,54366,False,0,,035125b24fb45c09d03e1bd2b89c8a49310d18e705a297a1e67ce6b818b6e412,NONE; preserve original path if referenced by frozen manifest
data/images/week1_v3/574688819532.webp,KEEP_REPRODUCIBILITY,数据/图片/事实单元是复现附件；不提交Git、不移动冻结split,DATA,107490,False,0,,14d76dd496ec19666fcb09814180481a2610ee142837cb533db3f77ce9a15bbd,NONE; preserve original path if referenced by frozen manifest
data/images/week1_v3/574760892019.webp,KEEP_REPRODUCIBILITY,数据/图片/事实单元是复现附件；不提交Git、不移动冻结split,DATA,51650,False,0,,b85d1cda823aad62118edd416717bbe788da15f1a38ba80b68383a487ac03e84,NONE; preserve original path if referenced by frozen manifest
data/images/week1_v3/574797777341.webp,KEEP_REPRODUCIBILITY,数据/图片/事实单元是复现附件；不提交Git、不移动冻结split,DATA,98000,False,0,,605d91f677423265762547cb2668346190ee3053a59736d150d8f340e54500a4,NONE; preserve original path if referenced by frozen manifest
data/images/week1_v3/574852808996.webp,KEEP_REPRODUCIBILITY,数据/图片/事实单元是复现附件；不提交Git、不移动冻结split,DATA,48222,False,0,,ed4bb1fb592b1eb070f14b6639e69508f307c0d77ac31a50ec84d8098c3792b9,NONE; preserve original path if referenced by frozen manifest
data/images/week1_v3/574869647571.webp,KEEP_REPRODUCIBILITY,数据/图片/事实单元是复现附件；不提交Git、不移动冻结split,DATA,38060,False,0,,6911a7c50fd97d9a9c397c1c112dc89d131fe725ae32f2ace0d35565882581f1,NONE; preserve original path if referenced by frozen manifest
data/images/week1_v3/574890569084.webp,KEEP_REPRODUCIBILITY,数据/图片/事实单元是复现附件；不提交Git、不移动冻结split,DATA,36766,False,0,,70081856f91dd3e49398292047d6d6ec2292525998931ab34f584a1d4a8f46cf,NONE; preserve original path if referenced by frozen manifest
data/images/week1_v3/574919155592.webp,KEEP_REPRODUCIBILITY,数据/图片/事实单元是复现附件；不提交Git、不移动冻结split,DATA,52446,False,0,,1b32ee11851e2cc76d063e6636db640d6aa14148b84e491e996b013e69d73083,NONE; preserve original path if referenced by frozen manifest
data/images/week1_v3/574970160109.webp,KEEP_REPRODUCIBILITY,数据/图片/事实单元是复现附件；不提交Git、不移动冻结split,DATA,189292,False,0,,67c4a37a684ac15ac9f82d6604bee7d2d71a61784f90f3a635a77b9f1ddb16da,NONE; preserve original path if referenced by frozen manifest
data/images/week1_v3/575001596506.webp,KEEP_REPRODUCIBILITY,数据/图片/事实单元是复现附件；不提交Git、不移动冻结split,DATA,29562,False,0,,7951c03f48b415c94fc80a7dbd321f5693af74a528532a8d26dd0b8485f77b16,NONE; preserve original path if referenced by frozen manifest
data/images/week1_v3/575011726930.webp,KEEP_REPRODUCIBILITY,数据/图片/事实单元是复现附件；不提交Git、不移动冻结split,DATA,53458,False,0,,d75b66418542116896168bdf8ecd187ded006c4be91a06ac5725e60778c12050,NONE; preserve original path if referenced by frozen manifest
data/images/week1_v3/575037733730.webp,KEEP_REPRODUCIBILITY,数据/图片/事实单元是复现附件；不提交Git、不移动冻结split,DATA,77734,False,0,,a568bfb3271ae0c4423a19d4351a153b4252791dca024abb02e7cb8352b8ec9b,NONE; preserve original path if referenced by frozen manifest
data/images/week1_v3/575117674099.webp,KEEP_REPRODUCIBILITY,数据/图片/事实单元是复现附件；不提交Git、不移动冻结split,DATA,97140,False,0,,e3a471de7cf2316a8e515b0d5b126f515f5dac32d52c57621602c12c2b08fb3e,NONE; preserve original path if referenced by frozen manifest
data/images/week1_v3/575152006010.webp,KEEP_REPRODUCIBILITY,数据/图片/事实单元是复现附件；不提交Git、不移动冻结split,DATA,28802,False,0,,853e59c72b12f60cce488dabf4c91909a47694c72a25756d73cf47b4ee97e53c,NONE; preserve original path if referenced by frozen manifest
data/images/week1_v3/575197188844.webp,KEEP_REPRODUCIBILITY,数据/图片/事实单元是复现附件；不提交Git、不移动冻结split,DATA,47564,False,0,,c37aa351ad6f686c9f9899336e1a26d318a40f551b7c6eed82e76bf80321c830,NONE; preserve original path if referenced by frozen manifest
data/images/week1_v3/575198264718.webp,KEEP_REPRODUCIBILITY,数据/图片/事实单元是复现附件；不提交Git、不移动冻结split,DATA,35748,False,0,,ba149b5bed7c24b22ffad3e4c793811f75699eaff1c4e59f6779dc599fd78443,NONE; preserve original path if referenced by frozen manifest
data/images/week1_v3/575206144651.webp,KEEP_REPRODUCIBILITY,数据/图片/事实单元是复现附件；不提交Git、不移动冻结split,DATA,77292,False,0,,1d23e70f0861178f8336464304dad2c2a45e17dc1cf4503a9d13a4e65c4ba3f8,NONE; preserve original path if referenced by frozen manifest
data/images/week1_v3/575261560828.webp,KEEP_REPRODUCIBILITY,数据/图片/事实单元是复现附件；不提交Git、不移动冻结split,DATA,60778,False,0,,438c4d22f6576ac606342b3f7947ca3f1f98fd266f686f4de7d0b101e4dc171e,NONE; preserve original path if referenced by frozen manifest
data/images/week1_v3/575286196158.webp,KEEP_REPRODUCIBILITY,数据/图片/事实单元是复现附件；不提交Git、不移动冻结split,DATA,79994,False,0,,c1ed90374a4c38365110f4a63d47e7c97dcbc9db82b7971f607eb511f5dbb35f,NONE; preserve original path if referenced by frozen manifest
data/images/week1_v3/575483117738.webp,KEEP_REPRODUCIBILITY,数据/图片/事实单元是复现附件；不提交Git、不移动冻结split,DATA,17166,False,0,,0eeb32b8a1b5fa9ef455f87bf60745de88b4567b96ba9e3b3dcc4693be7541f8,NONE; preserve original path if referenced by frozen manifest
data/images/week1_v3/575485554064.webp,KEEP_REPRODUCIBILITY,数据/图片/事实单元是复现附件；不提交Git、不移动冻结split,DATA,72710,False,0,,78112acb1dd06779a1734833bc36db8649c1bc6f036638aecf47b79579733f81,NONE; preserve original path if referenced by frozen manifest
data/images/week1_v3/575711643301.webp,KEEP_REPRODUCIBILITY,数据/图片/事实单元是复现附件；不提交Git、不移动冻结split,DATA,119872,False,0,,e50912e8ef3af16661affe0ac025a2f9348eb2692f5be209ddecf73a3a5f6b45,NONE; preserve original path if referenced by frozen manifest
data/images/week1_v3/575785622755.webp,KEEP_REPRODUCIBILITY,数据/图片/事实单元是复现附件；不提交Git、不移动冻结split,DATA,43894,False,0,,b43e5183242868c044843ebc65b46d6e76e8b6caa7b7ede08d68be1732b63976,NONE; preserve original path if referenced by frozen manifest
data/images/week1_v3/575832277668.webp,KEEP_REPRODUCIBILITY,数据/图片/事实单元是复现附件；不提交Git、不移动冻结split,DATA,74792,False,0,,5131114e8e94ab9b5e30571b7696e3b63a17dcc8d068d2178e1d4b7dbdb0f78f,NONE; preserve original path if referenced by frozen manifest
data/images/week1_v3/575977818809.png,KEEP_REPRODUCIBILITY,数据/图片/事实单元是复现附件；不提交Git、不移动冻结split,DATA,155767,False,0,,252e288d2561ed520e29af925c7717fadd3ecb278ce4e3a53c95f8559d33b067,NONE; preserve original path if referenced by frozen manifest
data/images/week1_v3/576003092944.webp,KEEP_REPRODUCIBILITY,数据/图片/事实单元是复现附件；不提交Git、不移动冻结split,DATA,178232,False,0,,00a800c70d44647396028d7716dc6ac65f2c464fbce185eb3cca8c5d223d1766,NONE; preserve original path if referenced by frozen manifest
data/images/week1_v3/576028049893.webp,KEEP_REPRODUCIBILITY,数据/图片/事实单元是复现附件；不提交Git、不移动冻结split,DATA,121400,False,0,,cf32c34f470897e4c2b2f9583eb1eebc7465a89cb2776496c20ad7afaafba88f,NONE; preserve original path if referenced by frozen manifest
data/images/week1_v3/576089336382.webp,KEEP_REPRODUCIBILITY,数据/图片/事实单元是复现附件；不提交Git、不移动冻结split,DATA,64822,False,0,,14623b2fddcf5072348e15c581ca7d36a32bee81d9b8fc6b2a5cbf3811d2c904,NONE; preserve original path if referenced by frozen manifest
data/images/week1_v3/576150055638.webp,KEEP_REPRODUCIBILITY,数据/图片/事实单元是复现附件；不提交Git、不移动冻结split,DATA,23214,False,0,,2b1d4cccefced8cad3110bfd14c033eea680a7504a76468f65fff8804655bac7,NONE; preserve original path if referenced by frozen manifest
data/images/week1_v3/576159108142.webp,KEEP_REPRODUCIBILITY,数据/图片/事实单元是复现附件；不提交Git、不移动冻结split,DATA,34322,False,0,,79ddb55a55d858bf5e9d36406b6b5baa085bdac2d928ffb31be944db866ac63c,NONE; preserve original path if referenced by frozen manifest
data/images/week1_v3/576198377720.webp,KEEP_REPRODUCIBILITY,数据/图片/事实单元是复现附件；不提交Git、不移动冻结split,DATA,77418,False,0,,92cae20f170469709323ba0fbbbcf4a982e3296579b41715f9a8a1736f94371c,NONE; preserve original path if referenced by frozen manifest
data/images/week1_v3/576335115122.webp,KEEP_REPRODUCIBILITY,数据/图片/事实单元是复现附件；不提交Git、不移动冻结split,DATA,30688,False,0,,9d82515ade3e2eaeeb3ef8f18cece54020cb3a36da684aa566ebe15cacc7e3ce,NONE; preserve original path if referenced by frozen manifest
data/images/week1_v3/576377848926.png,KEEP_REPRODUCIBILITY,数据/图片/事实单元是复现附件；不提交Git、不移动冻结split,DATA,906943,False,0,,9be1b0c0c1a9498f2ed969ffb106b6ae5dab1a673275c2615ef71f5efbc3ffbc,NONE; preserve original path if referenced by frozen manifest
data/images/week1_v3/576463385175.webp,KEEP_REPRODUCIBILITY,数据/图片/事实单元是复现附件；不提交Git、不移动冻结split,DATA,27200,False,0,,afe1c2a24a30ff49518ddfc1edae90a9169f61d7204cb30a6d7c40034e1a4e1d,NONE; preserve original path if referenced by frozen manifest
data/images/week1_v3/576474707507.webp,KEEP_REPRODUCIBILITY,数据/图片/事实单元是复现附件；不提交Git、不移动冻结split,DATA,84964,False,0,,2e2e4387bd7860742d883fe24374267303dee61f21955a728f050ab20630119d,NONE; preserve original path if referenced by frozen manifest
data/images/week1_v3/576517549547.webp,KEEP_REPRODUCIBILITY,数据/图片/事实单元是复现附件；不提交Git、不移动冻结split,DATA,88332,False,0,,b6a2a2472615a08626f70548ba59a818e6d9df070e9ee110b44297a12f1984ef,NONE; preserve original path if referenced by frozen manifest
data/images/week1_v3/576587119009.jpg,KEEP_REPRODUCIBILITY,数据/图片/事实单元是复现附件；不提交Git、不移动冻结split,DATA,75796,False,0,,50ff29d89463d5806dea41de3697c650cb6495ad3e35d8c10140ae8aad8ffc01,NONE; preserve original path if referenced by frozen manifest
data/images/week1_v3/576662896262.webp,KEEP_REPRODUCIBILITY,数据/图片/事实单元是复现附件；不提交Git、不移动冻结split,DATA,48178,False,0,,9213129a1cd0ec221763f0441f797c74ed73b0c51abad4914152e4553b4350e6,NONE; preserve original path if referenced by frozen manifest
data/images/week1_v3/576678304689.webp,KEEP_REPRODUCIBILITY,数据/图片/事实单元是复现附件；不提交Git、不移动冻结split,DATA,121460,False,0,,2d9c98aaaac38a1cd2b621ee74e1b81aacf6ea2e0f1505b8a31de3211d69a67c,NONE; preserve original path if referenced by frozen manifest
data/images/week1_v3/576684535040.webp,KEEP_REPRODUCIBILITY,数据/图片/事实单元是复现附件；不提交Git、不移动冻结split,DATA,83392,False,0,,742f1c2c57d8441379c6d7a58091586aeac053de9501f8d8b9a0a2af3a5ad6da,NONE; preserve original path if referenced by frozen manifest
data/images/week1_v3/576694559149.webp,KEEP_REPRODUCIBILITY,数据/图片/事实单元是复现附件；不提交Git、不移动冻结split,DATA,84718,False,0,,5094ee29d63136e60af5641b6bf88341ab7325d18acc15bf658b42c8378f63fc,NONE; preserve original path if referenced by frozen manifest
data/images/week1_v3/576761028851.webp,KEEP_REPRODUCIBILITY,数据/图片/事实单元是复现附件；不提交Git、不移动冻结split,DATA,37980,False,0,,2c111da8ea21d8707d9214fcbd6153c2128eda1c7229e881d5ef19bf515cdd79,NONE; preserve original path if referenced by frozen manifest
data/images/week1_v3/576851747873.webp,KEEP_REPRODUCIBILITY,数据/图片/事实单元是复现附件；不提交Git、不移动冻结split,DATA,35042,False,0,,1b1f5b1fdaba5c350e38c897067fd995f2a0001f547ebb59f2d60b42ebce9749,NONE; preserve original path if referenced by frozen manifest
data/images/week1_v3/576895350300.webp,KEEP_REPRODUCIBILITY,数据/图片/事实单元是复现附件；不提交Git、不移动冻结split,DATA,120550,False,0,,89ac1b8c4198d7b5187f651305d9b9d263e40b5e8e1d497db02f4d055141119e,NONE; preserve original path if referenced by frozen manifest
data/images/week1_v3/576904378076.webp,KEEP_REPRODUCIBILITY,数据/图片/事实单元是复现附件；不提交Git、不移动冻结split,DATA,53628,False,0,,9d0594bdaf46d25f4d833ecef71aae92a3686884123cd86bcc007d963aa11277,NONE; preserve original path if referenced by frozen manifest
data/images/week1_v3/577032888154.webp,KEEP_REPRODUCIBILITY,数据/图片/事实单元是复现附件；不提交Git、不移动冻结split,DATA,38694,False,0,,4a8b86404ded94e00f30d270959bc0a9e1c8edeacf8d531fa9ee3e4474586b09,NONE; preserve original path if referenced by frozen manifest
data/images/week1_v3/577203520709.webp,KEEP_REPRODUCIBILITY,数据/图片/事实单元是复现附件；不提交Git、不移动冻结split,DATA,163956,False,0,,c983128ab19838058ba8a73bc8ae806e393eebc29171c06f6654a1ad094b0e93,NONE; preserve original path if referenced by frozen manifest
data/images/week1_v3/577265629348.webp,KEEP_REPRODUCIBILITY,数据/图片/事实单元是复现附件；不提交Git、不移动冻结split,DATA,45276,False,0,,a1853c08450135d0b3c08c7fd302272c494b4b862e611915dd4d359f2d6e675c,NONE; preserve original path if referenced by frozen manifest
data/images/week1_v3/577302175722.webp,KEEP_REPRODUCIBILITY,数据/图片/事实单元是复现附件；不提交Git、不移动冻结split,DATA,161620,False,0,,88b5696b2493580de49a6aef1b4b90b2f132663d0b646f3799c351b93264bde7,NONE; preserve original path if referenced by frozen manifest
data/images/week1_v3/577303344054.webp,KEEP_REPRODUCIBILITY,数据/图片/事实单元是复现附件；不提交Git、不移动冻结split,DATA,93906,False,0,,101f1a53a1d7f9e78825e47fec95fb78a236e0096b922003ba08e77b651ce4de,NONE; preserve original path if referenced by frozen manifest
data/images/week1_v3/577313338989.webp,KEEP_REPRODUCIBILITY,数据/图片/事实单元是复现附件；不提交Git、不移动冻结split,DATA,94188,False,0,,192536b0f29f505ce916a2cb0f06d68f33ec33da7c9dc5a1338a4428a4fbf3e0,NONE; preserve original path if referenced by frozen manifest
data/images/week1_v3/577361850923.webp,KEEP_REPRODUCIBILITY,数据/图片/事实单元是复现附件；不提交Git、不移动冻结split,DATA,208542,False,0,,70b98a35f695beb188cc6a6b71e951fd051b4deecdcd5fae1d5ba2c8d606adeb,NONE; preserve original path if referenced by frozen manifest
data/images/week1_v3/577409798517.png,KEEP_REPRODUCIBILITY,数据/图片/事实单元是复现附件；不提交Git、不移动冻结split,DATA,286354,False,0,,8c81285187ce63fdbadf39239d0f01dd7762d33b650f906e2c9c7a53c5eb085a,NONE; preserve original path if referenced by frozen manifest
data/images/week1_v3/577426751464.webp,KEEP_REPRODUCIBILITY,数据/图片/事实单元是复现附件；不提交Git、不移动冻结split,DATA,97146,False,0,,031ae0b247ceb077a9460cc601b44ccab737bf3f87424ca0d259d1097c098d4f,NONE; preserve original path if referenced by frozen manifest
data/images/week1_v3/577439914242.webp,KEEP_REPRODUCIBILITY,数据/图片/事实单元是复现附件；不提交Git、不移动冻结split,DATA,86922,False,0,,8b09650411b5bbb4e8a43b80cc0b35dfc17e8258a98878e328150c0e273a59eb,NONE; preserve original path if referenced by frozen manifest
data/images/week1_v3/577455347764.webp,KEEP_REPRODUCIBILITY,数据/图片/事实单元是复现附件；不提交Git、不移动冻结split,DATA,108178,False,0,,a1bb85f0a9bc0a8ddec25f0a67bf6c7480593a31d6127c8803be2cdb656a407a,NONE; preserve original path if referenced by frozen manifest
data/images/week1_v3/577480106651.webp,KEEP_REPRODUCIBILITY,数据/图片/事实单元是复现附件；不提交Git、不移动冻结split,DATA,50000,False,0,,c240a8e876264f55b1210b1c43b40632d60870ac288f9ab7e8756b27e187ec14,NONE; preserve original path if referenced by frozen manifest
data/images/week1_v3/577483138126.webp,KEEP_REPRODUCIBILITY,数据/图片/事实单元是复现附件；不提交Git、不移动冻结split,DATA,13742,False,0,,540069741fbc561dae1d2eea4cba2078bc8ea022ee679906dece6a261890fea7,NONE; preserve original path if referenced by frozen manifest
data/images/week1_v3/577496060042.webp,KEEP_REPRODUCIBILITY,数据/图片/事实单元是复现附件；不提交Git、不移动冻结split,DATA,44590,False,0,,78231877714b827b8a1b881f650b31f7ad46b13ea551a0f2a4bef0391c244473,NONE; preserve original path if referenced by frozen manifest
data/images/week1_v3/577499041825.webp,KEEP_REPRODUCIBILITY,数据/图片/事实单元是复现附件；不提交Git、不移动冻结split,DATA,59576,False,0,,6a39bf81953cfc5234646de5142871481e28b070bef2ca809d5917b1029b0e2a,NONE; preserve original path if referenced by frozen manifest
data/images/week1_v3/577512011238.webp,KEEP_REPRODUCIBILITY,数据/图片/事实单元是复现附件；不提交Git、不移动冻结split,DATA,37850,False,0,,cb64e3086ac0fd05839fc569c23bde115903b15fabc7a3ee333727bc1bf6c909,NONE; preserve original path if referenced by frozen manifest
data/images/week1_v3/577768402596.webp,KEEP_REPRODUCIBILITY,数据/图片/事实单元是复现附件；不提交Git、不移动冻结split,DATA,84890,False,0,,dcc766a947b857e2437386e981878f08f355ed4f923cc41a8d5dcea2121e6286,NONE; preserve original path if referenced by frozen manifest
data/images/week1_v3/577888903067.webp,KEEP_REPRODUCIBILITY,数据/图片/事实单元是复现附件；不提交Git、不移动冻结split,DATA,53134,False,0,,513220443fa539a9da4ac64cc3ea666555cce412cad02e9130cf4f3b0745655d,NONE; preserve original path if referenced by frozen manifest
data/images/week1_v3/577897438084.webp,KEEP_REPRODUCIBILITY,数据/图片/事实单元是复现附件；不提交Git、不移动冻结split,DATA,77374,False,0,,36df597ee77c568608ca3c363c81bbb00861c992f5cbd09056be04886511dbfb,NONE; preserve original path if referenced by frozen manifest
data/images/week1_v3/577927502638.webp,KEEP_REPRODUCIBILITY,数据/图片/事实单元是复现附件；不提交Git、不移动冻结split,DATA,44768,False,0,,842bca4e16f3fcc46ec94e678212e774ffb9cccdf5a01ce148407fd69daa7826,NONE; preserve original path if referenced by frozen manifest
data/images/week1_v3/578066755922.webp,KEEP_REPRODUCIBILITY,数据/图片/事实单元是复现附件；不提交Git、不移动冻结split,DATA,48444,False,0,,dcdb259afa85d7aaba46615028b780b86c05ba0d76f06b638b000827f2d6cb32,NONE; preserve original path if referenced by frozen manifest
data/images/week1_v3/578165131806.webp,KEEP_REPRODUCIBILITY,数据/图片/事实单元是复现附件；不提交Git、不移动冻结split,DATA,101784,False,0,,5680b110071796091cb8f9ff76361514e9cddfee014f8f629f43d57ee5724d9e,NONE; preserve original path if referenced by frozen manifest
data/images/week1_v3/578179786073.webp,KEEP_REPRODUCIBILITY,数据/图片/事实单元是复现附件；不提交Git、不移动冻结split,DATA,88916,False,0,,6336e437ff9105f711e86c0dcde7cbd1e66ba92e162661df99ceed102eafb497,NONE; preserve original path if referenced by frozen manifest
data/images/week1_v3/578184296239.webp,KEEP_REPRODUCIBILITY,数据/图片/事实单元是复现附件；不提交Git、不移动冻结split,DATA,59612,False,0,,67750b0901c35596145c3800039924ff6b6f0c119673e4b7ffcae5a805dbb619,NONE; preserve original path if referenced by frozen manifest
data/images/week1_v3/578364298188.webp,KEEP_REPRODUCIBILITY,数据/图片/事实单元是复现附件；不提交Git、不移动冻结split,DATA,70168,False,0,,8466101aa788818d70a2535377cb77ce8982595e356ce4c72d0ed01eb1af7065,NONE; preserve original path if referenced by frozen manifest
data/images/week1_v3/578373246053.webp,KEEP_REPRODUCIBILITY,数据/图片/事实单元是复现附件；不提交Git、不移动冻结split,DATA,52182,False,0,,335ee1663d72eb4c8f752f6ab0e5d1edc3000b17935826ad27ee2e344f194607,NONE; preserve original path if referenced by frozen manifest
data/images/week1_v3/578424827735.webp,KEEP_REPRODUCIBILITY,数据/图片/事实单元是复现附件；不提交Git、不移动冻结split,DATA,77248,False,0,,0bf89417d373fd364761b84c504c16e226162186978e0ae327e8acf8d4159bb1,NONE; preserve original path if referenced by frozen manifest
data/images/week1_v3/578515650928.jpg,KEEP_REPRODUCIBILITY,数据/图片/事实单元是复现附件；不提交Git、不移动冻结split,DATA,14058,False,0,,35202c0c04bda060dec5a6564a7bee7833b006c1ac86a006a4aa0e03147aa22e,NONE; preserve original path if referenced by frozen manifest
data/images/week1_v3/578714016326.webp,KEEP_REPRODUCIBILITY,数据/图片/事实单元是复现附件；不提交Git、不移动冻结split,DATA,36476,False,0,,c2119d51811c574e262390ca0b98165467f9731f9fd22ebc7893d57cea2e87cd,NONE; preserve original path if referenced by frozen manifest
data/images/week1_v3/578791920236.webp,KEEP_REPRODUCIBILITY,数据/图片/事实单元是复现附件；不提交Git、不移动冻结split,DATA,65726,False,0,,8da3b1c30088be5a372287bfc78104d3b11990a2cedc052537f65d5c63d9171c,NONE; preserve original path if referenced by frozen manifest
data/images/week1_v3/578819916497.webp,KEEP_REPRODUCIBILITY,数据/图片/事实单元是复现附件；不提交Git、不移动冻结split,DATA,47424,False,0,,95fe880fbcd12cd43306cb3adab9d47c9fefbb60e36c68d5bbea2ba56adc2849,NONE; preserve original path if referenced by frozen manifest
data/images/week1_v3/578845034154.webp,KEEP_REPRODUCIBILITY,数据/图片/事实单元是复现附件；不提交Git、不移动冻结split,DATA,47950,False,0,,06a9cbcfc03eb1b17868b61f1a1b80fab89d2dccf1708c8cd961529721db147c,NONE; preserve original path if referenced by frozen manifest
data/images/week1_v3/578852260256.png,KEEP_REPRODUCIBILITY,数据/图片/事实单元是复现附件；不提交Git、不移动冻结split,DATA,327845,False,0,,57b3de6a7a2e45fc630838b56cd7b05150433e4b90b3077686fa4e2541092963,NONE; preserve original path if referenced by frozen manifest
data/images/week1_v3/578959851142.webp,KEEP_REPRODUCIBILITY,数据/图片/事实单元是复现附件；不提交Git、不移动冻结split,DATA,83144,False,0,,12536b74a6b88e8884cd8f91aa5ac9d49cd2d158939375697bcbc583a2ae3509,NONE; preserve original path if referenced by frozen manifest
data/images/week1_v3/579048371658.webp,KEEP_REPRODUCIBILITY,数据/图片/事实单元是复现附件；不提交Git、不移动冻结split,DATA,150326,False,0,,2282b4b253ca71f5af8bb7ff2bbf7aa549c7ff800299867693af8daebdd3a4f0,NONE; preserve original path if referenced by frozen manifest
data/images/week1_v3/579393700415.webp,KEEP_REPRODUCIBILITY,数据/图片/事实单元是复现附件；不提交Git、不移动冻结split,DATA,67968,False,0,,112061e9675e47d57bc01dca4312efefad26ef0e8ff9aec0e2dbe0a1ac501e60,NONE; preserve original path if referenced by frozen manifest
data/images/week1_v3/579411739463.webp,KEEP_REPRODUCIBILITY,数据/图片/事实单元是复现附件；不提交Git、不移动冻结split,DATA,144282,False,0,,31f5fc68ea4931be1918801e5f2e172b5293c26e24f83b9f618ad99cff2e1e8a,NONE; preserve original path if referenced by frozen manifest
data/images/week1_v3/579510000256.webp,KEEP_REPRODUCIBILITY,数据/图片/事实单元是复现附件；不提交Git、不移动冻结split,DATA,128684,False,0,,faa8861d55591490dbec90b617fbf290d3f839daa834b824c4a6504576d97487,NONE; preserve original path if referenced by frozen manifest
data/images/week1_v3/579600375674.webp,KEEP_REPRODUCIBILITY,数据/图片/事实单元是复现附件；不提交Git、不移动冻结split,DATA,54394,False,0,,40ac375f2348c2f341be995e4d8095aae9fd3257e44bb319f9f0df01bb6b765b,NONE; preserve original path if referenced by frozen manifest
data/images/week1_v3/579773178548.webp,KEEP_REPRODUCIBILITY,数据/图片/事实单元是复现附件；不提交Git、不移动冻结split,DATA,74618,False,0,,be0047bb82271e53084f5173f8c554d388aa3ec391731a56b49c45a5ec3a5119,NONE; preserve original path if referenced by frozen manifest
data/images/week1_v3/579801984934.webp,KEEP_REPRODUCIBILITY,数据/图片/事实单元是复现附件；不提交Git、不移动冻结split,DATA,23806,False,0,,d99d9f5f20027aecc80b7cc14ff3af4a1e33b0458d3f38309a1218a55924538f,NONE; preserve original path if referenced by frozen manifest
data/images/week1_v3/579850219097.webp,KEEP_REPRODUCIBILITY,数据/图片/事实单元是复现附件；不提交Git、不移动冻结split,DATA,66848,False,0,,2b980c61413b40900893cca3331a42e9aaf4942682ba241cc76182ba6985a23b,NONE; preserve original path if referenced by frozen manifest
data/images/week1_v3/579916289699.webp,KEEP_REPRODUCIBILITY,数据/图片/事实单元是复现附件；不提交Git、不移动冻结split,DATA,58836,False,0,,1b1ce1c8c34803ab843d50b4e82789c3666fbcfcc6d8f9a69f230439074c32ee,NONE; preserve original path if referenced by frozen manifest
data/images/week1_v3/579997067080.webp,KEEP_REPRODUCIBILITY,数据/图片/事实单元是复现附件；不提交Git、不移动冻结split,DATA,31996,False,0,,54c60836c368564b9692ced9cee7de059e88523e324dc1d545e6004fb6c2a71f,NONE; preserve original path if referenced by frozen manifest
data/images/week1_v3/580016636278.webp,KEEP_REPRODUCIBILITY,数据/图片/事实单元是复现附件；不提交Git、不移动冻结split,DATA,95366,False,0,,2ef94530aa064fb66390115a96c820d45e78a597b024be4fd7a26f5785f278a4,NONE; preserve original path if referenced by frozen manifest
data/images/week1_v3/580129816982.webp,KEEP_REPRODUCIBILITY,数据/图片/事实单元是复现附件；不提交Git、不移动冻结split,DATA,25236,False,0,,9eac9901b72e900c802d326630f4bfe22fd41f21bed916737be11e79b6a1c127,NONE; preserve original path if referenced by frozen manifest
data/images/week1_v3/580164285451.webp,KEEP_REPRODUCIBILITY,数据/图片/事实单元是复现附件；不提交Git、不移动冻结split,DATA,51884,False,0,,3c66d9a19790d6157f7c29e64f4dd823831ed87bc2567e034f9532b36026a7fc,NONE; preserve original path if referenced by frozen manifest
data/images/week1_v3/580215420451.webp,KEEP_REPRODUCIBILITY,数据/图片/事实单元是复现附件；不提交Git、不移动冻结split,DATA,59688,False,0,,a6a3dde708558fdcd7750e01d1872b259b4c50de824263d54c9042923e272de2,NONE; preserve original path if referenced by frozen manifest
data/images/week1_v3/580223614750.webp,KEEP_REPRODUCIBILITY,数据/图片/事实单元是复现附件；不提交Git、不移动冻结split,DATA,72832,False,0,,bccf97730607cdb31f2be23c9c06b1219ce06f4716b5b0a8cac9aba0ab5d6b15,NONE; preserve original path if referenced by frozen manifest
data/images/week1_v3/580298584089.jpg,KEEP_REPRODUCIBILITY,数据/图片/事实单元是复现附件；不提交Git、不移动冻结split,DATA,179862,False,0,,a5c3d0d2ef5b7d95f2e139e2783305db5854f32538be3ff124224fbdce52773f,NONE; preserve original path if referenced by frozen manifest
data/images/week1_v3/580304482281.webp,KEEP_REPRODUCIBILITY,数据/图片/事实单元是复现附件；不提交Git、不移动冻结split,DATA,50258,False,0,,d0e4a9a13613a40b66ea1e5b82525cae10e4ae81ac6b3d790dc1e3a71372a13a,NONE; preserve original path if referenced by frozen manifest
data/images/week1_v3/580312751243.webp,KEEP_REPRODUCIBILITY,数据/图片/事实单元是复现附件；不提交Git、不移动冻结split,DATA,29600,False,0,,b28fd096afe108386cdb6c2c54811bbd8d80e2e352a4af547640bdfa1d638fb0,NONE; preserve original path if referenced by frozen manifest
data/images/week1_v3/580333585585.webp,KEEP_REPRODUCIBILITY,数据/图片/事实单元是复现附件；不提交Git、不移动冻结split,DATA,87824,False,0,,5bf0f6c3edbf58b88c059e42632506eadce84b2e71491bf93cb81508c8c5e65c,NONE; preserve original path if referenced by frozen manifest
data/images/week1_v3/580361656719.webp,KEEP_REPRODUCIBILITY,数据/图片/事实单元是复现附件；不提交Git、不移动冻结split,DATA,52894,False,0,,9fce5e76cfb6266c8b269591dc766d315021e0028a685c81aaa204a32084f7b5,NONE; preserve original path if referenced by frozen manifest
data/images/week1_v3/580390189481.jpg,KEEP_REPRODUCIBILITY,数据/图片/事实单元是复现附件；不提交Git、不移动冻结split,DATA,89609,False,0,,688c4f34255729c2b025dbd8c80101764357e95f9cbe649683b233f4d700cc47,NONE; preserve original path if referenced by frozen manifest
data/images/week1_v3/580397149507.webp,KEEP_REPRODUCIBILITY,数据/图片/事实单元是复现附件；不提交Git、不移动冻结split,DATA,56074,False,0,,cf36cdb0dbce354a18f0cce857d81237c15bddb1a4514f1013ae4b1b7be1f059,NONE; preserve original path if referenced by frozen manifest
data/images/week1_v3/580523658232.jpg,KEEP_REPRODUCIBILITY,数据/图片/事实单元是复现附件；不提交Git、不移动冻结split,DATA,211996,False,0,,cd528efe9350475497698da71de579551175383c30d2e622bb9755663290508f,NONE; preserve original path if referenced by frozen manifest
data/images/week1_v3/580709425243.webp,KEEP_REPRODUCIBILITY,数据/图片/事实单元是复现附件；不提交Git、不移动冻结split,DATA,224436,False,0,,214e449871cbeb987257d66108ec6a1e1212ab85795c575fcaa98f436d31e633,NONE; preserve original path if referenced by frozen manifest
data/images/week1_v3/580959405684.webp,KEEP_REPRODUCIBILITY,数据/图片/事实单元是复现附件；不提交Git、不移动冻结split,DATA,60292,False,0,,ccbaec2a3e5df73c620d9badc0f941469226196770a67dc155e4d9620be666f8,NONE; preserve original path if referenced by frozen manifest
data/images/week1_v3/580986410492.webp,KEEP_REPRODUCIBILITY,数据/图片/事实单元是复现附件；不提交Git、不移动冻结split,DATA,10074,False,0,,38551f63dca891c3bb6946e3ee5633471120c1d7c9755d00a333075523bc4cd8,NONE; preserve original path if referenced by frozen manifest
data/images/week1_v3/581013648734.webp,KEEP_REPRODUCIBILITY,数据/图片/事实单元是复现附件；不提交Git、不移动冻结split,DATA,75078,False,0,,310576b2461f722a739008fe6018cc12254849fc7eb974b39315182fb522eeac,NONE; preserve original path if referenced by frozen manifest
data/images/week1_v3/581200188374.webp,KEEP_REPRODUCIBILITY,数据/图片/事实单元是复现附件；不提交Git、不移动冻结split,DATA,34960,False,0,,2f9e0ca11bd6d64be335328d373a56278914aa94065e5a31f43d3f2a2be0c66b,NONE; preserve original path if referenced by frozen manifest
data/images/week1_v3/581255687699.webp,KEEP_REPRODUCIBILITY,数据/图片/事实单元是复现附件；不提交Git、不移动冻结split,DATA,108846,False,0,,3420825f46c32e131bd25ed416ffc4ae5c7e52daf736d04de354191c7e06b19c,NONE; preserve original path if referenced by frozen manifest
data/images/week1_v3/581300584985.webp,KEEP_REPRODUCIBILITY,数据/图片/事实单元是复现附件；不提交Git、不移动冻结split,DATA,134348,False,0,,d48eebc42678f98dba1101322d9d64b46cb9d2b423e598e4e2ddc4e5d52bbaa3,NONE; preserve original path if referenced by frozen manifest
data/images/week1_v3/581323518733.webp,KEEP_REPRODUCIBILITY,数据/图片/事实单元是复现附件；不提交Git、不移动冻结split,DATA,133150,False,0,,522de5f2149f00ce92d7cf617e508df24efd792fa7a73364a1aa409d0e66005f,NONE; preserve original path if referenced by frozen manifest
data/images/week1_v3/581329948812.webp,KEEP_REPRODUCIBILITY,数据/图片/事实单元是复现附件；不提交Git、不移动冻结split,DATA,52088,False,0,,01797e78caa5dea6756063d11d1ca346127c6c819a5cd72da87cb8c5150bc1b9,NONE; preserve original path if referenced by frozen manifest
data/images/week1_v3/581345676955.webp,KEEP_REPRODUCIBILITY,数据/图片/事实单元是复现附件；不提交Git、不移动冻结split,DATA,33572,False,0,,da2af435e7eaeca28452bb18a7c1068d581a013a51ea87355d0997baf900e994,NONE; preserve original path if referenced by frozen manifest
data/images/week1_v3/581530850081.webp,KEEP_REPRODUCIBILITY,数据/图片/事实单元是复现附件；不提交Git、不移动冻结split,DATA,34716,False,0,,048029f49790b8a21afe4eb08a3a77041fd44eb46e91876881f0917c16d34aa9,NONE; preserve original path if referenced by frozen manifest
data/images/week1_v3/581546925755.webp,KEEP_REPRODUCIBILITY,数据/图片/事实单元是复现附件；不提交Git、不移动冻结split,DATA,25596,False,0,,ed19ed3c13e33e305e29de85b7b98f1d7ff782df7ebde8c74a2fd61f3cfbca58,NONE; preserve original path if referenced by frozen manifest
data/images/week1_v3/581569530657.webp,KEEP_REPRODUCIBILITY,数据/图片/事实单元是复现附件；不提交Git、不移动冻结split,DATA,67082,False,0,,cbb02158005ce478e00d8059465e32e570608c5090a47114cd2df0771dc3fe7e,NONE; preserve original path if referenced by frozen manifest
data/images/week1_v3/581599311996.webp,KEEP_REPRODUCIBILITY,数据/图片/事实单元是复现附件；不提交Git、不移动冻结split,DATA,90026,False,0,,6fa013cab1abd84e4d9ad2a408079718855d663de23b5714454ee0fa9b77bf92,NONE; preserve original path if referenced by frozen manifest
data/images/week1_v3/5816004540.png,KEEP_REPRODUCIBILITY,数据/图片/事实单元是复现附件；不提交Git、不移动冻结split,DATA,207065,False,0,,075d617c1711507430817965845211cc11db0626a0d4171da164a07a33760e4e,NONE; preserve original path if referenced by frozen manifest
data/images/week1_v3/581641076276.webp,KEEP_REPRODUCIBILITY,数据/图片/事实单元是复现附件；不提交Git、不移动冻结split,DATA,65682,False,0,,b3262b24379b4b23a44ab541d29a98188666f2afbcb2ad1552ccb6abbd3e4dcf,NONE; preserve original path if referenced by frozen manifest
data/images/week1_v3/581689863460.webp,KEEP_REPRODUCIBILITY,数据/图片/事实单元是复现附件；不提交Git、不移动冻结split,DATA,57166,False,0,,dcc88e67bf002060518c31c3752fcdff217d5376ad6c0c615b143584288fd08e,NONE; preserve original path if referenced by frozen manifest
data/images/week1_v3/581697202327.webp,KEEP_REPRODUCIBILITY,数据/图片/事实单元是复现附件；不提交Git、不移动冻结split,DATA,21506,False,0,,ae7b9bdb7e2dbcbb3e3f21d660bdbe4936556bd0d2ec76cc46fed7df990d2346,NONE; preserve original path if referenced by frozen manifest
data/images/week1_v3/581934839340.webp,KEEP_REPRODUCIBILITY,数据/图片/事实单元是复现附件；不提交Git、不移动冻结split,DATA,42542,False,0,,b536ff09e958609286fc04d7153863e6aeec955dec4c40416e34879180607716,NONE; preserve original path if referenced by frozen manifest
data/images/week1_v3/581987427956.jpg,KEEP_REPRODUCIBILITY,数据/图片/事实单元是复现附件；不提交Git、不移动冻结split,DATA,198894,False,0,,64c72c684296824366e9f120b91322e4199dd2f52711f52844b69bf10408eab3,NONE; preserve original path if referenced by frozen manifest
data/images/week1_v3/582057459209.webp,KEEP_REPRODUCIBILITY,数据/图片/事实单元是复现附件；不提交Git、不移动冻结split,DATA,111446,False,0,,afcf91dd46aa356db07d73ef11e08a4234519aba6fb16092bd1c811d1b5e0592,NONE; preserve original path if referenced by frozen manifest
data/images/week1_v3/582060385076.webp,KEEP_REPRODUCIBILITY,数据/图片/事实单元是复现附件；不提交Git、不移动冻结split,DATA,29188,False,0,,c0b305cc74e2f783df427e82ba09435a7070a163a4ea8d25f0631f2a6b89af57,NONE; preserve original path if referenced by frozen manifest
data/images/week1_v3/582174767957.webp,KEEP_REPRODUCIBILITY,数据/图片/事实单元是复现附件；不提交Git、不移动冻结split,DATA,63226,False,0,,41e9c543b55ba40838ebeabdac64ddba84300424faa2ebd2d80cc8ed0a06bf87,NONE; preserve original path if referenced by frozen manifest
data/images/week1_v3/582185746691.webp,KEEP_REPRODUCIBILITY,数据/图片/事实单元是复现附件；不提交Git、不移动冻结split,DATA,58078,False,0,,e8d3a695956a5072b3ff7ed71341da6331ce32c22c7e55f3095a1c3e8348f664,NONE; preserve original path if referenced by frozen manifest
data/images/week1_v3/582366601048.webp,KEEP_REPRODUCIBILITY,数据/图片/事实单元是复现附件；不提交Git、不移动冻结split,DATA,30828,False,0,,7f1d2f88204648d407d588eb1c1e5b2c7b519ee4ecc16cb6230916326d01e781,NONE; preserve original path if referenced by frozen manifest
data/images/week1_v3/582452678115.webp,KEEP_REPRODUCIBILITY,数据/图片/事实单元是复现附件；不提交Git、不移动冻结split,DATA,28562,False,0,,4ac30ee8d3d9a9049d38598d97c99872a39093ec79c125ddedf0227d9494cc55,NONE; preserve original path if referenced by frozen manifest
data/images/week1_v3/582604126168.webp,KEEP_REPRODUCIBILITY,数据/图片/事实单元是复现附件；不提交Git、不移动冻结split,DATA,40840,False,0,,27352216ca464478a7f58af47ee9b7486333b29e35a3afce643ea7037533b7f1,NONE; preserve original path if referenced by frozen manifest
data/images/week1_v3/582741417717.webp,KEEP_REPRODUCIBILITY,数据/图片/事实单元是复现附件；不提交Git、不移动冻结split,DATA,30252,False,0,,a917e65470786df4dde904d7dee3ea54c7e859ecc90ec03f16772688bb212b3b,NONE; preserve original path if referenced by frozen manifest
data/images/week1_v3/582795315434.webp,KEEP_REPRODUCIBILITY,数据/图片/事实单元是复现附件；不提交Git、不移动冻结split,DATA,49246,False,0,,5028233b589a620533d76e8829c82dd7dd68a257a2ff6fc8d275dc278fcc08bb,NONE; preserve original path if referenced by frozen manifest
data/images/week1_v3/582839837483.webp,KEEP_REPRODUCIBILITY,数据/图片/事实单元是复现附件；不提交Git、不移动冻结split,DATA,104494,False,0,,97daa6d2b5bb570729ec0d3d42721bf51e6406015e5be9d86719880f00ff52f5,NONE; preserve original path if referenced by frozen manifest
data/images/week1_v3/582853992082.webp,KEEP_REPRODUCIBILITY,数据/图片/事实单元是复现附件；不提交Git、不移动冻结split,DATA,144616,False,0,,053a178df318f38560b02bd785aed3bfb519b3b4afd0821cb8385d728934b696,NONE; preserve original path if referenced by frozen manifest
data/images/week1_v3/582883357341.webp,KEEP_REPRODUCIBILITY,数据/图片/事实单元是复现附件；不提交Git、不移动冻结split,DATA,83066,False,0,,59f7368631442154c8cb03d7103a1ea8d16b7918f020340ec34ae86caef66dd3,NONE; preserve original path if referenced by frozen manifest
data/images/week1_v3/582890269894.webp,KEEP_REPRODUCIBILITY,数据/图片/事实单元是复现附件；不提交Git、不移动冻结split,DATA,86264,False,0,,bdf3d50efbfea74b02d27d3cedb89a7109f17eec715c3899d910c8d82fccdc2f,NONE; preserve original path if referenced by frozen manifest
data/images/week1_v3/583014299804.webp,KEEP_REPRODUCIBILITY,数据/图片/事实单元是复现附件；不提交Git、不移动冻结split,DATA,44410,False,0,,29287deea1e3b498a0c4a418596e95a523cecf4e6855c8e454287a9b6786b0ad,NONE; preserve original path if referenced by frozen manifest
data/images/week1_v3/583021815556.webp,KEEP_REPRODUCIBILITY,数据/图片/事实单元是复现附件；不提交Git、不移动冻结split,DATA,36676,False,0,,3a76172d9a602902b19b4a6d5f1af2f83ba0f750b0a07abea9e531c9f123a960,NONE; preserve original path if referenced by frozen manifest
data/images/week1_v3/583061306894.webp,KEEP_REPRODUCIBILITY,数据/图片/事实单元是复现附件；不提交Git、不移动冻结split,DATA,139402,False,0,,6f80949b977ed1453656697932fa35b8118bd1796667002ff061c3841a9e338b,NONE; preserve original path if referenced by frozen manifest
data/images/week1_v3/583063042795.webp,KEEP_REPRODUCIBILITY,数据/图片/事实单元是复现附件；不提交Git、不移动冻结split,DATA,51592,False,0,,f7d9eb8106d61a5c65a8e2cedef4171b00dd5905342c6272830fb76f432b4b88,NONE; preserve original path if referenced by frozen manifest
data/images/week1_v3/583069909352.webp,KEEP_REPRODUCIBILITY,数据/图片/事实单元是复现附件；不提交Git、不移动冻结split,DATA,64130,False,0,,bcc47db694066b856c7a99d303f7dfae6f1ecd5e74b9dd0deb38f364a39c2157,NONE; preserve original path if referenced by frozen manifest
data/images/week1_v3/583111796472.webp,KEEP_REPRODUCIBILITY,数据/图片/事实单元是复现附件；不提交Git、不移动冻结split,DATA,32578,False,0,,74d95c19eb815fda9da8d39ce1456462953a846522cfbb0dc1b2a1e94d41f843,NONE; preserve original path if referenced by frozen manifest
data/images/week1_v3/583120732189.webp,KEEP_REPRODUCIBILITY,数据/图片/事实单元是复现附件；不提交Git、不移动冻结split,DATA,64024,False,0,,15bdad70f7de05f645d9515975f1401bee9d9b3369603d46a8782af27adb89c2,NONE; preserve original path if referenced by frozen manifest
data/images/week1_v3/583156468306.webp,KEEP_REPRODUCIBILITY,数据/图片/事实单元是复现附件；不提交Git、不移动冻结split,DATA,118474,False,0,,9f67d18ed7eae69654323de6822aa5532872f59953df6c45daf84fe44dbfeb46,NONE; preserve original path if referenced by frozen manifest
data/images/week1_v3/583200126253.webp,KEEP_REPRODUCIBILITY,数据/图片/事实单元是复现附件；不提交Git、不移动冻结split,DATA,69078,False,0,,d481916d61ed6af96ba0e7037e8d407b3727ebf8e37bc47f9efa49611b5543aa,NONE; preserve original path if referenced by frozen manifest
data/images/week1_v3/583270934517.webp,KEEP_REPRODUCIBILITY,数据/图片/事实单元是复现附件；不提交Git、不移动冻结split,DATA,57560,False,0,,1912e9b9db467b41c5b3f84bb32a264a7546210853666e5f6bd52b67cd8b85f7,NONE; preserve original path if referenced by frozen manifest
data/images/week1_v3/583380923610.webp,KEEP_REPRODUCIBILITY,数据/图片/事实单元是复现附件；不提交Git、不移动冻结split,DATA,40902,False,0,,57629f7a810cf94390bab24646851afa43c2c4c89178875002a290d3d683c0c2,NONE; preserve original path if referenced by frozen manifest
data/images/week1_v3/583397549613.webp,KEEP_REPRODUCIBILITY,数据/图片/事实单元是复现附件；不提交Git、不移动冻结split,DATA,75112,False,0,,44d99ca8785054599c003240896765429d7fc578531e5940828c69085c51c781,NONE; preserve original path if referenced by frozen manifest
data/images/week1_v3/583446405952.webp,KEEP_REPRODUCIBILITY,数据/图片/事实单元是复现附件；不提交Git、不移动冻结split,DATA,85924,False,0,,b8c4b7fbeb6cd4d1327493b683733bc9984fa6352bef3789d26456b091b01bf3,NONE; preserve original path if referenced by frozen manifest
data/images/week1_v3/583457250405.webp,KEEP_REPRODUCIBILITY,数据/图片/事实单元是复现附件；不提交Git、不移动冻结split,DATA,98386,False,0,,b51368de285d10a403aa02bd57b7feb96a2a065ac2e6005b4d81620936434e75,NONE; preserve original path if referenced by frozen manifest
data/images/week1_v3/583503352757.webp,KEEP_REPRODUCIBILITY,数据/图片/事实单元是复现附件；不提交Git、不移动冻结split,DATA,70452,False,0,,7098b3245509145fcc7289b2a4d4da78e445e8eec9e110d380a5815da51cdee0,NONE; preserve original path if referenced by frozen manifest
data/images/week1_v3/583581714600.webp,KEEP_REPRODUCIBILITY,数据/图片/事实单元是复现附件；不提交Git、不移动冻结split,DATA,38576,False,0,,e35b9d0a7ca0fe3df80d339e7a8202b714ba272fb0c6ac892937a1c8db279cb5,NONE; preserve original path if referenced by frozen manifest
data/images/week1_v3/583586078886.webp,KEEP_REPRODUCIBILITY,数据/图片/事实单元是复现附件；不提交Git、不移动冻结split,DATA,40546,False,0,,809edd5fab9c80d3648623c9c59c91625347e18e0893d39e7576c7150f294586,NONE; preserve original path if referenced by frozen manifest
data/images/week1_v3/583601853144.webp,KEEP_REPRODUCIBILITY,数据/图片/事实单元是复现附件；不提交Git、不移动冻结split,DATA,403912,False,0,,1e7988c464cf5e5f27faffb23d441bc3fcdfe6917edb0da697dc87f0fbbd53a7,NONE; preserve original path if referenced by frozen manifest
data/images/week1_v3/583650760471.webp,KEEP_REPRODUCIBILITY,数据/图片/事实单元是复现附件；不提交Git、不移动冻结split,DATA,83102,False,0,,41b8d2554e08fbd2d109c05e013a32cd2dbeb1ab94f8ad286458c1a60f2b0db6,NONE; preserve original path if referenced by frozen manifest
data/images/week1_v3/583748933392.webp,KEEP_REPRODUCIBILITY,数据/图片/事实单元是复现附件；不提交Git、不移动冻结split,DATA,24968,False,0,,8511184a7ff896543487e3cae137ee896b8fc2c6b803ed82ab910231baf6f8ab,NONE; preserve original path if referenced by frozen manifest
data/images/week1_v3/583797205123.webp,KEEP_REPRODUCIBILITY,数据/图片/事实单元是复现附件；不提交Git、不移动冻结split,DATA,65914,False,0,,a56e6e78ca480d428e49c497e9428b40860c86c6d2f70a679ecb76dcec2ed3b4,NONE; preserve original path if referenced by frozen manifest
data/images/week1_v3/583823245841.webp,KEEP_REPRODUCIBILITY,数据/图片/事实单元是复现附件；不提交Git、不移动冻结split,DATA,55948,False,0,,4e6e68c66b47071ac72b8ccb922ca8af2fd671f5a7be06c76d09da62919bf0ea,NONE; preserve original path if referenced by frozen manifest
data/images/week1_v3/584019808914.png,KEEP_REPRODUCIBILITY,数据/图片/事实单元是复现附件；不提交Git、不移动冻结split,DATA,323822,False,0,,2367465dcc874e08db85e1caab60b344e45b5ef650219d761f1a6eff020fb38e,NONE; preserve original path if referenced by frozen manifest
data/images/week1_v3/584067913071.webp,KEEP_REPRODUCIBILITY,数据/图片/事实单元是复现附件；不提交Git、不移动冻结split,DATA,62160,False,0,,72cd6b9ba299e94e14e5b4e5015f2a1a25088b02375afa818b04e3eac377d039,NONE; preserve original path if referenced by frozen manifest
data/images/week1_v3/584119228897.webp,KEEP_REPRODUCIBILITY,数据/图片/事实单元是复现附件；不提交Git、不移动冻结split,DATA,38206,False,0,,71e524de6da62cccd089b86660c2c524525c5662163b16fb4c793e59179330be,NONE; preserve original path if referenced by frozen manifest
data/images/week1_v3/584183360224.webp,KEEP_REPRODUCIBILITY,数据/图片/事实单元是复现附件；不提交Git、不移动冻结split,DATA,74210,False,0,,f1012eac442de4422236ef571a0c1f59c9a9aa59bfddfcc21319fd7d23ec88b9,NONE; preserve original path if referenced by frozen manifest
data/images/week1_v3/584183776899.webp,KEEP_REPRODUCIBILITY,数据/图片/事实单元是复现附件；不提交Git、不移动冻结split,DATA,88296,False,0,,6a54b31710c88f7f278d45fabb874671e2a4d5e5c8520e9019b4a196b8ae9084,NONE; preserve original path if referenced by frozen manifest
data/images/week1_v3/584308818142.webp,KEEP_REPRODUCIBILITY,数据/图片/事实单元是复现附件；不提交Git、不移动冻结split,DATA,75438,False,0,,c60a5b0ccb4ea5fc2a034d5819646ce0e4b1d5f0f69d3d2061fc5ad4e3d32d7a,NONE; preserve original path if referenced by frozen manifest
data/images/week1_v3/584592939919.webp,KEEP_REPRODUCIBILITY,数据/图片/事实单元是复现附件；不提交Git、不移动冻结split,DATA,63670,False,0,,4673a9da76025d4360975078f48972829dc8835438e3caa4d36869e1ccb641e4,NONE; preserve original path if referenced by frozen manifest
data/images/week1_v3/584606318089.webp,KEEP_REPRODUCIBILITY,数据/图片/事实单元是复现附件；不提交Git、不移动冻结split,DATA,26678,False,0,,3dd8ed64ed86ef8a9c461c722e2e6370da5709639efa3a49089bc4f2c9b742d0,NONE; preserve original path if referenced by frozen manifest
data/images/week1_v3/584641469378.webp,KEEP_REPRODUCIBILITY,数据/图片/事实单元是复现附件；不提交Git、不移动冻结split,DATA,114658,False,0,,1b4ddaba006b0aa5d2ec08eb4923f4054a2e02bffb12032b82a87494f7b6c7e9,NONE; preserve original path if referenced by frozen manifest
data/images/week1_v3/584648531319.webp,KEEP_REPRODUCIBILITY,数据/图片/事实单元是复现附件；不提交Git、不移动冻结split,DATA,32056,False,0,,fa64d400a7d3bf1e86c4bebbd7a9bc01da62656f7b3becf7d61800a80e7f423e,NONE; preserve original path if referenced by frozen manifest
data/images/week1_v3/584670219967.webp,KEEP_REPRODUCIBILITY,数据/图片/事实单元是复现附件；不提交Git、不移动冻结split,DATA,200240,False,0,,4ccae1db975edf54ecf055def927b0ee0c6f6e211ffa38fec128c08653304285,NONE; preserve original path if referenced by frozen manifest
data/images/week1_v3/584801226682.webp,KEEP_REPRODUCIBILITY,数据/图片/事实单元是复现附件；不提交Git、不移动冻结split,DATA,63562,False,0,,0ba841195bee151a758e14ee4731637ac0fcc29e0ec6c6392a8a39a3c0c9e222,NONE; preserve original path if referenced by frozen manifest
data/images/week1_v3/584805962682.webp,KEEP_REPRODUCIBILITY,数据/图片/事实单元是复现附件；不提交Git、不移动冻结split,DATA,64484,False,0,,b2631263ef9994af1af670c6a5cafa5537cd1018bb4c4952a48121004d8f1379,NONE; preserve original path if referenced by frozen manifest
data/images/week1_v3/584845036296.webp,KEEP_REPRODUCIBILITY,数据/图片/事实单元是复现附件；不提交Git、不移动冻结split,DATA,56040,False,0,,ba13fadb4af20d8846b565c9eea80a0b99523d37dbd3cd1da8ba637c20d96439,NONE; preserve original path if referenced by frozen manifest
data/images/week1_v3/584862980554.webp,KEEP_REPRODUCIBILITY,数据/图片/事实单元是复现附件；不提交Git、不移动冻结split,DATA,56268,False,0,,b49fcfdc2c16a3185ad5116b01426b8d22822ec2023cd5945483f5d2065cd4fd,NONE; preserve original path if referenced by frozen manifest
data/images/week1_v3/585102109186.png,KEEP_REPRODUCIBILITY,数据/图片/事实单元是复现附件；不提交Git、不移动冻结split,DATA,310636,False,0,,2fbbbba6d52d7a9e10306e643f9fcf3525729941f528c659cf4e9e885e6f2402,NONE; preserve original path if referenced by frozen manifest
data/images/week1_v3/585146405048.webp,KEEP_REPRODUCIBILITY,数据/图片/事实单元是复现附件；不提交Git、不移动冻结split,DATA,165400,False,0,,364da6aebc846ec3e71b29537a54bf913719313866ed1d8db2b021111d573e97,NONE; preserve original path if referenced by frozen manifest
data/images/week1_v3/585183140226.webp,KEEP_REPRODUCIBILITY,数据/图片/事实单元是复现附件；不提交Git、不移动冻结split,DATA,21394,False,0,,101296acd06a7fcda2177033bee377294ce25cb338a0118dcfecfa647262d44c,NONE; preserve original path if referenced by frozen manifest
data/images/week1_v3/585366825079.webp,KEEP_REPRODUCIBILITY,数据/图片/事实单元是复现附件；不提交Git、不移动冻结split,DATA,73130,False,0,,b7bfd3b6e25aa3d6120055bf2149bc01a8ee980128fb2c5468c86b45a6664786,NONE; preserve original path if referenced by frozen manifest
data/images/week1_v3/585440621431.webp,KEEP_REPRODUCIBILITY,数据/图片/事实单元是复现附件；不提交Git、不移动冻结split,DATA,13922,False,0,,63ddd46840bd8c8cf3e9a0e7346e30ba7abedbe018030590f83a0fea53ab3e1d,NONE; preserve original path if referenced by frozen manifest
data/images/week1_v3/585467820727.webp,KEEP_REPRODUCIBILITY,数据/图片/事实单元是复现附件；不提交Git、不移动冻结split,DATA,99962,False,0,,6eefd77a120533ad382c4ba5b12f923bbe7341fe52121d509d62b36b1cc178b0,NONE; preserve original path if referenced by frozen manifest
data/images/week1_v3/585600843776.webp,KEEP_REPRODUCIBILITY,数据/图片/事实单元是复现附件；不提交Git、不移动冻结split,DATA,46726,False,0,,d2273f623b649ad66a5e0579dc2611f24302b872bba20572fa395d9bc0b530b9,NONE; preserve original path if referenced by frozen manifest
data/images/week1_v3/585690689615.webp,KEEP_REPRODUCIBILITY,数据/图片/事实单元是复现附件；不提交Git、不移动冻结split,DATA,84026,False,0,,db1fb5fd5fafb01ae0e7d1669cd03dd45c95e71856a1240f035197b6ad3f4157,NONE; preserve original path if referenced by frozen manifest
data/images/week1_v3/585897607759.webp,KEEP_REPRODUCIBILITY,数据/图片/事实单元是复现附件；不提交Git、不移动冻结split,DATA,27216,False,0,,88c148771ee5ada4a97db47b27851d70c0c35e06877db63f798c1834bc5508f0,NONE; preserve original path if referenced by frozen manifest
data/images/week1_v3/585987700006.webp,KEEP_REPRODUCIBILITY,数据/图片/事实单元是复现附件；不提交Git、不移动冻结split,DATA,77776,False,0,,ee8110384c56e896b7149f415e13e5ab14db951addb5dd5a168820ccc1dedca4,NONE; preserve original path if referenced by frozen manifest
data/images/week1_v3/586203674883.webp,KEEP_REPRODUCIBILITY,数据/图片/事实单元是复现附件；不提交Git、不移动冻结split,DATA,45840,False,0,,a6e9bab22f0e1e5acd7093caf66e2a9e2c2a22321f21909659f4085c250c3b18,NONE; preserve original path if referenced by frozen manifest
data/images/week1_v3/586261110849.webp,KEEP_REPRODUCIBILITY,数据/图片/事实单元是复现附件；不提交Git、不移动冻结split,DATA,94838,False,0,,68c5f41c3ed45c7aa05ab315cc3074ae891105ebad60cc95c7d81920cf09f322,NONE; preserve original path if referenced by frozen manifest
data/images/week1_v3/586293196428.webp,KEEP_REPRODUCIBILITY,数据/图片/事实单元是复现附件；不提交Git、不移动冻结split,DATA,29092,False,0,,1e05ee56766a1864bb5084e4c4f661aef6c4afde64622655f1c26b5bee429bfc,NONE; preserve original path if referenced by frozen manifest
data/images/week1_v3/586356111871.png,KEEP_REPRODUCIBILITY,数据/图片/事实单元是复现附件；不提交Git、不移动冻结split,DATA,491727,False,0,,5c85a42fc53b90d5513a434511afbab9bdb828580faab286f39a39b58cf68cb0,NONE; preserve original path if referenced by frozen manifest
data/images/week1_v3/586412843140.webp,KEEP_REPRODUCIBILITY,数据/图片/事实单元是复现附件；不提交Git、不移动冻结split,DATA,60174,False,0,,0607e723a3f79c5c5a40c03d9242e28c6c123b42a7aee6467285bae7e11d6087,NONE; preserve original path if referenced by frozen manifest
data/images/week1_v3/586414581894.webp,KEEP_REPRODUCIBILITY,数据/图片/事实单元是复现附件；不提交Git、不移动冻结split,DATA,252086,False,0,,016b12bb22154b453fa9bc9ebbb7f682bb9a915e9485d4944ed66d1d80a059d4,NONE; preserve original path if referenced by frozen manifest
data/images/week1_v3/586470681820.webp,KEEP_REPRODUCIBILITY,数据/图片/事实单元是复现附件；不提交Git、不移动冻结split,DATA,17312,False,0,,0ed4b8a497447b30fc228f2cd76d19ac31159367df602f85400ead1f3f0d3d89,NONE; preserve original path if referenced by frozen manifest
data/images/week1_v3/586552723406.webp,KEEP_REPRODUCIBILITY,数据/图片/事实单元是复现附件；不提交Git、不移动冻结split,DATA,23792,False,0,,8e2676af431ccd94468f9b7dd29091da1c1d4a7bc33a367874e98db7584402fb,NONE; preserve original path if referenced by frozen manifest
data/images/week1_v3/586631821852.webp,KEEP_REPRODUCIBILITY,数据/图片/事实单元是复现附件；不提交Git、不移动冻结split,DATA,111124,False,0,,b2d799f56ee9d26e1ee9afc711b9895d0d44eb7c43834db3ebdce77c7265e15d,NONE; preserve original path if referenced by frozen manifest
data/images/week1_v3/586666334229.webp,KEEP_REPRODUCIBILITY,数据/图片/事实单元是复现附件；不提交Git、不移动冻结split,DATA,7586,False,0,,6339dfc7de950e2371dd4f52f4c21c59dc565fe97e009a7067bcc81f8578fbfe,NONE; preserve original path if referenced by frozen manifest
data/images/week1_v3/586670292053.webp,KEEP_REPRODUCIBILITY,数据/图片/事实单元是复现附件；不提交Git、不移动冻结split,DATA,94542,False,0,,f91df0b6ce322b406ab23b1dac4c13747ee249d42d8216c3c540eb4d7565968b,NONE; preserve original path if referenced by frozen manifest
data/images/week1_v3/586799992221.webp,KEEP_REPRODUCIBILITY,数据/图片/事实单元是复现附件；不提交Git、不移动冻结split,DATA,67278,False,0,,6a7337d876f578e2c733834e05c09a57568862d9d662e6520fc91c6f64486e58,NONE; preserve original path if referenced by frozen manifest
data/images/week1_v3/586983137462.webp,KEEP_REPRODUCIBILITY,数据/图片/事实单元是复现附件；不提交Git、不移动冻结split,DATA,56144,False,0,,c61ae977af0d11373b99dcaa0c1ec86bd9d7ab7289a3e077d14fefe84bfa8c26,NONE; preserve original path if referenced by frozen manifest
data/images/week1_v3/587040774998.webp,KEEP_REPRODUCIBILITY,数据/图片/事实单元是复现附件；不提交Git、不移动冻结split,DATA,124270,False,0,,057e8034e177d16528da3d0201a4c264dd11dd8d11174bedf29b1f6fa9ee114e,NONE; preserve original path if referenced by frozen manifest
data/images/week1_v3/587075820077.webp,KEEP_REPRODUCIBILITY,数据/图片/事实单元是复现附件；不提交Git、不移动冻结split,DATA,33190,False,0,,460b44c748cd7e11771a2bfc0910e8494b8c2a8caf8e885e4fb74ac8a49dbb34,NONE; preserve original path if referenced by frozen manifest
data/images/week1_v3/587148221591.webp,KEEP_REPRODUCIBILITY,数据/图片/事实单元是复现附件；不提交Git、不移动冻结split,DATA,103448,False,0,,82dd06b08b65023644de7b1c899c980a0c1c3f0f46d352dd254910163f55871d,NONE; preserve original path if referenced by frozen manifest
data/images/week1_v3/587180176821.webp,KEEP_REPRODUCIBILITY,数据/图片/事实单元是复现附件；不提交Git、不移动冻结split,DATA,190570,False,0,,84db832a68939ba63f9ca026f99fdda5f21c5c6269e4f174285ed73f0542f64c,NONE; preserve original path if referenced by frozen manifest
data/images/week1_v3/587244433192.webp,KEEP_REPRODUCIBILITY,数据/图片/事实单元是复现附件；不提交Git、不移动冻结split,DATA,112150,False,0,,6636ed9d041a5a86803085ec5d785515b2f14e8d9ddab07619688b290992623e,NONE; preserve original path if referenced by frozen manifest
data/images/week1_v3/587246440411.webp,KEEP_REPRODUCIBILITY,数据/图片/事实单元是复现附件；不提交Git、不移动冻结split,DATA,90320,False,0,,7747649ad8046180b82e77ff49118fda118635d7e86fd3eb472f1f66831e6f3e,NONE; preserve original path if referenced by frozen manifest
data/images/week1_v3/587334443683.webp,KEEP_REPRODUCIBILITY,数据/图片/事实单元是复现附件；不提交Git、不移动冻结split,DATA,71512,False,0,,086fc9ad47b6a91fe060b65fc472c712e3a5ca06c250c5de1141a7517208ed6d,NONE; preserve original path if referenced by frozen manifest
data/images/week1_v3/587361796135.webp,KEEP_REPRODUCIBILITY,数据/图片/事实单元是复现附件；不提交Git、不移动冻结split,DATA,107598,False,0,,4e8ec975d366c726c80cf669b47d19ea96811706ffa0385e903fc529d8d33703,NONE; preserve original path if referenced by frozen manifest
data/images/week1_v3/587414853247.webp,KEEP_REPRODUCIBILITY,数据/图片/事实单元是复现附件；不提交Git、不移动冻结split,DATA,93974,False,0,,41744d0f536c5ae8d14d2b829f10247e8814745fcbb4032c2503c421f1eb9d34,NONE; preserve original path if referenced by frozen manifest
data/images/week1_v3/587556959797.webp,KEEP_REPRODUCIBILITY,数据/图片/事实单元是复现附件；不提交Git、不移动冻结split,DATA,47440,False,0,,23ae13e046a3129370a238db040ccdba9503a7d2cd57e727b800318f719abd9e,NONE; preserve original path if referenced by frozen manifest
data/images/week1_v3/587587526953.webp,KEEP_REPRODUCIBILITY,数据/图片/事实单元是复现附件；不提交Git、不移动冻结split,DATA,54240,False,0,,5b30d3c5fbae822a0049744494ae209a3c298051730cb8e1fe1a447678b47c9d,NONE; preserve original path if referenced by frozen manifest
data/images/week1_v3/587624302787.webp,KEEP_REPRODUCIBILITY,数据/图片/事实单元是复现附件；不提交Git、不移动冻结split,DATA,83280,False,0,,2893490b16124c5d85ea078119db20ce799533f43b1bcb20c1df8b22cedbe9f5,NONE; preserve original path if referenced by frozen manifest
data/images/week1_v3/587662027599.png,KEEP_REPRODUCIBILITY,数据/图片/事实单元是复现附件；不提交Git、不移动冻结split,DATA,543925,False,0,,07d9a8cbd5a0500517a977fa7c37eec7c21b94e3aa307aa2db12830bb1803ee8,NONE; preserve original path if referenced by frozen manifest
data/images/week1_v3/587709459845.webp,KEEP_REPRODUCIBILITY,数据/图片/事实单元是复现附件；不提交Git、不移动冻结split,DATA,40620,False,0,,d2d12c2ea385f32deb1abe2e2064c719d11746b892437db696063f5ed3358172,NONE; preserve original path if referenced by frozen manifest
data/images/week1_v3/587776118547.webp,KEEP_REPRODUCIBILITY,数据/图片/事实单元是复现附件；不提交Git、不移动冻结split,DATA,63872,False,0,,806c94b5ff514f1ae05133c7bc11311b0d5649955fa358d6d6c06b1dc22b74c9,NONE; preserve original path if referenced by frozen manifest
data/images/week1_v3/587778563618.webp,KEEP_REPRODUCIBILITY,数据/图片/事实单元是复现附件；不提交Git、不移动冻结split,DATA,112538,False,0,,0be0a809bcf3be7ae8adcd551db624bbd42e1b4b2de3fcbdfdba8765cec041f6,NONE; preserve original path if referenced by frozen manifest
data/images/week1_v3/587790104430.webp,KEEP_REPRODUCIBILITY,数据/图片/事实单元是复现附件；不提交Git、不移动冻结split,DATA,33212,False,0,,1159695eeae5c47b39a69e4f66241a1e61ab212f43c34624fb3474109b3f4a7b,NONE; preserve original path if referenced by frozen manifest
data/images/week1_v3/587823728552.webp,KEEP_REPRODUCIBILITY,数据/图片/事实单元是复现附件；不提交Git、不移动冻结split,DATA,175704,False,0,,6308f44c511b7acd95139279b9214abc4af29fb9bf3c62cd69c27393ce6f3e3b,NONE; preserve original path if referenced by frozen manifest
data/images/week1_v3/587907612086.webp,KEEP_REPRODUCIBILITY,数据/图片/事实单元是复现附件；不提交Git、不移动冻结split,DATA,24184,False,0,,17be6403c90e9d1d3578129c6cdd4f4969f12e7e20057f25c036bac3868802c1,NONE; preserve original path if referenced by frozen manifest
data/images/week1_v3/587914959033.webp,KEEP_REPRODUCIBILITY,数据/图片/事实单元是复现附件；不提交Git、不移动冻结split,DATA,45136,False,0,,bce1834f226c898d7ffc8a9a1fbddd63a10ab30af30a425755d14829d7936e31,NONE; preserve original path if referenced by frozen manifest
data/images/week1_v3/587923717374.webp,KEEP_REPRODUCIBILITY,数据/图片/事实单元是复现附件；不提交Git、不移动冻结split,DATA,115720,False,0,,65edc17ae60ef850c7b56d6deb4c5787aee6c40944a840e78f9bade56d4ccda4,NONE; preserve original path if referenced by frozen manifest
data/images/week1_v3/587928816550.webp,KEEP_REPRODUCIBILITY,数据/图片/事实单元是复现附件；不提交Git、不移动冻结split,DATA,71166,False,0,,213a90a3f18a891f084afda5ccad303d7558f36aecf70d6cae7deebba179be84,NONE; preserve original path if referenced by frozen manifest
data/images/week1_v3/587978859793.webp,KEEP_REPRODUCIBILITY,数据/图片/事实单元是复现附件；不提交Git、不移动冻结split,DATA,23334,False,0,,4debce151d549f99b2a12ae0c3152d28dc37fa7f0e026161ea125f403ad99e3b,NONE; preserve original path if referenced by frozen manifest
data/images/week1_v3/588128232892.webp,KEEP_REPRODUCIBILITY,数据/图片/事实单元是复现附件；不提交Git、不移动冻结split,DATA,85482,False,0,,3eb7af48369b4a7014784115d85296a8234bcd5280c494d2f4147b0433a94c10,NONE; preserve original path if referenced by frozen manifest
data/images/week1_v3/588184459525.webp,KEEP_REPRODUCIBILITY,数据/图片/事实单元是复现附件；不提交Git、不移动冻结split,DATA,126466,False,0,,af9cf28de424e0293a9eeabbda8428549e687c1480afe1a99087f5f0497ce3d7,NONE; preserve original path if referenced by frozen manifest
data/images/week1_v3/588235219349.webp,KEEP_REPRODUCIBILITY,数据/图片/事实单元是复现附件；不提交Git、不移动冻结split,DATA,19534,False,0,,3b94af2d9d425f504ae1538eb69bb749a47263e5265cb64a10e92bea09e1f227,NONE; preserve original path if referenced by frozen manifest
data/images/week1_v3/588427574211.webp,KEEP_REPRODUCIBILITY,数据/图片/事实单元是复现附件；不提交Git、不移动冻结split,DATA,151862,False,0,,c5e969a10c28a008754f681d055fc35363676d8de75e49b25ff3f8ba08ef5cad,NONE; preserve original path if referenced by frozen manifest
data/images/week1_v3/588442419126.webp,KEEP_REPRODUCIBILITY,数据/图片/事实单元是复现附件；不提交Git、不移动冻结split,DATA,89382,False,0,,e4223e35848dac4bcf354d54a2ed9eb4cd589237e4df22a38c68021488f06050,NONE; preserve original path if referenced by frozen manifest
data/images/week1_v3/588446259381.webp,KEEP_REPRODUCIBILITY,数据/图片/事实单元是复现附件；不提交Git、不移动冻结split,DATA,111200,False,0,,811f6f8393986680776ad79f2ddca9ede663114831fd8a630e000a1e7055f724,NONE; preserve original path if referenced by frozen manifest
data/images/week1_v3/588487113327.webp,KEEP_REPRODUCIBILITY,数据/图片/事实单元是复现附件；不提交Git、不移动冻结split,DATA,43646,False,0,,e5f4776fe83d26867a9bcb4699384c2544d5ba37d2dba674f092f734cc46ccef,NONE; preserve original path if referenced by frozen manifest
data/images/week1_v3/588557438916.webp,KEEP_REPRODUCIBILITY,数据/图片/事实单元是复现附件；不提交Git、不移动冻结split,DATA,105984,False,0,,ad34e26788ea5c4684b83e1825fa9ecc9f5fcd562f6d8286f38f99384a5ee3b6,NONE; preserve original path if referenced by frozen manifest
data/images/week1_v3/588653264362.webp,KEEP_REPRODUCIBILITY,数据/图片/事实单元是复现附件；不提交Git、不移动冻结split,DATA,21050,False,0,,c1171e4dc3439f2536a1eedde34e91528824ab646ff2632f65e9ac09751c2cf8,NONE; preserve original path if referenced by frozen manifest
data/images/week1_v3/588701575360.webp,KEEP_REPRODUCIBILITY,数据/图片/事实单元是复现附件；不提交Git、不移动冻结split,DATA,34436,False,0,,a64a489fe0c9d33df8d9dda21ebbdcece43747c884ed12f639fbf2df0b5d5421,NONE; preserve original path if referenced by frozen manifest
data/images/week1_v3/588823770512.webp,KEEP_REPRODUCIBILITY,数据/图片/事实单元是复现附件；不提交Git、不移动冻结split,DATA,33048,False,0,,a3c82ebfa946e5327bd5db93ec09e8a1cb1943c654cd931dcd7c797d373d2578,NONE; preserve original path if referenced by frozen manifest
data/images/week1_v3/588863130998.webp,KEEP_REPRODUCIBILITY,数据/图片/事实单元是复现附件；不提交Git、不移动冻结split,DATA,42376,False,0,,7f43f2be6f40b530274c8501c1c88fce300ee28ce32322a0f0a4aee6c82b9ace,NONE; preserve original path if referenced by frozen manifest
data/images/week1_v3/588874339460.webp,KEEP_REPRODUCIBILITY,数据/图片/事实单元是复现附件；不提交Git、不移动冻结split,DATA,37284,False,0,,de71871dd2d755012e0582a6bd7ad9362f38a031ba1441b68e3e3d91b554bab7,NONE; preserve original path if referenced by frozen manifest
data/images/week1_v3/589051188248.webp,KEEP_REPRODUCIBILITY,数据/图片/事实单元是复现附件；不提交Git、不移动冻结split,DATA,43882,False,0,,0f9ccfe08163ff656d104d2bd456cedba2edd7e07cd24073cea7b5d6c87cdf40,NONE; preserve original path if referenced by frozen manifest
data/images/week1_v3/589088046121.webp,KEEP_REPRODUCIBILITY,数据/图片/事实单元是复现附件；不提交Git、不移动冻结split,DATA,60392,False,0,,ce94aacb1b4045da185dbeba9cfe0fe7292f57ef4418044a160be3ed235c89ef,NONE; preserve original path if referenced by frozen manifest
data/images/week1_v3/589089110065.webp,KEEP_REPRODUCIBILITY,数据/图片/事实单元是复现附件；不提交Git、不移动冻结split,DATA,120902,False,0,,278ecfb616b99f9e4932a94d4f3ea7f7760af24828b5bfbaa9ba0c9d3bf4799d,NONE; preserve original path if referenced by frozen manifest
data/images/week1_v3/589117014444.webp,KEEP_REPRODUCIBILITY,数据/图片/事实单元是复现附件；不提交Git、不移动冻结split,DATA,78196,False,0,,cbd67c67a7664c7d43592e3a1500d3f349ce91053f9ee0bd90e99fd81d44821a,NONE; preserve original path if referenced by frozen manifest
data/images/week1_v3/589344419432.webp,KEEP_REPRODUCIBILITY,数据/图片/事实单元是复现附件；不提交Git、不移动冻结split,DATA,540128,False,0,,b4e376de8037a8d04c92d47106b5b36686df1b1947319931a697b062aaf2736b,NONE; preserve original path if referenced by frozen manifest
data/images/week1_v3/589408127864.webp,KEEP_REPRODUCIBILITY,数据/图片/事实单元是复现附件；不提交Git、不移动冻结split,DATA,108404,False,0,,bf99c6470adff23f872acabaf5a58a759972155fc9ebbbd0662b1a53589ae77b,NONE; preserve original path if referenced by frozen manifest
data/images/week1_v3/589508217209.webp,KEEP_REPRODUCIBILITY,数据/图片/事实单元是复现附件；不提交Git、不移动冻结split,DATA,71110,False,0,,3cca93efad79c39c11f51ad0b516b48130818e587c430ae7d51847f9b2883553,NONE; preserve original path if referenced by frozen manifest
data/images/week1_v3/589516955539.webp,KEEP_REPRODUCIBILITY,数据/图片/事实单元是复现附件；不提交Git、不移动冻结split,DATA,28124,False,0,,539e58a1678064e1f3448ab337d2d7dfed3e7c4373f08fb3269d1dfc9aced73f,NONE; preserve original path if referenced by frozen manifest
data/images/week1_v3/589526600294.webp,KEEP_REPRODUCIBILITY,数据/图片/事实单元是复现附件；不提交Git、不移动冻结split,DATA,45418,False,0,,d342f1345e269683d4fb6938257702390e3dd0abd4bbd1abeb97a41570b3d622,NONE; preserve original path if referenced by frozen manifest
data/images/week1_v3/589612794291.webp,KEEP_REPRODUCIBILITY,数据/图片/事实单元是复现附件；不提交Git、不移动冻结split,DATA,40106,False,0,,2b8363bbb462c018d9d92debe627771673a18c88e1ad259e999795fa93f557e5,NONE; preserve original path if referenced by frozen manifest
data/images/week1_v3/589679659947.webp,KEEP_REPRODUCIBILITY,数据/图片/事实单元是复现附件；不提交Git、不移动冻结split,DATA,25252,False,0,,54133ad111ec084447d164f1d754b3cec79fd240cd53e8ca3352a6e099bd1767,NONE; preserve original path if referenced by frozen manifest
data/images/week1_v3/589789319467.webp,KEEP_REPRODUCIBILITY,数据/图片/事实单元是复现附件；不提交Git、不移动冻结split,DATA,48762,False,0,,d42ad2f22edfc228a4a246232d73afe770af06fd907497ba3670b08ca05fe255,NONE; preserve original path if referenced by frozen manifest
data/images/week1_v3/589860248733.webp,KEEP_REPRODUCIBILITY,数据/图片/事实单元是复现附件；不提交Git、不移动冻结split,DATA,48100,False,0,,e567d197d1d866ff01023da041bbfcfd7bc779ae5e0969120b8e6ab133d051b2,NONE; preserve original path if referenced by frozen manifest
data/images/week1_v3/589875290465.webp,KEEP_REPRODUCIBILITY,数据/图片/事实单元是复现附件；不提交Git、不移动冻结split,DATA,21816,False,0,,e788520fbc1da275ac7e775dbb321df70aadb801182dddb7a1d8a812e62d61f7,NONE; preserve original path if referenced by frozen manifest
data/images/week1_v3/589942002648.webp,KEEP_REPRODUCIBILITY,数据/图片/事实单元是复现附件；不提交Git、不移动冻结split,DATA,107730,False,0,,207ad9ec2ad5d882947fb838bcd2cd3ef8498e2d00c7187383f51ed64c087d6c,NONE; preserve original path if referenced by frozen manifest
data/images/week1_v3/589966869343.webp,KEEP_REPRODUCIBILITY,数据/图片/事实单元是复现附件；不提交Git、不移动冻结split,DATA,43998,False,0,,e0be5f3691bd0dc1ca5ee05b63e59bcc278c01aa0d86061ae3747e3192ab23e6,NONE; preserve original path if referenced by frozen manifest
data/images/week1_v3/590007457808.webp,KEEP_REPRODUCIBILITY,数据/图片/事实单元是复现附件；不提交Git、不移动冻结split,DATA,34542,False,0,,8284530618acef33f73c79c84a2abf8d7c66c70519e010890a356d61c91f6307,NONE; preserve original path if referenced by frozen manifest
data/images/week1_v3/590008960085.webp,KEEP_REPRODUCIBILITY,数据/图片/事实单元是复现附件；不提交Git、不移动冻结split,DATA,107968,False,0,,60e2de72bb27309df9e318ed2ba132c1dc27151f3cfac8dd095bb30798904146,NONE; preserve original path if referenced by frozen manifest
data/images/week1_v3/590013076786.webp,KEEP_REPRODUCIBILITY,数据/图片/事实单元是复现附件；不提交Git、不移动冻结split,DATA,71838,False,0,,e6c2e1bf92908011c3f2bf0367584ece967277070d69df6ec3d4a199dd8b6094,NONE; preserve original path if referenced by frozen manifest
data/images/week1_v3/590089003472.webp,KEEP_REPRODUCIBILITY,数据/图片/事实单元是复现附件；不提交Git、不移动冻结split,DATA,50130,False,0,,e54b09b89c25a581bfcbdd1f1fa0111b6602923eeb0a2af5c3e8c2c9df5f8bdf,NONE; preserve original path if referenced by frozen manifest
data/images/week1_v3/590175217614.webp,KEEP_REPRODUCIBILITY,数据/图片/事实单元是复现附件；不提交Git、不移动冻结split,DATA,58128,False,0,,fea1e1bafbd379769db7b1ce1634961d2b2515d4673c8b626a1e28077bfcc821,NONE; preserve original path if referenced by frozen manifest
data/images/week1_v3/590181984048.webp,KEEP_REPRODUCIBILITY,数据/图片/事实单元是复现附件；不提交Git、不移动冻结split,DATA,115118,False,0,,b010c7b9c833774df1e15aea32943acb77233a99b65643044c764af004395664,NONE; preserve original path if referenced by frozen manifest
data/images/week1_v3/590229758202.webp,KEEP_REPRODUCIBILITY,数据/图片/事实单元是复现附件；不提交Git、不移动冻结split,DATA,82990,False,0,,b9d1f543b211a4878eaa8067d5fa112e0fb379f1ef986ef4b6c21b267d1062ee,NONE; preserve original path if referenced by frozen manifest
data/images/week1_v3/590454993449.webp,KEEP_REPRODUCIBILITY,数据/图片/事实单元是复现附件；不提交Git、不移动冻结split,DATA,103358,False,0,,4f32c16c37fd96e9221838dccf82581f16e5bb9aa8e55bc61d1190902cb960ce,NONE; preserve original path if referenced by frozen manifest
data/images/week1_v3/590514158470.webp,KEEP_REPRODUCIBILITY,数据/图片/事实单元是复现附件；不提交Git、不移动冻结split,DATA,22440,False,0,,ce60f8c23820eeabc09e4f2a6812717dc94b66b5706f77d6e852bf23cb8eca8f,NONE; preserve original path if referenced by frozen manifest
data/images/week1_v3/590525645009.webp,KEEP_REPRODUCIBILITY,数据/图片/事实单元是复现附件；不提交Git、不移动冻结split,DATA,33032,False,0,,ed31c6273ab71e8b184be81c09fad50363c38ebd22c11edfcffac1e2815b93ec,NONE; preserve original path if referenced by frozen manifest
data/images/week1_v3/591028247737.webp,KEEP_REPRODUCIBILITY,数据/图片/事实单元是复现附件；不提交Git、不移动冻结split,DATA,98286,False,0,,67afb84610364a94ef071c2c056e28c4181e55127b988fa49269c21546991bc4,NONE; preserve original path if referenced by frozen manifest
data/images/week1_v3/591034298813.webp,KEEP_REPRODUCIBILITY,数据/图片/事实单元是复现附件；不提交Git、不移动冻结split,DATA,46372,False,0,,74c939621a3220f175124b671913a6e20b711cf90da960843f93e415994fb00f,NONE; preserve original path if referenced by frozen manifest
data/images/week1_v3/591149974000.webp,KEEP_REPRODUCIBILITY,数据/图片/事实单元是复现附件；不提交Git、不移动冻结split,DATA,14862,False,0,,10c09672e0fe7b279ab5b2b2718a37b26c9242363279ea33f52013ff93a0798b,NONE; preserve original path if referenced by frozen manifest
data/images/week1_v3/591205504897.png,KEEP_REPRODUCIBILITY,数据/图片/事实单元是复现附件；不提交Git、不移动冻结split,DATA,541647,False,0,,e9633b13e3b43387344892451958a1f44a3d930596c4ba1bb511d0897a931ee1,NONE; preserve original path if referenced by frozen manifest
data/images/week1_v3/591230380239.webp,KEEP_REPRODUCIBILITY,数据/图片/事实单元是复现附件；不提交Git、不移动冻结split,DATA,58518,False,0,,7c83ce29ff2d63c15241989376c757b3a6dadd24ef02e69bf84ae3ed6851c5c0,NONE; preserve original path if referenced by frozen manifest
data/images/week1_v3/591309078741.webp,KEEP_REPRODUCIBILITY,数据/图片/事实单元是复现附件；不提交Git、不移动冻结split,DATA,180254,False,0,,95a041187833c3ae524e7459297b5aef4d91346f5ba586574c2f050779caa66a,NONE; preserve original path if referenced by frozen manifest
data/images/week1_v3/591357018669.webp,KEEP_REPRODUCIBILITY,数据/图片/事实单元是复现附件；不提交Git、不移动冻结split,DATA,69676,False,0,,32a955de0add39b2775a3ce989bed28ee76664b964a283ad6332c7e8c40879d2,NONE; preserve original path if referenced by frozen manifest
data/images/week1_v3/591390759980.webp,KEEP_REPRODUCIBILITY,数据/图片/事实单元是复现附件；不提交Git、不移动冻结split,DATA,119732,False,0,,3cff8f2fe8de1eee70d6e5d4d7b328d62ca749889733576dffd22b84bcae6c70,NONE; preserve original path if referenced by frozen manifest
data/images/week1_v3/591469168182.webp,KEEP_REPRODUCIBILITY,数据/图片/事实单元是复现附件；不提交Git、不移动冻结split,DATA,45762,False,0,,56b2c7da113ee294ab3f4a9c20ba5810fa92200ea50ac59b2ed42ebe841f7b3b,NONE; preserve original path if referenced by frozen manifest
data/images/week1_v3/591600516638.webp,KEEP_REPRODUCIBILITY,数据/图片/事实单元是复现附件；不提交Git、不移动冻结split,DATA,28878,False,0,,fb97eadb0eba67fcdfa8f5b8c5759442fe36a1b5bc7330a4acb868d8bcca72f3,NONE; preserve original path if referenced by frozen manifest
data/images/week1_v3/591673252247.webp,KEEP_REPRODUCIBILITY,数据/图片/事实单元是复现附件；不提交Git、不移动冻结split,DATA,53078,False,0,,25feaa27b179d5013243ea452c19055da009ff6ca1225260410217a49654c231,NONE; preserve original path if referenced by frozen manifest
data/images/week1_v3/591681190666.webp,KEEP_REPRODUCIBILITY,数据/图片/事实单元是复现附件；不提交Git、不移动冻结split,DATA,107766,False,0,,2b77f535a6053fe3d495cfe5a968152d3456e9baafaab390b3ff7ddbd2172ebd,NONE; preserve original path if referenced by frozen manifest
data/images/week1_v3/591784774672.webp,KEEP_REPRODUCIBILITY,数据/图片/事实单元是复现附件；不提交Git、不移动冻结split,DATA,57042,False,0,,d313668333a24519a9a705dc5a66ae78dea6f8a1efbba8101ee0a7bb0dda3f49,NONE; preserve original path if referenced by frozen manifest
data/images/week1_v3/591814382364.webp,KEEP_REPRODUCIBILITY,数据/图片/事实单元是复现附件；不提交Git、不移动冻结split,DATA,41898,False,0,,833855fe9784854abc166647048c27fb393047ebc2181021a7ae929f3008de8b,NONE; preserve original path if referenced by frozen manifest
data/images/week1_v3/591829516020.webp,KEEP_REPRODUCIBILITY,数据/图片/事实单元是复现附件；不提交Git、不移动冻结split,DATA,109736,False,0,,e9f3087a11215b40b8453b376e042fafbbd5ddaab6e2ac62b37f9a94f8e9b8f8,NONE; preserve original path if referenced by frozen manifest
data/images/week1_v3/591924907916.webp,KEEP_REPRODUCIBILITY,数据/图片/事实单元是复现附件；不提交Git、不移动冻结split,DATA,33718,False,0,,e20e489538dcc997ee6524b08e9b7e5bf21c162a1f6c4dda43bf2398c6692862,NONE; preserve original path if referenced by frozen manifest
data/images/week1_v3/591964298102.webp,KEEP_REPRODUCIBILITY,数据/图片/事实单元是复现附件；不提交Git、不移动冻结split,DATA,17184,False,0,,929d2ff244978ff293e47d4feefb4e7678f4f733a11adb88c8aebfebcec60dbb,NONE; preserve original path if referenced by frozen manifest
data/images/week1_v3/592050833008.webp,KEEP_REPRODUCIBILITY,数据/图片/事实单元是复现附件；不提交Git、不移动冻结split,DATA,76130,False,0,,dd05ebd5ce612217e67c50026907c9dbbb7cb8407df86143c3caf4e912e8fb38,NONE; preserve original path if referenced by frozen manifest
data/images/week1_v3/592132201885.webp,KEEP_REPRODUCIBILITY,数据/图片/事实单元是复现附件；不提交Git、不移动冻结split,DATA,136014,False,0,,661fa519edb72ebfce1edd8f01aa81b9b63684eaea5e89bae9b77a45645bcc7b,NONE; preserve original path if referenced by frozen manifest
data/images/week1_v3/592243104687.webp,KEEP_REPRODUCIBILITY,数据/图片/事实单元是复现附件；不提交Git、不移动冻结split,DATA,26664,False,0,,ce1a0435c7d64b500c8bad6c8537efafc5bd9d963b8600b77e811df84964bc05,NONE; preserve original path if referenced by frozen manifest
data/images/week1_v3/592250851648.webp,KEEP_REPRODUCIBILITY,数据/图片/事实单元是复现附件；不提交Git、不移动冻结split,DATA,47404,False,0,,7f47a90effece023bfd8fc6b3ea9400df25d88f8504413671b4a8f4ed8d4703b,NONE; preserve original path if referenced by frozen manifest
data/images/week1_v3/592379395067.webp,KEEP_REPRODUCIBILITY,数据/图片/事实单元是复现附件；不提交Git、不移动冻结split,DATA,59336,False,0,,31a7c48e43d44607690771044d871d85285fe0b6bad2cb403a4c6555aeac5760,NONE; preserve original path if referenced by frozen manifest
data/images/week1_v3/592405726435.webp,KEEP_REPRODUCIBILITY,数据/图片/事实单元是复现附件；不提交Git、不移动冻结split,DATA,27984,False,0,,d1643562913f8994a48f59be0043de7d76ec850f564169e9d5d416c2f104c6a6,NONE; preserve original path if referenced by frozen manifest
data/images/week1_v3/592435842365.webp,KEEP_REPRODUCIBILITY,数据/图片/事实单元是复现附件；不提交Git、不移动冻结split,DATA,53000,False,0,,3c972218fe725ad495e8e4ab4e731a63b58d3322c291299a24965f7fd1d36334,NONE; preserve original path if referenced by frozen manifest
data/images/week1_v3/592463603034.webp,KEEP_REPRODUCIBILITY,数据/图片/事实单元是复现附件；不提交Git、不移动冻结split,DATA,55248,False,0,,289985841b7a1c94e9cd70b5831d76b7fddd643ba33f054a4277269f292b3f2b,NONE; preserve original path if referenced by frozen manifest
data/images/week1_v3/592466909805.webp,KEEP_REPRODUCIBILITY,数据/图片/事实单元是复现附件；不提交Git、不移动冻结split,DATA,85358,False,0,,38a17cb30486905ef96da3ccb695440775668d8d56c27b6f3d26c5436c9af4aa,NONE; preserve original path if referenced by frozen manifest
data/images/week1_v3/592529462238.webp,KEEP_REPRODUCIBILITY,数据/图片/事实单元是复现附件；不提交Git、不移动冻结split,DATA,77880,False,0,,f551a47191eef8751655e37ca5fd6c2c2343d24e6458b15d76d3e423f07c3721,NONE; preserve original path if referenced by frozen manifest
data/images/week1_v3/592552673076.webp,KEEP_REPRODUCIBILITY,数据/图片/事实单元是复现附件；不提交Git、不移动冻结split,DATA,111128,False,0,,9fa06a02acdbd2a28bfb1058f28da524845550003ff830d7f8c0fb0da6c222c9,NONE; preserve original path if referenced by frozen manifest
data/images/week1_v3/592563957845.webp,KEEP_REPRODUCIBILITY,数据/图片/事实单元是复现附件；不提交Git、不移动冻结split,DATA,28218,False,0,,5f255ea9aab046e46b2716a83467dce0c732da99e56ac3d5639ca7ed06b95ad7,NONE; preserve original path if referenced by frozen manifest
data/images/week1_v3/592705064576.webp,KEEP_REPRODUCIBILITY,数据/图片/事实单元是复现附件；不提交Git、不移动冻结split,DATA,54392,False,0,,b07155ab5cfdb05ca1e1b20f57942b11d95155b1c69677b17175f4848d2e91e3,NONE; preserve original path if referenced by frozen manifest
data/images/week1_v3/592744185523.webp,KEEP_REPRODUCIBILITY,数据/图片/事实单元是复现附件；不提交Git、不移动冻结split,DATA,50166,False,0,,d73c3da81645b1e56352e626efbfd1842498d4651f7b2e43734f16d011769e97,NONE; preserve original path if referenced by frozen manifest
data/images/week1_v3/592789717754.webp,KEEP_REPRODUCIBILITY,数据/图片/事实单元是复现附件；不提交Git、不移动冻结split,DATA,64680,False,0,,1529d8e8b073fc4c1b77ff16fb3893b1d7b31d355820540ee7cea817a7f0f792,NONE; preserve original path if referenced by frozen manifest
data/images/week1_v3/592823354632.webp,KEEP_REPRODUCIBILITY,数据/图片/事实单元是复现附件；不提交Git、不移动冻结split,DATA,83102,False,0,,9e026cd0ee3d3150bc8c7cd9de028cf047bce2c6ea80b4ee7c4accab6f350d4a,NONE; preserve original path if referenced by frozen manifest
data/images/week1_v3/592856799614.webp,KEEP_REPRODUCIBILITY,数据/图片/事实单元是复现附件；不提交Git、不移动冻结split,DATA,89614,False,0,,7a4a7466cc7f8d01a164dcae167936d6db89264e21c67b0975ae20289b26ac25,NONE; preserve original path if referenced by frozen manifest
data/images/week1_v3/592897614598.webp,KEEP_REPRODUCIBILITY,数据/图片/事实单元是复现附件；不提交Git、不移动冻结split,DATA,142442,False,0,,98d2b09737ab2b7e5d7713adef4d270ca061afde4ae90e0773d5faee2e9e76e4,NONE; preserve original path if referenced by frozen manifest
data/images/week1_v3/592954896926.webp,KEEP_REPRODUCIBILITY,数据/图片/事实单元是复现附件；不提交Git、不移动冻结split,DATA,35864,False,0,,c161f0fee119e054d79dee73b2d85adc68ff8da181ff4672a2db67b982ac4ebc,NONE; preserve original path if referenced by frozen manifest
data/images/week1_v3/593081133623.webp,KEEP_REPRODUCIBILITY,数据/图片/事实单元是复现附件；不提交Git、不移动冻结split,DATA,78850,False,0,,22395aa18868e5b242229e23d08659431a90a35802f1600c9a02d232300939eb,NONE; preserve original path if referenced by frozen manifest
data/images/week1_v3/593081964628.webp,KEEP_REPRODUCIBILITY,数据/图片/事实单元是复现附件；不提交Git、不移动冻结split,DATA,61472,False,0,,5e15e4b53b5d7a10563d8253c79edf2a63346e64ffb6f76412e4882a0b485e6e,NONE; preserve original path if referenced by frozen manifest
data/images/week1_v3/593174187042.png,KEEP_REPRODUCIBILITY,数据/图片/事实单元是复现附件；不提交Git、不移动冻结split,DATA,99421,False,0,,8d9066876ab936565fb9e95b14825d73ff89bbf59dcc33e557c0e8691de28b3a,NONE; preserve original path if referenced by frozen manifest
data/images/week1_v3/593446229017.webp,KEEP_REPRODUCIBILITY,数据/图片/事实单元是复现附件；不提交Git、不移动冻结split,DATA,112650,False,0,,f84d5a9e3aacde879494a7e4bbd68254361ba16e5fc6740efda41f9cdc9cfaff,NONE; preserve original path if referenced by frozen manifest
data/images/week1_v3/593460676862.webp,KEEP_REPRODUCIBILITY,数据/图片/事实单元是复现附件；不提交Git、不移动冻结split,DATA,161888,False,0,,83890730567bcb50e3d8c4ece26bc1d1c1f119aa19c8c08366c1515f5456163b,NONE; preserve original path if referenced by frozen manifest
data/images/week1_v3/593524228162.webp,KEEP_REPRODUCIBILITY,数据/图片/事实单元是复现附件；不提交Git、不移动冻结split,DATA,123790,False,0,,23011d202cdab2259844f3d45ec9d093c41815af6e23a96468642c96fc380060,NONE; preserve original path if referenced by frozen manifest
data/images/week1_v3/593536241796.webp,KEEP_REPRODUCIBILITY,数据/图片/事实单元是复现附件；不提交Git、不移动冻结split,DATA,91260,False,0,,aca44641a2e2ffdf8d0a4ba35bd5e57df2fd2497f6d629cd660941ec4b09098b,NONE; preserve original path if referenced by frozen manifest
data/images/week1_v3/593560947386.webp,KEEP_REPRODUCIBILITY,数据/图片/事实单元是复现附件；不提交Git、不移动冻结split,DATA,58896,False,0,,0c6cd8985d4c90b7420f05a4f4f7305d5ea394af62a6192a4e84d4939ff7f21e,NONE; preserve original path if referenced by frozen manifest
data/images/week1_v3/593637070381.jpg,KEEP_REPRODUCIBILITY,数据/图片/事实单元是复现附件；不提交Git、不移动冻结split,DATA,91418,False,0,,9ad78cbbe1e00a557776e066e97968c321ddca29879d5e840eb5e1f03d44415e,NONE; preserve original path if referenced by frozen manifest
data/images/week1_v3/593706844782.webp,KEEP_REPRODUCIBILITY,数据/图片/事实单元是复现附件；不提交Git、不移动冻结split,DATA,17854,False,0,,1369c53832b82500ccf7c5dd42b0a89ffbea4b280a4382ae9c52adcb812c5102,NONE; preserve original path if referenced by frozen manifest
data/images/week1_v3/593709373409.webp,KEEP_REPRODUCIBILITY,数据/图片/事实单元是复现附件；不提交Git、不移动冻结split,DATA,56660,False,0,,fbf7501c8f8e2c5b6412aecf5c95b6eb4ef1d666687c275cdbca1a89a5e3224c,NONE; preserve original path if referenced by frozen manifest
data/images/week1_v3/593711150367.webp,KEEP_REPRODUCIBILITY,数据/图片/事实单元是复现附件；不提交Git、不移动冻结split,DATA,108230,False,0,,d37d51169c0c366dfeec06e0fa8ec4aaddcc99eca8293e1a8972edf31795f051,NONE; preserve original path if referenced by frozen manifest
data/images/week1_v3/593922610567.jpg,KEEP_REPRODUCIBILITY,数据/图片/事实单元是复现附件；不提交Git、不移动冻结split,DATA,175710,False,0,,e0614d118dc00c8b6c38264381d2bf2af7db1d4d73fb0bf7aadae8d18a5337a0,NONE; preserve original path if referenced by frozen manifest
data/images/week1_v3/593932995293.webp,KEEP_REPRODUCIBILITY,数据/图片/事实单元是复现附件；不提交Git、不移动冻结split,DATA,118878,False,0,,3768bcf5eb70a26411cf32f21b142e5f9b525cb23f2812ff03022200d7f5fec0,NONE; preserve original path if referenced by frozen manifest
data/images/week1_v3/594070208995.webp,KEEP_REPRODUCIBILITY,数据/图片/事实单元是复现附件；不提交Git、不移动冻结split,DATA,42728,False,0,,903f427b89dcd3fc794048ef1d42f15cd2e65ec35edec24a7afd36c264317159,NONE; preserve original path if referenced by frozen manifest
data/images/week1_v3/594076100915.webp,KEEP_REPRODUCIBILITY,数据/图片/事实单元是复现附件；不提交Git、不移动冻结split,DATA,106686,False,0,,6ce898b33c9e9b93df4070355ee6d8ca7647b0853dadecc782fdbf2c5e19e52a,NONE; preserve original path if referenced by frozen manifest
data/images/week1_v3/594102642686.webp,KEEP_REPRODUCIBILITY,数据/图片/事实单元是复现附件；不提交Git、不移动冻结split,DATA,54180,False,0,,adc39a65ca873e2fc327e87392df60c7f9f9002d7b6d8a90e94597bbea9e3e73,NONE; preserve original path if referenced by frozen manifest
data/images/week1_v3/594138596970.webp,KEEP_REPRODUCIBILITY,数据/图片/事实单元是复现附件；不提交Git、不移动冻结split,DATA,73184,False,0,,45c3566743b6f48fc3cfde5d7a3824d8fa9a2af08b7cb1e0f0456d8cdf5206a4,NONE; preserve original path if referenced by frozen manifest
data/images/week1_v3/594155212844.webp,KEEP_REPRODUCIBILITY,数据/图片/事实单元是复现附件；不提交Git、不移动冻结split,DATA,73828,False,0,,33b17cde95ccdd74fffd300243351f878c36de1c8b1b3795cde97ea802d231f2,NONE; preserve original path if referenced by frozen manifest
data/images/week1_v3/594163110869.webp,KEEP_REPRODUCIBILITY,数据/图片/事实单元是复现附件；不提交Git、不移动冻结split,DATA,57738,False,0,,98d1dcfbe06ca164f54b2763d0a94a047fbf302595183e24d4b7e46ef74ecf4c,NONE; preserve original path if referenced by frozen manifest
data/images/week1_v3/594219223113.webp,KEEP_REPRODUCIBILITY,数据/图片/事实单元是复现附件；不提交Git、不移动冻结split,DATA,59512,False,0,,dd600dc43cfbbe207fb486707dd328db737992bb88e5122d18758dda446f64db,NONE; preserve original path if referenced by frozen manifest
data/images/week1_v3/594247396448.webp,KEEP_REPRODUCIBILITY,数据/图片/事实单元是复现附件；不提交Git、不移动冻结split,DATA,45742,False,0,,70f52ee52d38d8e8bca84c3244b71bf69a52c423693b1749161b58435b803e49,NONE; preserve original path if referenced by frozen manifest
data/images/week1_v3/594281557358.webp,KEEP_REPRODUCIBILITY,数据/图片/事实单元是复现附件；不提交Git、不移动冻结split,DATA,62522,False,0,,9d963ade151fa3130e67fbf0cefaaa5137b3620dffe34607ae3744c976776ec9,NONE; preserve original path if referenced by frozen manifest
data/images/week1_v3/594309485137.webp,KEEP_REPRODUCIBILITY,数据/图片/事实单元是复现附件；不提交Git、不移动冻结split,DATA,149682,False,0,,d766aec7d8392270c1e6e83743e10bb35b3fa98a7e053fb691661dc56951ac67,NONE; preserve original path if referenced by frozen manifest
data/images/week1_v3/594451873056.webp,KEEP_REPRODUCIBILITY,数据/图片/事实单元是复现附件；不提交Git、不移动冻结split,DATA,130488,False,0,,010d0064771c409313828e7072c891f97822d2aa5f4e89a1a0eba4a95f60cd15,NONE; preserve original path if referenced by frozen manifest
data/images/week1_v3/594503344644.webp,KEEP_REPRODUCIBILITY,数据/图片/事实单元是复现附件；不提交Git、不移动冻结split,DATA,48814,False,0,,a138847122d8cca034f75fa31e19713738d3da84f757da54c64622be302b0b56,NONE; preserve original path if referenced by frozen manifest
data/images/week1_v3/594506276015.webp,KEEP_REPRODUCIBILITY,数据/图片/事实单元是复现附件；不提交Git、不移动冻结split,DATA,87676,False,0,,a2d169d82cf167b95dd238f74a191bd13f9e0acb947452fcd70846ac5c705dd9,NONE; preserve original path if referenced by frozen manifest
data/images/week1_v3/594575933875.webp,KEEP_REPRODUCIBILITY,数据/图片/事实单元是复现附件；不提交Git、不移动冻结split,DATA,61766,False,0,,d81406d3b489453cb4ac4dbea866ee50e608c2095be6433239e8a77bd877182d,NONE; preserve original path if referenced by frozen manifest
data/images/week1_v3/594694208035.webp,KEEP_REPRODUCIBILITY,数据/图片/事实单元是复现附件；不提交Git、不移动冻结split,DATA,69314,False,0,,481fe07d012fd936f82184578fa63a74ff8010bbcd77c684f01f1fd62169a718,NONE; preserve original path if referenced by frozen manifest
data/images/week1_v3/594735291602.webp,KEEP_REPRODUCIBILITY,数据/图片/事实单元是复现附件；不提交Git、不移动冻结split,DATA,128762,False,0,,885a8d25c895e0c031ce5a9fec4a825621f6410039d04d809e6c682034e294f2,NONE; preserve original path if referenced by frozen manifest
data/images/week1_v3/594790322020.webp,KEEP_REPRODUCIBILITY,数据/图片/事实单元是复现附件；不提交Git、不移动冻结split,DATA,69010,False,0,,df9b9cadbedc83d57ea35c2e1fdf30708e3ff81ec51c514b2b22eec828ef78ac,NONE; preserve original path if referenced by frozen manifest
data/images/week1_v3/594811177137.webp,KEEP_REPRODUCIBILITY,数据/图片/事实单元是复现附件；不提交Git、不移动冻结split,DATA,74614,False,0,,5b589ebfe644821201a87887a94129f9a40a0dfb3f63e3e32bd5458c966f47d2,NONE; preserve original path if referenced by frozen manifest
data/images/week1_v3/594830440707.webp,KEEP_REPRODUCIBILITY,数据/图片/事实单元是复现附件；不提交Git、不移动冻结split,DATA,29634,False,0,,7153ebe839d781f0aab4f0a16bf7cf54f7b6e128a3ffcccc4f7fabee27a3ab4d,NONE; preserve original path if referenced by frozen manifest
data/images/week1_v3/594844191080.webp,KEEP_REPRODUCIBILITY,数据/图片/事实单元是复现附件；不提交Git、不移动冻结split,DATA,90196,False,0,,4b6a32a162748475d7c5f112de6f7ec3a733125f98f4a830f16b5fa765623329,NONE; preserve original path if referenced by frozen manifest
data/images/week1_v3/594880547645.webp,KEEP_REPRODUCIBILITY,数据/图片/事实单元是复现附件；不提交Git、不移动冻结split,DATA,52154,False,0,,67f26d2b80c5552d8a17157564ff9be05f62c4c119f19ef04ac773cf53afb8d9,NONE; preserve original path if referenced by frozen manifest
data/images/week1_v3/594912264785.webp,KEEP_REPRODUCIBILITY,数据/图片/事实单元是复现附件；不提交Git、不移动冻结split,DATA,82498,False,0,,eaedb4d35859fe4cd5be4174e4f2da9651e3629e522c8599d35139614058465f,NONE; preserve original path if referenced by frozen manifest
data/images/week1_v3/595059390848.webp,KEEP_REPRODUCIBILITY,数据/图片/事实单元是复现附件；不提交Git、不移动冻结split,DATA,148266,False,0,,bc947d1d772ac2b1b7a5dc13c84e49c1a592e9098d88e339e625f0a725ea6c88,NONE; preserve original path if referenced by frozen manifest
data/images/week1_v3/595196844113.webp,KEEP_REPRODUCIBILITY,数据/图片/事实单元是复现附件；不提交Git、不移动冻结split,DATA,46150,False,0,,89e6415348dc121b405f72ee217abcfcd6f09453607f3cabb8c6311dbf3ab91e,NONE; preserve original path if referenced by frozen manifest
data/images/week1_v3/595295707254.webp,KEEP_REPRODUCIBILITY,数据/图片/事实单元是复现附件；不提交Git、不移动冻结split,DATA,37712,False,0,,c9f3aac8e65656fe9133cf79124ce12e23f80fa7ab25daf4fc62f6997feeb269,NONE; preserve original path if referenced by frozen manifest
data/images/week1_v3/595320074931.webp,KEEP_REPRODUCIBILITY,数据/图片/事实单元是复现附件；不提交Git、不移动冻结split,DATA,33524,False,0,,413c3b51fef784500a2c17ab2bfa9bce3434dcdedaa8e7b505e23d175e4e5417,NONE; preserve original path if referenced by frozen manifest
data/images/week1_v3/595320248671.webp,KEEP_REPRODUCIBILITY,数据/图片/事实单元是复现附件；不提交Git、不移动冻结split,DATA,106208,False,0,,35582d5a9b990ba9d2e59e90f50669642e244ec272d3f03c8fd20a9c007e5c63,NONE; preserve original path if referenced by frozen manifest
data/images/week1_v3/595372048649.webp,KEEP_REPRODUCIBILITY,数据/图片/事实单元是复现附件；不提交Git、不移动冻结split,DATA,44888,False,0,,b67cf5cd8d042e1635b357c35e0ab76f19d5e5584af190174f96b484957f33ac,NONE; preserve original path if referenced by frozen manifest
data/images/week1_v3/595413699279.webp,KEEP_REPRODUCIBILITY,数据/图片/事实单元是复现附件；不提交Git、不移动冻结split,DATA,24242,False,0,,f8b4af61365189db8cb27bccf6976d43b3516c2e61d9b7ecea59f978d4f2df36,NONE; preserve original path if referenced by frozen manifest
data/images/week1_v3/595487807549.webp,KEEP_REPRODUCIBILITY,数据/图片/事实单元是复现附件；不提交Git、不移动冻结split,DATA,67646,False,0,,d4f6daa5536e0411728fde9219a65b4acce6e30a656c9043d6859f9ebaa6fd3b,NONE; preserve original path if referenced by frozen manifest
data/images/week1_v3/595662770039.webp,KEEP_REPRODUCIBILITY,数据/图片/事实单元是复现附件；不提交Git、不移动冻结split,DATA,30492,False,0,,38dba7c776e7807e139f5dbd7d7b178c9d7a19dc2c8cf3677055ba0a0b0d147e,NONE; preserve original path if referenced by frozen manifest
data/images/week1_v3/595694468172.webp,KEEP_REPRODUCIBILITY,数据/图片/事实单元是复现附件；不提交Git、不移动冻结split,DATA,68682,False,0,,9813a48544c2b30399fd5fa0bd253e37d7a666eca3ba7b9422bdc4023c91e6c7,NONE; preserve original path if referenced by frozen manifest
data/images/week1_v3/595776736215.webp,KEEP_REPRODUCIBILITY,数据/图片/事实单元是复现附件；不提交Git、不移动冻结split,DATA,74582,False,0,,861093fe144b160135f29972e65a37259fe78d1c240d68fa8f7c1a1f83f7f8d2,NONE; preserve original path if referenced by frozen manifest
data/images/week1_v3/595793673738.webp,KEEP_REPRODUCIBILITY,数据/图片/事实单元是复现附件；不提交Git、不移动冻结split,DATA,61130,False,0,,d4c2175523decf76490474d2c98af6df533d7063895746800687070290f8c62b,NONE; preserve original path if referenced by frozen manifest
data/images/week1_v3/595800652343.webp,KEEP_REPRODUCIBILITY,数据/图片/事实单元是复现附件；不提交Git、不移动冻结split,DATA,50658,False,0,,98427b4536782c9a5ac7263c048f16dffe65ca2e80c7b5aec3cf0da0c3698e1b,NONE; preserve original path if referenced by frozen manifest
data/images/week1_v3/595844598606.webp,KEEP_REPRODUCIBILITY,数据/图片/事实单元是复现附件；不提交Git、不移动冻结split,DATA,95174,False,0,,423a11a906a15154c50dd3d2ff2559a1f005ac3aa7f595af2702b417ba8b22e3,NONE; preserve original path if referenced by frozen manifest
data/images/week1_v3/595934042619.webp,KEEP_REPRODUCIBILITY,数据/图片/事实单元是复现附件；不提交Git、不移动冻结split,DATA,23526,False,0,,e96d68757b568cd9ede435cd393d358b55b792250686e1fa2e4529b781e28c05,NONE; preserve original path if referenced by frozen manifest
data/images/week1_v3/596012252577.webp,KEEP_REPRODUCIBILITY,数据/图片/事实单元是复现附件；不提交Git、不移动冻结split,DATA,96398,False,0,,e66ee134c04c0db6af008d3ef5fd7188faa9cdd223f8048ea71697fc6a27a99b,NONE; preserve original path if referenced by frozen manifest
data/images/week1_v3/596152984459.webp,KEEP_REPRODUCIBILITY,数据/图片/事实单元是复现附件；不提交Git、不移动冻结split,DATA,15520,False,0,,95c742169c68f4d613d06770420b79770a25dd7aeb195f4af9ef256958cbfc66,NONE; preserve original path if referenced by frozen manifest
data/images/week1_v3/596153248812.webp,KEEP_REPRODUCIBILITY,数据/图片/事实单元是复现附件；不提交Git、不移动冻结split,DATA,149660,False,0,,7b3e88aff972bc0f4479386dd6f0ea847a7241925394f2529a8e44e286a7d57b,NONE; preserve original path if referenced by frozen manifest
data/images/week1_v3/596219506466.jpg,KEEP_REPRODUCIBILITY,数据/图片/事实单元是复现附件；不提交Git、不移动冻结split,DATA,75055,False,0,,70d40a5c85c69896fb77a9b90568ef844e9ccc584bbf6414c4c14e3549c45946,NONE; preserve original path if referenced by frozen manifest
data/images/week1_v3/596270052992.webp,KEEP_REPRODUCIBILITY,数据/图片/事实单元是复现附件；不提交Git、不移动冻结split,DATA,117006,False,0,,08db7f94f9d2a14a08e1ea1a88e74f13959021fda8504cfc6e2b1e9ea8e2f3cd,NONE; preserve original path if referenced by frozen manifest
data/images/week1_v3/596290727251.webp,KEEP_REPRODUCIBILITY,数据/图片/事实单元是复现附件；不提交Git、不移动冻结split,DATA,41886,False,0,,c1cdefa04a58ec5100a1458221021f27ccbba590ba55100ddd145c8151bf6027,NONE; preserve original path if referenced by frozen manifest
data/images/week1_v3/596330236766.webp,KEEP_REPRODUCIBILITY,数据/图片/事实单元是复现附件；不提交Git、不移动冻结split,DATA,70258,False,0,,4282531f3171fe57ed60cf1c8832cb02fa4f5899c6688c8f54904b80940d647b,NONE; preserve original path if referenced by frozen manifest
data/images/week1_v3/596370702064.png,KEEP_REPRODUCIBILITY,数据/图片/事实单元是复现附件；不提交Git、不移动冻结split,DATA,682782,False,0,,5592ebcec960281aece68ad0a722846efe1c1220c951ce39d132443837b164e5,NONE; preserve original path if referenced by frozen manifest
data/images/week1_v3/596372155478.webp,KEEP_REPRODUCIBILITY,数据/图片/事实单元是复现附件；不提交Git、不移动冻结split,DATA,73462,False,0,,a88f2f0c03e368fb076808d78e1daf804ca22bdeaaad8c18ec88c288e9a12c22,NONE; preserve original path if referenced by frozen manifest
data/images/week1_v3/596482438736.webp,KEEP_REPRODUCIBILITY,数据/图片/事实单元是复现附件；不提交Git、不移动冻结split,DATA,71426,False,0,,1e6d979d3d76eb608e2f58e4163d074cc1ce8cd6f9a67b1a9ae73f8cd744a486,NONE; preserve original path if referenced by frozen manifest
data/images/week1_v3/596507785095.webp,KEEP_REPRODUCIBILITY,数据/图片/事实单元是复现附件；不提交Git、不移动冻结split,DATA,58672,False,0,,349269cb8c6bb3889ca964b773de465269320e9fa557e5feeb20f399812529fd,NONE; preserve original path if referenced by frozen manifest
data/images/week1_v3/596513243796.webp,KEEP_REPRODUCIBILITY,数据/图片/事实单元是复现附件；不提交Git、不移动冻结split,DATA,22784,False,0,,2ef0488f53a2224ded81844641af50806da93295cc235aec0dbf23f1207df6d8,NONE; preserve original path if referenced by frozen manifest
data/images/week1_v3/596547177164.webp,KEEP_REPRODUCIBILITY,数据/图片/事实单元是复现附件；不提交Git、不移动冻结split,DATA,96638,False,0,,358b8f66ecc80408d57fcdd86bd41308846c75f37265bfb1ccf45c4c7c428dd0,NONE; preserve original path if referenced by frozen manifest
data/images/week1_v3/596561935088.webp,KEEP_REPRODUCIBILITY,数据/图片/事实单元是复现附件；不提交Git、不移动冻结split,DATA,93364,False,0,,805fb0e3ef1d760b7d3effdfefe37af12c978d3ee1d7bc05ef507272c15d5f7a,NONE; preserve original path if referenced by frozen manifest
data/images/week1_v3/596567340112.webp,KEEP_REPRODUCIBILITY,数据/图片/事实单元是复现附件；不提交Git、不移动冻结split,DATA,37042,False,0,,c043eb5515aa598f93e35fea4c57e2400aa8bc0c93cd2874ec1ffa9bd0a5f164,NONE; preserve original path if referenced by frozen manifest
data/images/week1_v3/596570388614.webp,KEEP_REPRODUCIBILITY,数据/图片/事实单元是复现附件；不提交Git、不移动冻结split,DATA,76052,False,0,,63f481b01c96c086ac92775ccf76f5bdd2027897c42f716c8f8805e9e45f515f,NONE; preserve original path if referenced by frozen manifest
data/images/week1_v3/596666715224.webp,KEEP_REPRODUCIBILITY,数据/图片/事实单元是复现附件；不提交Git、不移动冻结split,DATA,121936,False,0,,b720330a2d4ee76f2c542748e5dd1d467c5ea42fb125b35c42dfb54606eb857c,NONE; preserve original path if referenced by frozen manifest
data/images/week1_v3/596680428670.jpg,KEEP_REPRODUCIBILITY,数据/图片/事实单元是复现附件；不提交Git、不移动冻结split,DATA,69003,False,0,,8981a1929e8a5084c69e67542642c819543fce670b5ebb60ffcbbf58676c91fe,NONE; preserve original path if referenced by frozen manifest
data/images/week1_v3/596685242343.webp,KEEP_REPRODUCIBILITY,数据/图片/事实单元是复现附件；不提交Git、不移动冻结split,DATA,104202,False,0,,dd6a60f839fdbf7a28ec3d24274753045c2b5964e058fbe8167ff83099a34e6b,NONE; preserve original path if referenced by frozen manifest
data/images/week1_v3/596692429930.png,KEEP_REPRODUCIBILITY,数据/图片/事实单元是复现附件；不提交Git、不移动冻结split,DATA,757189,False,0,,460a6015031118d2f6b2bc544f4efd9219049732c8756ec0a73bbeb2f0999cfe,NONE; preserve original path if referenced by frozen manifest
data/images/week1_v3/596706507455.webp,KEEP_REPRODUCIBILITY,数据/图片/事实单元是复现附件；不提交Git、不移动冻结split,DATA,58722,False,0,,c8c39c092e3dd7994d4e963f811b5ccd672d6b58dad3f343f139d7d47b7006bb,NONE; preserve original path if referenced by frozen manifest
data/images/week1_v3/596794071844.webp,KEEP_REPRODUCIBILITY,数据/图片/事实单元是复现附件；不提交Git、不移动冻结split,DATA,18658,False,0,,d433e363481572b8132aea3b691f20f32a6cd09364bacfec0cce4f3fae86c759,NONE; preserve original path if referenced by frozen manifest
data/images/week1_v3/596929843393.webp,KEEP_REPRODUCIBILITY,数据/图片/事实单元是复现附件；不提交Git、不移动冻结split,DATA,92586,False,0,,f4150c3a16c0a4e2bb704d7718ea55f44d78de8581603c01a2a9c025aff15a74,NONE; preserve original path if referenced by frozen manifest
data/images/week1_v3/596931239649.webp,KEEP_REPRODUCIBILITY,数据/图片/事实单元是复现附件；不提交Git、不移动冻结split,DATA,37524,False,0,,721ac55019bd1ca7920dd49172f6d4761d98cf29f14378970029c4c6dbc98585,NONE; preserve original path if referenced by frozen manifest
data/images/week1_v3/597016168705.png,KEEP_REPRODUCIBILITY,数据/图片/事实单元是复现附件；不提交Git、不移动冻结split,DATA,126792,False,0,,71b734cb50288186f4bce84263d092dab50d466feecb4947ac703d5e5f79ab22,NONE; preserve original path if referenced by frozen manifest
data/images/week1_v3/597024992648.webp,KEEP_REPRODUCIBILITY,数据/图片/事实单元是复现附件；不提交Git、不移动冻结split,DATA,41860,False,0,,3ba912e03217c322c853dec000767911ff749ba3ea85438924d303459a197c2c,NONE; preserve original path if referenced by frozen manifest
data/images/week1_v3/597047975345.webp,KEEP_REPRODUCIBILITY,数据/图片/事实单元是复现附件；不提交Git、不移动冻结split,DATA,38952,False,0,,085a2d6f1b071af038e88379b3e46e53e4aa3b9e2605fb328fe3cad8873a4fbb,NONE; preserve original path if referenced by frozen manifest
data/images/week1_v3/597102621828.webp,KEEP_REPRODUCIBILITY,数据/图片/事实单元是复现附件；不提交Git、不移动冻结split,DATA,86990,False,0,,04cdc00ce7dd986ff613bc5026603dde89ded3aafc6da84e16dd214761304315,NONE; preserve original path if referenced by frozen manifest
data/images/week1_v3/597105660944.webp,KEEP_REPRODUCIBILITY,数据/图片/事实单元是复现附件；不提交Git、不移动冻结split,DATA,79652,False,0,,163e9f0441d5380f802d353bb8e444abfd54ae79bc1002a336e3649fecba2923,NONE; preserve original path if referenced by frozen manifest
data/images/week1_v3/597110431170.webp,KEEP_REPRODUCIBILITY,数据/图片/事实单元是复现附件；不提交Git、不移动冻结split,DATA,59432,False,0,,cada26d10236c43802a94d2be243adda918ad679453c951f49365ac66fbbf3ae,NONE; preserve original path if referenced by frozen manifest
data/images/week1_v3/597127457656.webp,KEEP_REPRODUCIBILITY,数据/图片/事实单元是复现附件；不提交Git、不移动冻结split,DATA,60338,False,0,,7345a69edae63c77772409c4e11c30de4ccfbe3867fbf8c2c628813bd63fdb05,NONE; preserve original path if referenced by frozen manifest
data/images/week1_v3/597134023184.webp,KEEP_REPRODUCIBILITY,数据/图片/事实单元是复现附件；不提交Git、不移动冻结split,DATA,84920,False,0,,a1365e8ec9c6e3258e52c58b563ce56d782f6c35332ed56eeae124eba23cf781,NONE; preserve original path if referenced by frozen manifest
data/images/week1_v3/597181969185.webp,KEEP_REPRODUCIBILITY,数据/图片/事实单元是复现附件；不提交Git、不移动冻结split,DATA,30370,False,0,,b355a2f6144fd9aa489362711c11e81eef1a4830937dee0bf558ed61f61985dd,NONE; preserve original path if referenced by frozen manifest
data/images/week1_v3/597205994580.webp,KEEP_REPRODUCIBILITY,数据/图片/事实单元是复现附件；不提交Git、不移动冻结split,DATA,107824,False,0,,ec2292ec4edd61a3474bb1c3d571fc804f4e43f5234479dd08056f6c39b68999,NONE; preserve original path if referenced by frozen manifest
data/images/week1_v3/597263199493.webp,KEEP_REPRODUCIBILITY,数据/图片/事实单元是复现附件；不提交Git、不移动冻结split,DATA,39380,False,0,,b2eb4d45280f7702548de53a66f79e55cb750e3fddb8a62da2603654578b065f,NONE; preserve original path if referenced by frozen manifest
data/images/week1_v3/597268634438.webp,KEEP_REPRODUCIBILITY,数据/图片/事实单元是复现附件；不提交Git、不移动冻结split,DATA,101106,False,0,,9f4028f82ffa0327a57e1fd2f772cf300498443512c95e0b1c3bbe302c2b20ba,NONE; preserve original path if referenced by frozen manifest
data/images/week1_v3/597300459437.webp,KEEP_REPRODUCIBILITY,数据/图片/事实单元是复现附件；不提交Git、不移动冻结split,DATA,61218,False,0,,18787eae6a29309981694670769dd464fb6ccfd60c02d19d9bfb1b1931b954e6,NONE; preserve original path if referenced by frozen manifest
data/images/week1_v3/597328189786.webp,KEEP_REPRODUCIBILITY,数据/图片/事实单元是复现附件；不提交Git、不移动冻结split,DATA,22858,False,0,,233ac5809f6692e642a7f4e9952b379504e33ab9eaa983712826833cf75b3dc8,NONE; preserve original path if referenced by frozen manifest
data/images/week1_v3/597352950256.webp,KEEP_REPRODUCIBILITY,数据/图片/事实单元是复现附件；不提交Git、不移动冻结split,DATA,79150,False,0,,efd10f1ef49d42a7929f8f8e74eb39eb16be3e1353c5d1fc88007d253d05f785,NONE; preserve original path if referenced by frozen manifest
data/images/week1_v3/597369716286.webp,KEEP_REPRODUCIBILITY,数据/图片/事实单元是复现附件；不提交Git、不移动冻结split,DATA,54154,False,0,,1567115282a0ebd59d50cef21489b8db4c98cbbae638d88074cd1d23a50cf1fd,NONE; preserve original path if referenced by frozen manifest
data/images/week1_v3/597374348548.webp,KEEP_REPRODUCIBILITY,数据/图片/事实单元是复现附件；不提交Git、不移动冻结split,DATA,44336,False,0,,7c3368abc6974372b0f464a8c1c664dfc49c0a3eec955b3a98f93ed12ba6afb8,NONE; preserve original path if referenced by frozen manifest
data/images/week1_v3/597421965386.webp,KEEP_REPRODUCIBILITY,数据/图片/事实单元是复现附件；不提交Git、不移动冻结split,DATA,116222,False,0,,0798c2d3a0a8bde674e59b806eb4b7c2abd4eccd0a65dd870801d2fe125265c3,NONE; preserve original path if referenced by frozen manifest
data/images/week1_v3/597427455263.webp,KEEP_REPRODUCIBILITY,数据/图片/事实单元是复现附件；不提交Git、不移动冻结split,DATA,21736,False,0,,48e5089157b3e5c83535cca84b8a4a058af3e71dfb932e626ef923d6dccdc601,NONE; preserve original path if referenced by frozen manifest
data/images/week1_v3/597431937627.webp,KEEP_REPRODUCIBILITY,数据/图片/事实单元是复现附件；不提交Git、不移动冻结split,DATA,56282,False,0,,a6d98c3b1919e69b5f8fb7ae022f936471d542e14d867967227bda9ae7dc6cc1,NONE; preserve original path if referenced by frozen manifest
data/images/week1_v3/597532479129.webp,KEEP_REPRODUCIBILITY,数据/图片/事实单元是复现附件；不提交Git、不移动冻结split,DATA,72752,False,0,,013136081f9870274e42a379e0b66b5c45be22d68a3b0b54aa18c0f4ae37f2f7,NONE; preserve original path if referenced by frozen manifest
data/images/week1_v3/597632176645.webp,KEEP_REPRODUCIBILITY,数据/图片/事实单元是复现附件；不提交Git、不移动冻结split,DATA,79750,False,0,,ff93ed46b42e25b8065efe43a1ff4c09a5a2a42ecf87b9d8e688e4aed62a2534,NONE; preserve original path if referenced by frozen manifest
data/images/week1_v3/597654953716.webp,KEEP_REPRODUCIBILITY,数据/图片/事实单元是复现附件；不提交Git、不移动冻结split,DATA,47422,False,0,,ca04c6a7e38ec8e3988e2f999f2dd4f883590ce1af965ad50c4b6f55414359a0,NONE; preserve original path if referenced by frozen manifest
data/images/week1_v3/597658450788.webp,KEEP_REPRODUCIBILITY,数据/图片/事实单元是复现附件；不提交Git、不移动冻结split,DATA,132244,False,0,,88ae8e1b5fd691588fecfb2dcbfd88d69dd581bb44b7b3c82626c1b49e52578e,NONE; preserve original path if referenced by frozen manifest
data/images/week1_v3/597667566007.webp,KEEP_REPRODUCIBILITY,数据/图片/事实单元是复现附件；不提交Git、不移动冻结split,DATA,50670,False,0,,f6a6bf6f27aad53c61c7d927677e62a92cc7b5b8e75ef525af181bc24438ae28,NONE; preserve original path if referenced by frozen manifest
data/images/week1_v3/597716169114.webp,KEEP_REPRODUCIBILITY,数据/图片/事实单元是复现附件；不提交Git、不移动冻结split,DATA,87000,False,0,,a632e640e378c82a7cf60cfb6c93a071d4a1b8f5bb3099c1317cc6770640c322,NONE; preserve original path if referenced by frozen manifest
data/images/week1_v3/597730766743.webp,KEEP_REPRODUCIBILITY,数据/图片/事实单元是复现附件；不提交Git、不移动冻结split,DATA,84688,False,0,,80db6ffe267e40be7487c3c445332ff68b6db6d2b2e4de699a6039c585faa336,NONE; preserve original path if referenced by frozen manifest
data/images/week1_v3/597772790632.webp,KEEP_REPRODUCIBILITY,数据/图片/事实单元是复现附件；不提交Git、不移动冻结split,DATA,100400,False,0,,c3f52f9ca6dbbab988c4fadc347c4ee0a375c2ff7668ab29c36a1bd2a2e7783b,NONE; preserve original path if referenced by frozen manifest
data/images/week1_v3/597785953846.webp,KEEP_REPRODUCIBILITY,数据/图片/事实单元是复现附件；不提交Git、不移动冻结split,DATA,30234,False,0,,2e0e4fed360feef72fe6610a23a61e45a08e63163366263783568f36dec75738,NONE; preserve original path if referenced by frozen manifest
data/images/week1_v3/597850977581.webp,KEEP_REPRODUCIBILITY,数据/图片/事实单元是复现附件；不提交Git、不移动冻结split,DATA,173920,False,0,,f213471ce958bb019ecca1813097c4568e7aba220ffeb26dc4ce5659e80fa4c6,NONE; preserve original path if referenced by frozen manifest
data/images/week1_v3/597851615300.webp,KEEP_REPRODUCIBILITY,数据/图片/事实单元是复现附件；不提交Git、不移动冻结split,DATA,114786,False,0,,d572e4ea6e1367be9ff46a0806ee08bc7cbfd4fd1f716e8f3db1689dbc40d9c3,NONE; preserve original path if referenced by frozen manifest
data/images/week1_v3/597857454650.webp,KEEP_REPRODUCIBILITY,数据/图片/事实单元是复现附件；不提交Git、不移动冻结split,DATA,77288,False,0,,a19c3a3b2e5e9127bbac17b651a4d42473493f2cd4b18e6e8189ee245c48efc2,NONE; preserve original path if referenced by frozen manifest
data/images/week1_v3/597872833361.webp,KEEP_REPRODUCIBILITY,数据/图片/事实单元是复现附件；不提交Git、不移动冻结split,DATA,30518,False,0,,1c9bd03a43393e70395565b9f5b3cd80e39475158e9b945c2df1ec1f637dd7b4,NONE; preserve original path if referenced by frozen manifest
data/images/week1_v3/597962551491.webp,KEEP_REPRODUCIBILITY,数据/图片/事实单元是复现附件；不提交Git、不移动冻结split,DATA,106672,False,0,,324fdf57dfae211aa2cd183248770a6bc31c441f852f06f7c6e435952ad107ad,NONE; preserve original path if referenced by frozen manifest
data/images/week1_v3/597977882833.webp,KEEP_REPRODUCIBILITY,数据/图片/事实单元是复现附件；不提交Git、不移动冻结split,DATA,76188,False,0,,0d9d60e76ea36ab1daedaf8ba4b3013da4946f3d64cf4b5a90427b72e2cc740f,NONE; preserve original path if referenced by frozen manifest
data/images/week1_v3/597982094967.webp,KEEP_REPRODUCIBILITY,数据/图片/事实单元是复现附件；不提交Git、不移动冻结split,DATA,29738,False,0,,df36c5886ddf38b1b877e2403629cf44b7a8580aae1569aa96b3b6dd726395d4,NONE; preserve original path if referenced by frozen manifest
data/images/week1_v3/598070530082.webp,KEEP_REPRODUCIBILITY,数据/图片/事实单元是复现附件；不提交Git、不移动冻结split,DATA,57172,False,0,,3354f9da10c685eb1f7bb3bc88e4c0c11e1c195b0068d6a71c2546efe587d157,NONE; preserve original path if referenced by frozen manifest
data/images/week1_v3/598076584585.webp,KEEP_REPRODUCIBILITY,数据/图片/事实单元是复现附件；不提交Git、不移动冻结split,DATA,93158,False,0,,acec98c9b742c9d62a10b6d1bbc35ea301c54911ce1830785e5d4d266dee8dd8,NONE; preserve original path if referenced by frozen manifest
data/images/week1_v3/598089785791.webp,KEEP_REPRODUCIBILITY,数据/图片/事实单元是复现附件；不提交Git、不移动冻结split,DATA,68864,False,0,,cd1657432205c271f81c1d005039bde2d89d896aec1e721c4eb487eed1d77d56,NONE; preserve original path if referenced by frozen manifest
data/images/week1_v3/598169164129.webp,KEEP_REPRODUCIBILITY,数据/图片/事实单元是复现附件；不提交Git、不移动冻结split,DATA,51320,False,0,,e7659d09276b1c24a9cf6cbb74730eecab10040a6821070abbaf483171854528,NONE; preserve original path if referenced by frozen manifest
data/images/week1_v3/598170424604.webp,KEEP_REPRODUCIBILITY,数据/图片/事实单元是复现附件；不提交Git、不移动冻结split,DATA,77970,False,0,,a34bc98c29a25615b654739996f2f2ea34a9e7bf23cfd64eb7b1830f4961be4e,NONE; preserve original path if referenced by frozen manifest
data/images/week1_v3/598195380819.webp,KEEP_REPRODUCIBILITY,数据/图片/事实单元是复现附件；不提交Git、不移动冻结split,DATA,62794,False,0,,fb0ff6bb55c73795c6cecc4bfad3f299ee0b7ea8dc0b2482ca936c4b30c6e95d,NONE; preserve original path if referenced by frozen manifest
data/images/week1_v3/598256569327.webp,KEEP_REPRODUCIBILITY,数据/图片/事实单元是复现附件；不提交Git、不移动冻结split,DATA,64052,False,0,,d0d2c0b8ca8ba6f23620528faebd2b902f3729a656c7d94e7f8e16bde20511d8,NONE; preserve original path if referenced by frozen manifest
data/images/week1_v3/598272277621.webp,KEEP_REPRODUCIBILITY,数据/图片/事实单元是复现附件；不提交Git、不移动冻结split,DATA,107758,False,0,,8bf73f2b2794a1dca3b381685458c82910b4cf3a6fb12c64c217507c6bd15ac5,NONE; preserve original path if referenced by frozen manifest
data/images/week1_v3/598274359606.webp,KEEP_REPRODUCIBILITY,数据/图片/事实单元是复现附件；不提交Git、不移动冻结split,DATA,60046,False,0,,c67287b55eadaf6f86e2ddbbf01831f8adc55915377dab46ece3a6d6a58839c9,NONE; preserve original path if referenced by frozen manifest
data/images/week1_v3/598327001566.webp,KEEP_REPRODUCIBILITY,数据/图片/事实单元是复现附件；不提交Git、不移动冻结split,DATA,16128,False,0,,694f6153b210f1f16d09fd3808c59212afdfe10016ae00d11a10ed6192f87ee4,NONE; preserve original path if referenced by frozen manifest
data/images/week1_v3/598381300399.webp,KEEP_REPRODUCIBILITY,数据/图片/事实单元是复现附件；不提交Git、不移动冻结split,DATA,60768,False,0,,627266816b9b13776ddc1e99de395c96cc0d9bfb5a8b04182ff16d248d5defa3,NONE; preserve original path if referenced by frozen manifest
data/images/week1_v3/598432812296.webp,KEEP_REPRODUCIBILITY,数据/图片/事实单元是复现附件；不提交Git、不移动冻结split,DATA,64428,False,0,,900a8836f9e68c89959d0b8e3fa1669ffbeac9827aef645ed877b394eb3bce73,NONE; preserve original path if referenced by frozen manifest
data/images/week1_v3/598508590097.webp,KEEP_REPRODUCIBILITY,数据/图片/事实单元是复现附件；不提交Git、不移动冻结split,DATA,36642,False,0,,ef9b7622f979ee34e741128beac70a26c2e5ed16840755fec9b45797d5ffe98d,NONE; preserve original path if referenced by frozen manifest
data/images/week1_v3/598561079017.webp,KEEP_REPRODUCIBILITY,数据/图片/事实单元是复现附件；不提交Git、不移动冻结split,DATA,85836,False,0,,215e6a3b784885c615781cb59380c07d99539a7e939fa4faf71b1fde15b5a590,NONE; preserve original path if referenced by frozen manifest
data/images/week1_v3/598645023869.webp,KEEP_REPRODUCIBILITY,数据/图片/事实单元是复现附件；不提交Git、不移动冻结split,DATA,69218,False,0,,2c7873f63c86d513e01e1041ffa7d9c8ac08fc75003840441a3c3c111832ca90,NONE; preserve original path if referenced by frozen manifest
data/images/week1_v3/598662144466.webp,KEEP_REPRODUCIBILITY,数据/图片/事实单元是复现附件；不提交Git、不移动冻结split,DATA,94202,False,0,,81f968d0052536b591fc237844084c016fd3f2229c761bc8a6b66f303a1ea43c,NONE; preserve original path if referenced by frozen manifest
data/images/week1_v3/598711226100.webp,KEEP_REPRODUCIBILITY,数据/图片/事实单元是复现附件；不提交Git、不移动冻结split,DATA,45726,False,0,,92fb0121c027b57a881c4b2393f780b877641d80d191ce35e97dd4a1b495f68b,NONE; preserve original path if referenced by frozen manifest
data/images/week1_v3/598730755111.webp,KEEP_REPRODUCIBILITY,数据/图片/事实单元是复现附件；不提交Git、不移动冻结split,DATA,49730,False,0,,c2538bf8c5ac9dd958a9d6b1249aa652bfcf9e83862892fca00124304eba6853,NONE; preserve original path if referenced by frozen manifest
data/images/week1_v3/598733376848.webp,KEEP_REPRODUCIBILITY,数据/图片/事实单元是复现附件；不提交Git、不移动冻结split,DATA,57404,False,0,,c02cb59e099ba8849960e56159b7d4acfd3c3e64668c63b555cedeedad9e5a86,NONE; preserve original path if referenced by frozen manifest
data/images/week1_v3/598779879631.webp,KEEP_REPRODUCIBILITY,数据/图片/事实单元是复现附件；不提交Git、不移动冻结split,DATA,25852,False,0,,c33734b06f94b865d6349af100a7804c4107a8b209cd59591860c173b358b29f,NONE; preserve original path if referenced by frozen manifest
data/images/week1_v3/598781167153.webp,KEEP_REPRODUCIBILITY,数据/图片/事实单元是复现附件；不提交Git、不移动冻结split,DATA,73638,False,0,,2ca8ad65123bbfbc8175fcc611f4f5c34f16b37f6bff0987a3ad51f8499e201c,NONE; preserve original path if referenced by frozen manifest
data/images/week1_v3/598800860046.webp,KEEP_REPRODUCIBILITY,数据/图片/事实单元是复现附件；不提交Git、不移动冻结split,DATA,42304,False,0,,ef6bcdf3a5b13d1c7162172a02c7a9edc2d556bc4371436d081421eb652bb020,NONE; preserve original path if referenced by frozen manifest
data/images/week1_v3/598854051670.webp,KEEP_REPRODUCIBILITY,数据/图片/事实单元是复现附件；不提交Git、不移动冻结split,DATA,63580,False,0,,dd5623b7ac22d86a2991690675b124130faa15df1e3cb6b188de4c7e2dc86787,NONE; preserve original path if referenced by frozen manifest
data/images/week1_v3/598857965466.webp,KEEP_REPRODUCIBILITY,数据/图片/事实单元是复现附件；不提交Git、不移动冻结split,DATA,67486,False,0,,0efadef1f215c8f1ea8331ca0c502f7888011781a7d30cdade694d5c08e59e1b,NONE; preserve original path if referenced by frozen manifest
data/images/week1_v3/598859067163.webp,KEEP_REPRODUCIBILITY,数据/图片/事实单元是复现附件；不提交Git、不移动冻结split,DATA,89906,False,0,,f41d0d42c8fdf374aa7aed10afb02ea213fc99127a9b1621da35a1a27dfba6c7,NONE; preserve original path if referenced by frozen manifest
data/images/week1_v3/598862934900.webp,KEEP_REPRODUCIBILITY,数据/图片/事实单元是复现附件；不提交Git、不移动冻结split,DATA,103008,False,0,,75ea611906ae4c36dd6c1724ad141e8b6f245c4b7989e67363a959636a621ec9,NONE; preserve original path if referenced by frozen manifest
data/images/week1_v3/598865237376.webp,KEEP_REPRODUCIBILITY,数据/图片/事实单元是复现附件；不提交Git、不移动冻结split,DATA,51570,False,0,,5d4820d3e314475525fa139ad8ac7d593aa13e977319e2c9fae17aa5a058cc31,NONE; preserve original path if referenced by frozen manifest
data/images/week1_v3/598928868076.webp,KEEP_REPRODUCIBILITY,数据/图片/事实单元是复现附件；不提交Git、不移动冻结split,DATA,61818,False,0,,eb3303ef0845c9433535dea148d018ca5ab9c38009890ed42761bda456d1b5c2,NONE; preserve original path if referenced by frozen manifest
data/images/week1_v3/599043388547.webp,KEEP_REPRODUCIBILITY,数据/图片/事实单元是复现附件；不提交Git、不移动冻结split,DATA,87718,False,0,,e45ea31fdf1cb5b53f9df62be7b5f58490e783ad89e7d2316c7b8fefd746809d,NONE; preserve original path if referenced by frozen manifest
data/images/week1_v3/599050751277.webp,KEEP_REPRODUCIBILITY,数据/图片/事实单元是复现附件；不提交Git、不移动冻结split,DATA,61490,False,0,,b009d3d8eb03b608369fbee7bc05b4b28db96f0a2b62c84610c4d5fb7a30b545,NONE; preserve original path if referenced by frozen manifest
data/images/week1_v3/599057480741.webp,KEEP_REPRODUCIBILITY,数据/图片/事实单元是复现附件；不提交Git、不移动冻结split,DATA,76094,False,0,,001a1e1ae44ba0818caa22c7383d90ce3ec65b775649a3fe3d42b31a05281344,NONE; preserve original path if referenced by frozen manifest
data/images/week1_v3/599150978006.webp,KEEP_REPRODUCIBILITY,数据/图片/事实单元是复现附件；不提交Git、不移动冻结split,DATA,41266,False,0,,1abe044a1045c881b661c42f65e85044ef8494b6ba35c5f6686d799bc93327c2,NONE; preserve original path if referenced by frozen manifest
data/images/week1_v3/599193339603.webp,KEEP_REPRODUCIBILITY,数据/图片/事实单元是复现附件；不提交Git、不移动冻结split,DATA,47638,False,0,,7aa2ac52650b1681116e6d0f80d3adcefda27af5f8b5d987adb2bc44c73dd542,NONE; preserve original path if referenced by frozen manifest
data/images/week1_v3/599241979420.webp,KEEP_REPRODUCIBILITY,数据/图片/事实单元是复现附件；不提交Git、不移动冻结split,DATA,34162,False,0,,8f4e095fd44f7d502ff8c0b20d0431868ac7c01ef9f7471dbde7dd8e7259d3b3,NONE; preserve original path if referenced by frozen manifest
data/images/week1_v3/599256259674.webp,KEEP_REPRODUCIBILITY,数据/图片/事实单元是复现附件；不提交Git、不移动冻结split,DATA,140604,False,0,,18841259bcd2c8a8623372110e4fd56fd36af325933d5d5867576912dd8e8afe,NONE; preserve original path if referenced by frozen manifest
data/images/week1_v3/599258355186.webp,KEEP_REPRODUCIBILITY,数据/图片/事实单元是复现附件；不提交Git、不移动冻结split,DATA,95672,False,0,,e80abfc2f1032b58e99424e33fc3d74cb6c90f5e80f9bc25a2936aca3bfa2bba,NONE; preserve original path if referenced by frozen manifest
data/images/week1_v3/599330368883.webp,KEEP_REPRODUCIBILITY,数据/图片/事实单元是复现附件；不提交Git、不移动冻结split,DATA,105528,False,0,,8a0ec9fa54c0be1ccd1c45d677015869142a47547ca28189fa68289f1b648667,NONE; preserve original path if referenced by frozen manifest
data/images/week1_v3/599342790804.webp,KEEP_REPRODUCIBILITY,数据/图片/事实单元是复现附件；不提交Git、不移动冻结split,DATA,70240,False,0,,ad587aadd0f20b04890457f1b3100700003b80591d9e86981e93673f2b142620,NONE; preserve original path if referenced by frozen manifest
data/images/week1_v3/599357249298.webp,KEEP_REPRODUCIBILITY,数据/图片/事实单元是复现附件；不提交Git、不移动冻结split,DATA,33156,False,0,,46253a832d212c9dfb4b2ea277ac8cf9f0408f72488130ef0c5d228c40859048,NONE; preserve original path if referenced by frozen manifest
data/images/week1_v3/599373393679.webp,KEEP_REPRODUCIBILITY,数据/图片/事实单元是复现附件；不提交Git、不移动冻结split,DATA,88070,False,0,,fc22832a163daf7ce9f72c50e130fbe94dde09919c5d071f4dc7d60f2b3c0401,NONE; preserve original path if referenced by frozen manifest
data/images/week1_v3/599425062718.webp,KEEP_REPRODUCIBILITY,数据/图片/事实单元是复现附件；不提交Git、不移动冻结split,DATA,50068,False,0,,99b5b92343fe5da74e2bac80ccea5f1073d1e38172b6154aedd6847fd81fae2d,NONE; preserve original path if referenced by frozen manifest
data/images/week1_v3/599446946564.webp,KEEP_REPRODUCIBILITY,数据/图片/事实单元是复现附件；不提交Git、不移动冻结split,DATA,38612,False,0,,83426bfdf4a0139453daa05e65dd646504599b181010d03cd1bc6f1e1170c3c2,NONE; preserve original path if referenced by frozen manifest
data/images/week1_v3/599485472276.webp,KEEP_REPRODUCIBILITY,数据/图片/事实单元是复现附件；不提交Git、不移动冻结split,DATA,51120,False,0,,09d894ab0ef94d4202617995fefbd989a3990f8568f3275c2aebd3c66bbb42f5,NONE; preserve original path if referenced by frozen manifest
data/images/week1_v3/599526479661.webp,KEEP_REPRODUCIBILITY,数据/图片/事实单元是复现附件；不提交Git、不移动冻结split,DATA,56708,False,0,,78c1cbdb61aacb946f19982b3879ddf9a00504ce74036a460f23c815e8aac77a,NONE; preserve original path if referenced by frozen manifest
data/images/week1_v3/599541525462.webp,KEEP_REPRODUCIBILITY,数据/图片/事实单元是复现附件；不提交Git、不移动冻结split,DATA,62866,False,0,,8a1d9d9f5c3e48189ab791d5fdc164a85b61245c596154046e498f7270accf65,NONE; preserve original path if referenced by frozen manifest
data/images/week1_v3/599559329346.webp,KEEP_REPRODUCIBILITY,数据/图片/事实单元是复现附件；不提交Git、不移动冻结split,DATA,40842,False,0,,b5f21327f125708d2d065c3406765e87cd2a39c682c541a766f26cef084666d6,NONE; preserve original path if referenced by frozen manifest
data/images/week1_v3/599582602291.webp,KEEP_REPRODUCIBILITY,数据/图片/事实单元是复现附件；不提交Git、不移动冻结split,DATA,45148,False,0,,840a633688621e12b36365c6ec0e9f1bf1c0946aa48aa681da439210a8a43c44,NONE; preserve original path if referenced by frozen manifest
data/images/week1_v3/599599227579.webp,KEEP_REPRODUCIBILITY,数据/图片/事实单元是复现附件；不提交Git、不移动冻结split,DATA,161848,False,0,,b6b140e8c49961758b148d26a559bb3eade34c21a3997914e7a994be68dec395,NONE; preserve original path if referenced by frozen manifest
data/images/week1_v3/599620329880.webp,KEEP_REPRODUCIBILITY,数据/图片/事实单元是复现附件；不提交Git、不移动冻结split,DATA,52370,False,0,,ceb0219084fc2e8f402f93eebdcf04933e5750e2462286feadc2177cbb3cc3e8,NONE; preserve original path if referenced by frozen manifest
data/images/week1_v3/599764286358.webp,KEEP_REPRODUCIBILITY,数据/图片/事实单元是复现附件；不提交Git、不移动冻结split,DATA,47488,False,0,,1e29b2844382a35a95f3123b338495fe364b80a0b48c216c4adcf0994c18e566,NONE; preserve original path if referenced by frozen manifest
data/images/week1_v3/599810070143.webp,KEEP_REPRODUCIBILITY,数据/图片/事实单元是复现附件；不提交Git、不移动冻结split,DATA,26684,False,0,,53057eab39029a3894fb074d22e24394f5880aff8697dd5f204fa482238e2a88,NONE; preserve original path if referenced by frozen manifest
data/images/week1_v3/599815809470.webp,KEEP_REPRODUCIBILITY,数据/图片/事实单元是复现附件；不提交Git、不移动冻结split,DATA,125350,False,0,,11afd05be5bdf7ddb52d9db7b3950ff77983c539fc2ada34b7786afe0e228823,NONE; preserve original path if referenced by frozen manifest
data/images/week1_v3/599816096782.webp,KEEP_REPRODUCIBILITY,数据/图片/事实单元是复现附件；不提交Git、不移动冻结split,DATA,32156,False,0,,16ab304299d6e1b6811a16e2ad0c63aa0e57ce81f5e3bdfce0d164d40e475683,NONE; preserve original path if referenced by frozen manifest
data/images/week1_v3/599842192353.webp,KEEP_REPRODUCIBILITY,数据/图片/事实单元是复现附件；不提交Git、不移动冻结split,DATA,114376,False,0,,5c5220e90eba27da6aa839cab109d9e236a6fe6284f2259dbaf71b324fe60cea,NONE; preserve original path if referenced by frozen manifest
data/images/week1_v3/599924687609.webp,KEEP_REPRODUCIBILITY,数据/图片/事实单元是复现附件；不提交Git、不移动冻结split,DATA,103666,False,0,,e8eb9720cfe41c6cbe38a97e605ec4b32ccc52a5e287aebc93a261baee0a5d43,NONE; preserve original path if referenced by frozen manifest
data/images/week1_v3/599958487813.webp,KEEP_REPRODUCIBILITY,数据/图片/事实单元是复现附件；不提交Git、不移动冻结split,DATA,125318,False,0,,5583be3958ec48a2f14c8d80bcfee383a23a53dc2dff38bef14a9da2207dc024,NONE; preserve original path if referenced by frozen manifest
data/images/week1_v3/600021335344.png,KEEP_REPRODUCIBILITY,数据/图片/事实单元是复现附件；不提交Git、不移动冻结split,DATA,289507,False,0,,fb172ff06db84edcad46081369ae21a594b8055d84339de279e4e67c1b5cab0c,NONE; preserve original path if referenced by frozen manifest
data/images/week1_v3/600042106360.webp,KEEP_REPRODUCIBILITY,数据/图片/事实单元是复现附件；不提交Git、不移动冻结split,DATA,51450,False,0,,c7187dcc34f3dbac5cdfa00a545db0c68ed70a7bcd6c82f8461d3d738ab29121,NONE; preserve original path if referenced by frozen manifest
data/images/week1_v3/600042334380.webp,KEEP_REPRODUCIBILITY,数据/图片/事实单元是复现附件；不提交Git、不移动冻结split,DATA,40802,False,0,,e148034fa366b42ada96c0fe9ac9f023f5918b9bb9b8cea60bbbc552a8d51254,NONE; preserve original path if referenced by frozen manifest
data/images/week1_v3/600063074162.webp,KEEP_REPRODUCIBILITY,数据/图片/事实单元是复现附件；不提交Git、不移动冻结split,DATA,148644,False,0,,7dc7c3c9e91f21268950a683b7743f954620eda36dd1c01e364fc29060be38c0,NONE; preserve original path if referenced by frozen manifest
data/images/week1_v3/600095492032.webp,KEEP_REPRODUCIBILITY,数据/图片/事实单元是复现附件；不提交Git、不移动冻结split,DATA,91212,False,0,,513a9ca27e8c59c292a63234791e9d29fd5b7408df80fdc592a97b27ad056baf,NONE; preserve original path if referenced by frozen manifest
data/images/week1_v3/600100963319.webp,KEEP_REPRODUCIBILITY,数据/图片/事实单元是复现附件；不提交Git、不移动冻结split,DATA,109398,False,0,,236e8ec28033d6ab1fbd06bd37925d3e4707477673a628703b0ddc5b6c6aa339,NONE; preserve original path if referenced by frozen manifest
data/images/week1_v3/600216325747.webp,KEEP_REPRODUCIBILITY,数据/图片/事实单元是复现附件；不提交Git、不移动冻结split,DATA,12834,False,0,,e526bf359b50012b9d38b3c484683f1a7df471f6aaf63e20968f0fdad2987faa,NONE; preserve original path if referenced by frozen manifest
data/images/week1_v3/600221038133.webp,KEEP_REPRODUCIBILITY,数据/图片/事实单元是复现附件；不提交Git、不移动冻结split,DATA,52798,False,0,,ae34f0749cb544e5fe7dbf9ea5dc812e1df2ee1fb052c7661357b0020a9c7f24,NONE; preserve original path if referenced by frozen manifest
data/images/week1_v3/600255465931.webp,KEEP_REPRODUCIBILITY,数据/图片/事实单元是复现附件；不提交Git、不移动冻结split,DATA,16368,False,0,,f68ac2cd434e49d3e40c76e431e89c30b5ad0bb2cc7a96b0384a71455fcc81b0,NONE; preserve original path if referenced by frozen manifest
data/images/week1_v3/600265826687.png,KEEP_REPRODUCIBILITY,数据/图片/事实单元是复现附件；不提交Git、不移动冻结split,DATA,587179,False,0,,1180f54ca952189363d467224cc437e3c3676d54f1c4c2dc296a8698f2f331c7,NONE; preserve original path if referenced by frozen manifest
data/images/week1_v3/600268397959.webp,KEEP_REPRODUCIBILITY,数据/图片/事实单元是复现附件；不提交Git、不移动冻结split,DATA,100620,False,0,,7c99ed283486297911db05ec958ff3f827cfa1289492dd66bfe6e3b720b9cf05,NONE; preserve original path if referenced by frozen manifest
data/images/week1_v3/600271565404.webp,KEEP_REPRODUCIBILITY,数据/图片/事实单元是复现附件；不提交Git、不移动冻结split,DATA,62458,False,0,,16d2601a347a6f0cd9e726af1b9887f35f015eb6708d01e526b949adf97cf92a,NONE; preserve original path if referenced by frozen manifest
data/images/week1_v3/600307012365.webp,KEEP_REPRODUCIBILITY,数据/图片/事实单元是复现附件；不提交Git、不移动冻结split,DATA,69008,False,0,,c7422a09fd6dd33360ba7543deaedbe165ab8d709d11dad08d9293741350e4e5,NONE; preserve original path if referenced by frozen manifest
data/images/week1_v3/600307254005.webp,KEEP_REPRODUCIBILITY,数据/图片/事实单元是复现附件；不提交Git、不移动冻结split,DATA,15766,False,0,,993518e318bfd8cd2dfc46d7ede4d361fff7b25beb2be023e8a77f79c914b7cb,NONE; preserve original path if referenced by frozen manifest
data/images/week1_v3/600323734481.webp,KEEP_REPRODUCIBILITY,数据/图片/事实单元是复现附件；不提交Git、不移动冻结split,DATA,44802,False,0,,68be5c04c390f48525e3e16bacf7b9b721070c1617d52b327c880a1a7c2a412f,NONE; preserve original path if referenced by frozen manifest
data/images/week1_v3/600333856003.webp,KEEP_REPRODUCIBILITY,数据/图片/事实单元是复现附件；不提交Git、不移动冻结split,DATA,67120,False,0,,c6f4921d02d302dc4782150b1f7e2569693a004ee80b663502e184acd4d3e599,NONE; preserve original path if referenced by frozen manifest
data/images/week1_v3/600347682979.webp,KEEP_REPRODUCIBILITY,数据/图片/事实单元是复现附件；不提交Git、不移动冻结split,DATA,44738,False,0,,dc04a00bce900784f42197ea5d8def7343eb74202400fdc1262de9b2b142402a,NONE; preserve original path if referenced by frozen manifest
data/images/week1_v3/600380940385.webp,KEEP_REPRODUCIBILITY,数据/图片/事实单元是复现附件；不提交Git、不移动冻结split,DATA,91366,False,0,,278c5d6bd39929a961a47b7127357967c1071942eaa84d5a8356b1b28125359f,NONE; preserve original path if referenced by frozen manifest
data/images/week1_v3/600424925621.webp,KEEP_REPRODUCIBILITY,数据/图片/事实单元是复现附件；不提交Git、不移动冻结split,DATA,56992,False,0,,8f92000992b237562316a0ea1a86dfff1950498bb92f561c259f4050bbcb906f,NONE; preserve original path if referenced by frozen manifest
data/images/week1_v3/600430306009.webp,KEEP_REPRODUCIBILITY,数据/图片/事实单元是复现附件；不提交Git、不移动冻结split,DATA,67830,False,0,,dd013c2bb6838d6151bf562d4897193c68c5c4d17b5920bb3db18f73689f4bd2,NONE; preserve original path if referenced by frozen manifest
data/images/week1_v3/600494175191.webp,KEEP_REPRODUCIBILITY,数据/图片/事实单元是复现附件；不提交Git、不移动冻结split,DATA,61992,False,0,,ac10301fc8724475cf127186deadf366527ccc2e99bede4d7088fa54bcefd50b,NONE; preserve original path if referenced by frozen manifest
data/images/week1_v3/600528812096.webp,KEEP_REPRODUCIBILITY,数据/图片/事实单元是复现附件；不提交Git、不移动冻结split,DATA,100688,False,0,,c19bee09075f81029d80b7495312b761a5833102a1d91ff05bd59ec6a38f9e0f,NONE; preserve original path if referenced by frozen manifest
data/images/week1_v3/600529520711.webp,KEEP_REPRODUCIBILITY,数据/图片/事实单元是复现附件；不提交Git、不移动冻结split,DATA,50758,False,0,,456bbe0aca5b9ef5f4efe62cb620ec26e45ce547029b80f311ecf3624cd269b2,NONE; preserve original path if referenced by frozen manifest
data/images/week1_v3/600538024615.webp,KEEP_REPRODUCIBILITY,数据/图片/事实单元是复现附件；不提交Git、不移动冻结split,DATA,46326,False,0,,3b0bc5253a92668b23258c23c0324b375ec69dc144cab659841bddeb87bf816c,NONE; preserve original path if referenced by frozen manifest
data/images/week1_v3/600540423095.webp,KEEP_REPRODUCIBILITY,数据/图片/事实单元是复现附件；不提交Git、不移动冻结split,DATA,88232,False,0,,fa2131849767fd421753edf9e2c0526fdb1841f2f9423c9d8b5f484748949ae8,NONE; preserve original path if referenced by frozen manifest
data/images/week1_v3/600561788795.webp,KEEP_REPRODUCIBILITY,数据/图片/事实单元是复现附件；不提交Git、不移动冻结split,DATA,57892,False,0,,e96770508b914b46cd3d42b98d1caf889cb0bc4916688e60085b0391cc86cd2e,NONE; preserve original path if referenced by frozen manifest
data/images/week1_v3/600604632480.webp,KEEP_REPRODUCIBILITY,数据/图片/事实单元是复现附件；不提交Git、不移动冻结split,DATA,82984,False,0,,949c46fda26942568b86212c2eac98361155c909d0968fbbda4b9ac753d8ee51,NONE; preserve original path if referenced by frozen manifest
data/images/week1_v3/600629189987.webp,KEEP_REPRODUCIBILITY,数据/图片/事实单元是复现附件；不提交Git、不移动冻结split,DATA,62294,False,0,,6362b6b24915733a7ee41297e031f61b64b6a3060ecadaa3051840b57198e1f0,NONE; preserve original path if referenced by frozen manifest
data/images/week1_v3/600661711292.webp,KEEP_REPRODUCIBILITY,数据/图片/事实单元是复现附件；不提交Git、不移动冻结split,DATA,52968,False,0,,c9dd0ae99ef7203e852f6a768d3d5c2959f3eeb47aef3bc99f4fa48e0a303dc4,NONE; preserve original path if referenced by frozen manifest
data/images/week1_v3/600694488553.webp,KEEP_REPRODUCIBILITY,数据/图片/事实单元是复现附件；不提交Git、不移动冻结split,DATA,30242,False,0,,85eaca2ff0692a4c7b1772cac4f1e4f5a959204cc25d6e554a2e244721531be8,NONE; preserve original path if referenced by frozen manifest
data/images/week1_v3/600702277714.webp,KEEP_REPRODUCIBILITY,数据/图片/事实单元是复现附件；不提交Git、不移动冻结split,DATA,45576,False,0,,e54be4f01d50efd5f37b4be57f5334c9c7219c34526ac7f53e653ef7c983f78b,NONE; preserve original path if referenced by frozen manifest
data/images/week1_v3/600729864026.webp,KEEP_REPRODUCIBILITY,数据/图片/事实单元是复现附件；不提交Git、不移动冻结split,DATA,90272,False,0,,2419a109a5625372ff0da4f7d6472486bd2434a625dcaff18034575e9808c143,NONE; preserve original path if referenced by frozen manifest
data/images/week1_v3/600737402686.webp,KEEP_REPRODUCIBILITY,数据/图片/事实单元是复现附件；不提交Git、不移动冻结split,DATA,64532,False,0,,ef693e94f69dd934a560a801601a1a0763890c01f98e26eb4b678fd94ad430d8,NONE; preserve original path if referenced by frozen manifest
data/images/week1_v3/600775278612.webp,KEEP_REPRODUCIBILITY,数据/图片/事实单元是复现附件；不提交Git、不移动冻结split,DATA,126986,False,0,,d8a2095556dc35c18587745947216d51f0afbed73a98e8e4620348a4521c6c43,NONE; preserve original path if referenced by frozen manifest
data/images/week1_v3/600775446336.webp,KEEP_REPRODUCIBILITY,数据/图片/事实单元是复现附件；不提交Git、不移动冻结split,DATA,46434,False,0,,66fb9d1aca419fb85ceb0f791fa6ff556f0e2f4eb1c6c895271351e147ac459a,NONE; preserve original path if referenced by frozen manifest
data/images/week1_v3/600796102887.jpg,KEEP_REPRODUCIBILITY,数据/图片/事实单元是复现附件；不提交Git、不移动冻结split,DATA,257878,False,0,,32290946cdf225bea39ae5321cb55ce0a1edb28210f1654cb84a6729e13dcbd5,NONE; preserve original path if referenced by frozen manifest
data/images/week1_v3/600816076253.webp,KEEP_REPRODUCIBILITY,数据/图片/事实单元是复现附件；不提交Git、不移动冻结split,DATA,64452,False,0,,e9f91d569092193eff67fd1679f116d054166c2697fc0d8873371cb39cfd87b7,NONE; preserve original path if referenced by frozen manifest
data/images/week1_v3/600825038365.webp,KEEP_REPRODUCIBILITY,数据/图片/事实单元是复现附件；不提交Git、不移动冻结split,DATA,150514,False,0,,0f6162e59008d007f49c0dafbf8101b5609ba5d96a32c81ecb42ed9e42a5b701,NONE; preserve original path if referenced by frozen manifest
data/images/week1_v3/600826742960.webp,KEEP_REPRODUCIBILITY,数据/图片/事实单元是复现附件；不提交Git、不移动冻结split,DATA,34280,False,0,,e38a3235a1e727321f712a637c2d78a3a411ab75a6845faf98cc98fbfd7dcec5,NONE; preserve original path if referenced by frozen manifest
data/images/week1_v3/600882856803.webp,KEEP_REPRODUCIBILITY,数据/图片/事实单元是复现附件；不提交Git、不移动冻结split,DATA,100584,False,0,,d31c285877276f97d055eed211ac4738eb6d53452472614e7ee2327c529d9ffc,NONE; preserve original path if referenced by frozen manifest
data/images/week1_v3/600941106142.webp,KEEP_REPRODUCIBILITY,数据/图片/事实单元是复现附件；不提交Git、不移动冻结split,DATA,37620,False,0,,5b72856b6c4df33edf8e2e2b4b363e9ba56de5179288a298230f0abb04fa0ba9,NONE; preserve original path if referenced by frozen manifest
data/images/week1_v3/600945550420.webp,KEEP_REPRODUCIBILITY,数据/图片/事实单元是复现附件；不提交Git、不移动冻结split,DATA,58742,False,0,,68c7feec217d3babe512c231f4be70818cd0f8ccc83f26550cdcbfe49a4280d3,NONE; preserve original path if referenced by frozen manifest
data/images/week1_v3/600955779275.webp,KEEP_REPRODUCIBILITY,数据/图片/事实单元是复现附件；不提交Git、不移动冻结split,DATA,31646,False,0,,b22a108041f1a871527713c0161ef503a016f1edfa92e38ebf327e3805c59295,NONE; preserve original path if referenced by frozen manifest
data/images/week1_v3/600969460111.webp,KEEP_REPRODUCIBILITY,数据/图片/事实单元是复现附件；不提交Git、不移动冻结split,DATA,37444,False,0,,335cb6653cfce4cd5579d421ff029a6b90980e3f3a9fa0b08a5c31ed93632be1,NONE; preserve original path if referenced by frozen manifest
data/images/week1_v3/600982857061.webp,KEEP_REPRODUCIBILITY,数据/图片/事实单元是复现附件；不提交Git、不移动冻结split,DATA,93722,False,0,,501931fb052757f24d29cd0c29d59c2c0caa9b28f8236978560a930eef925476,NONE; preserve original path if referenced by frozen manifest
data/images/week1_v3/601009119510.webp,KEEP_REPRODUCIBILITY,数据/图片/事实单元是复现附件；不提交Git、不移动冻结split,DATA,112286,False,0,,8b139a6ebf16f4857ddd22679c44a9733f84b14924a87f03f177c3509152a5e6,NONE; preserve original path if referenced by frozen manifest
data/images/week1_v3/601053219244.webp,KEEP_REPRODUCIBILITY,数据/图片/事实单元是复现附件；不提交Git、不移动冻结split,DATA,59326,False,0,,c5cf164ad3f430b8e6f4187303cab071b929aa672c87743741654c6318f692c1,NONE; preserve original path if referenced by frozen manifest
data/images/week1_v3/601062936743.webp,KEEP_REPRODUCIBILITY,数据/图片/事实单元是复现附件；不提交Git、不移动冻结split,DATA,59674,False,0,,5c913961f372f440fbc24225e1a8b8fee7eba11b4a65c91750f33b13fe763056,NONE; preserve original path if referenced by frozen manifest
data/images/week1_v3/601063935410.webp,KEEP_REPRODUCIBILITY,数据/图片/事实单元是复现附件；不提交Git、不移动冻结split,DATA,64772,False,0,,8e5ae88f60e96d009cf965aab501b03de7433df4304537f257fc6075718fa96d,NONE; preserve original path if referenced by frozen manifest
data/images/week1_v3/601065155665.webp,KEEP_REPRODUCIBILITY,数据/图片/事实单元是复现附件；不提交Git、不移动冻结split,DATA,75754,False,0,,380e13b2008d0f0fb869c39a9c165b19c226b38ad2e42b02b7459d27ab17dc7c,NONE; preserve original path if referenced by frozen manifest
data/images/week1_v3/601065850690.webp,KEEP_REPRODUCIBILITY,数据/图片/事实单元是复现附件；不提交Git、不移动冻结split,DATA,85790,False,0,,eba5a4d30fffb3f7c8fc431aef0a5b488597acf7c087dcb8c5369683a986fb59,NONE; preserve original path if referenced by frozen manifest
data/images/week1_v3/601077013421.webp,KEEP_REPRODUCIBILITY,数据/图片/事实单元是复现附件；不提交Git、不移动冻结split,DATA,76818,False,0,,cb0540d33e29c6ce8dda36f0d551ac3b4722ffa34fb632207f7d950626ad7047,NONE; preserve original path if referenced by frozen manifest
data/images/week1_v3/601142445782.webp,KEEP_REPRODUCIBILITY,数据/图片/事实单元是复现附件；不提交Git、不移动冻结split,DATA,78972,False,0,,5cebf2baef025abdc0b9d6279274be319e15920b63a46d039d72c06091b9f938,NONE; preserve original path if referenced by frozen manifest
data/images/week1_v3/601211385853.webp,KEEP_REPRODUCIBILITY,数据/图片/事实单元是复现附件；不提交Git、不移动冻结split,DATA,42854,False,0,,29c2cdc1f5e4cacb8febb49e947ffd2b326d251de7d7e915f26300b746858a06,NONE; preserve original path if referenced by frozen manifest
data/images/week1_v3/601284953533.webp,KEEP_REPRODUCIBILITY,数据/图片/事实单元是复现附件；不提交Git、不移动冻结split,DATA,119808,False,0,,140e68e17bdb5d4b42751d8ff8edb9bf9fd6c475420a9e01022eb0381ed3cdfe,NONE; preserve original path if referenced by frozen manifest
data/images/week1_v3/601290537243.webp,KEEP_REPRODUCIBILITY,数据/图片/事实单元是复现附件；不提交Git、不移动冻结split,DATA,104720,False,0,,ad22e2129a60ae31af3a0aba0ea52aa872b545e285f3725aef95ad1066b1329b,NONE; preserve original path if referenced by frozen manifest
data/images/week1_v3/601293642102.webp,KEEP_REPRODUCIBILITY,数据/图片/事实单元是复现附件；不提交Git、不移动冻结split,DATA,29060,False,0,,383704025fb567084e4b6ad2b01eea8b58312093be3ce906bef596803e85c545,NONE; preserve original path if referenced by frozen manifest
data/images/week1_v3/601310356627.webp,KEEP_REPRODUCIBILITY,数据/图片/事实单元是复现附件；不提交Git、不移动冻结split,DATA,94310,False,0,,aa1a246e8f32fd119ad41c2c786357aa43810d460fa6a2468eaada041114cf4f,NONE; preserve original path if referenced by frozen manifest
data/images/week1_v3/601346652801.webp,KEEP_REPRODUCIBILITY,数据/图片/事实单元是复现附件；不提交Git、不移动冻结split,DATA,72558,False,0,,96d980afd2c541aa4db99f415f01418427ed55833c6cf5f1d59b88823edb18ba,NONE; preserve original path if referenced by frozen manifest
data/images/week1_v3/601368300502.webp,KEEP_REPRODUCIBILITY,数据/图片/事实单元是复现附件；不提交Git、不移动冻结split,DATA,74236,False,0,,42226fd6ebbe3ed1b4d6ccd13e7c9f7a1ec459d1b579a61455e594e5db26f0f1,NONE; preserve original path if referenced by frozen manifest
data/images/week1_v3/601375012747.webp,KEEP_REPRODUCIBILITY,数据/图片/事实单元是复现附件；不提交Git、不移动冻结split,DATA,88042,False,0,,faafd55afa36c43cdf4a3ed026641e4a7c606e65bcf53ea761d8ed3e92dac63a,NONE; preserve original path if referenced by frozen manifest
data/images/week1_v3/601393308172.webp,KEEP_REPRODUCIBILITY,数据/图片/事实单元是复现附件；不提交Git、不移动冻结split,DATA,49262,False,0,,fd2ff8d31f84f971c76edce8597e7c80374fab5b10a041d86586cddef7979b4a,NONE; preserve original path if referenced by frozen manifest
data/images/week1_v3/601400348482.webp,KEEP_REPRODUCIBILITY,数据/图片/事实单元是复现附件；不提交Git、不移动冻结split,DATA,98420,False,0,,1b2d8758bb926828946d7149cde8222d2f5486210de5a0ed715d4335ce6099ac,NONE; preserve original path if referenced by frozen manifest
data/images/week1_v3/601447163749.webp,KEEP_REPRODUCIBILITY,数据/图片/事实单元是复现附件；不提交Git、不移动冻结split,DATA,20196,False,0,,fd4c041bfcb64e159e0c5d1608da81f085d5733fcbea623a47a65db3b88b8786,NONE; preserve original path if referenced by frozen manifest
data/images/week1_v3/601456232034.webp,KEEP_REPRODUCIBILITY,数据/图片/事实单元是复现附件；不提交Git、不移动冻结split,DATA,68550,False,0,,4af50ff02df35e0bbd228879dac55e7cf6b4a71ff4a15fa147a778b406c25ce6,NONE; preserve original path if referenced by frozen manifest
data/images/week1_v3/601460111996.webp,KEEP_REPRODUCIBILITY,数据/图片/事实单元是复现附件；不提交Git、不移动冻结split,DATA,53672,False,0,,364ed2eebafa442e3c662c34c13b7130782f2a7e81cc1e50602cbac1ce27e660,NONE; preserve original path if referenced by frozen manifest
data/images/week1_v3/601468709350.webp,KEEP_REPRODUCIBILITY,数据/图片/事实单元是复现附件；不提交Git、不移动冻结split,DATA,42624,False,0,,b35ff0a35abfb81185ef0d31483184bf64ae9ce564ec46f44a7e47c826f0a1da,NONE; preserve original path if referenced by frozen manifest
data/images/week1_v3/601722377864.webp,KEEP_REPRODUCIBILITY,数据/图片/事实单元是复现附件；不提交Git、不移动冻结split,DATA,50348,False,0,,a92fc26ea18cb4de032a1c5ca22d197be3e73167ae6e68800568144906936499,NONE; preserve original path if referenced by frozen manifest
data/images/week1_v3/601750505362.webp,KEEP_REPRODUCIBILITY,数据/图片/事实单元是复现附件；不提交Git、不移动冻结split,DATA,133620,False,0,,a5ee440ab37a0664844f926919481014590b7762ad5694eebbf08208cd93ced7,NONE; preserve original path if referenced by frozen manifest
data/images/week1_v3/601768324618.webp,KEEP_REPRODUCIBILITY,数据/图片/事实单元是复现附件；不提交Git、不移动冻结split,DATA,102584,False,0,,f3921b8e9e2436bb2810f0aa6a6dc2c07c12c4817a97a4fd2ee100c40d2c9fe3,NONE; preserve original path if referenced by frozen manifest
data/images/week1_v3/601820384658.webp,KEEP_REPRODUCIBILITY,数据/图片/事实单元是复现附件；不提交Git、不移动冻结split,DATA,61726,False,0,,bcb64730b32896eb25efe9572ecd5b17e5db80c85df8d933c6f58eb92e543f36,NONE; preserve original path if referenced by frozen manifest
data/images/week1_v3/601824579009.webp,KEEP_REPRODUCIBILITY,数据/图片/事实单元是复现附件；不提交Git、不移动冻结split,DATA,65450,False,0,,92bb5256c607cd2ab55ac2ceddcee689c2742ca6cfb38f72aa717528fe01eed9,NONE; preserve original path if referenced by frozen manifest
data/images/week1_v3/601835730653.webp,KEEP_REPRODUCIBILITY,数据/图片/事实单元是复现附件；不提交Git、不移动冻结split,DATA,81616,False,0,,9050f29ab2159cddc45073486d3ec226768566781e432f436e470f5d036ac447,NONE; preserve original path if referenced by frozen manifest
data/images/week1_v3/601836718113.webp,KEEP_REPRODUCIBILITY,数据/图片/事实单元是复现附件；不提交Git、不移动冻结split,DATA,79106,False,0,,acadb3951cdae9044ffde81f8dba60681e8144cbd332af0783ec4c7847bfddd7,NONE; preserve original path if referenced by frozen manifest
data/images/week1_v3/601845417488.webp,KEEP_REPRODUCIBILITY,数据/图片/事实单元是复现附件；不提交Git、不移动冻结split,DATA,27224,False,0,,ef5cdff11680ddb826ac2aec7def805c5ee111e3e27e38bb42daaee3c6c1546a,NONE; preserve original path if referenced by frozen manifest
data/images/week1_v3/601866022046.webp,KEEP_REPRODUCIBILITY,数据/图片/事实单元是复现附件；不提交Git、不移动冻结split,DATA,56934,False,0,,c9f133471ff1079c2578498f1e8a5a95f4b0f3950c4dff1c919257ad5fa2fc85,NONE; preserve original path if referenced by frozen manifest
data/images/week1_v3/601874528244.webp,KEEP_REPRODUCIBILITY,数据/图片/事实单元是复现附件；不提交Git、不移动冻结split,DATA,20570,False,0,,9d734ec244097df72bfb228c2c9b382065dfb648f068748b28dce3b568065dbc,NONE; preserve original path if referenced by frozen manifest
data/images/week1_v3/601931361094.webp,KEEP_REPRODUCIBILITY,数据/图片/事实单元是复现附件；不提交Git、不移动冻结split,DATA,46240,False,0,,12af510d31f067d5de146fb381bad9db3b7c058b1a4af2e9f09ada0bab5116cb,NONE; preserve original path if referenced by frozen manifest
data/images/week1_v3/601943728885.webp,KEEP_REPRODUCIBILITY,数据/图片/事实单元是复现附件；不提交Git、不移动冻结split,DATA,70924,False,0,,2ff7e989bb88e177844738c8e5b7ee5c1c101c1f4943886c2053e75bb07dd217,NONE; preserve original path if referenced by frozen manifest
data/images/week1_v3/601988200820.webp,KEEP_REPRODUCIBILITY,数据/图片/事实单元是复现附件；不提交Git、不移动冻结split,DATA,57480,False,0,,94d34968d169ae822a1f8a998fe8f82f78ce716827ff4e6ce397037700a7c342,NONE; preserve original path if referenced by frozen manifest
data/images/week1_v3/602016959381.webp,KEEP_REPRODUCIBILITY,数据/图片/事实单元是复现附件；不提交Git、不移动冻结split,DATA,33002,False,0,,8ed5f148d762770c890c43e3643004372e970a9df362822754245d04cdc38243,NONE; preserve original path if referenced by frozen manifest
data/images/week1_v3/602051440178.webp,KEEP_REPRODUCIBILITY,数据/图片/事实单元是复现附件；不提交Git、不移动冻结split,DATA,58210,False,0,,a120b66126be397c6c073f894616cfcf53728d93dff2995806f0ee8f42e6de5a,NONE; preserve original path if referenced by frozen manifest
data/images/week1_v3/602053066721.webp,KEEP_REPRODUCIBILITY,数据/图片/事实单元是复现附件；不提交Git、不移动冻结split,DATA,25086,False,0,,8196e1df1ff03f9c4ffe04cb6fa05d0a044b44dc539f3a96522d9d093ee83eb0,NONE; preserve original path if referenced by frozen manifest
data/images/week1_v3/602079265226.webp,KEEP_REPRODUCIBILITY,数据/图片/事实单元是复现附件；不提交Git、不移动冻结split,DATA,93634,False,0,,f7028bc628b0aa3ddef9a14095320ec2c2a9d112eb0f88b2c62fd29e9c073841,NONE; preserve original path if referenced by frozen manifest
data/images/week1_v3/602086170666.webp,KEEP_REPRODUCIBILITY,数据/图片/事实单元是复现附件；不提交Git、不移动冻结split,DATA,147344,False,0,,d5f1813b03d0662cdf0f021b0a4b677a79c2f8c6ae7e0e01fcc1381bcb117440,NONE; preserve original path if referenced by frozen manifest
data/images/week1_v3/602107417339.webp,KEEP_REPRODUCIBILITY,数据/图片/事实单元是复现附件；不提交Git、不移动冻结split,DATA,105386,False,0,,0bb8c0a1c61d110b5d2d99510cdf93389f6d4bedb403a7f65fdd80d371814812,NONE; preserve original path if referenced by frozen manifest
data/images/week1_v3/602160286937.webp,KEEP_REPRODUCIBILITY,数据/图片/事实单元是复现附件；不提交Git、不移动冻结split,DATA,52624,False,0,,d9e024a735453e8a18eb90b61955490fde5741cfcfe54e56a7650e3d8b25c967,NONE; preserve original path if referenced by frozen manifest
data/images/week1_v3/602178087570.webp,KEEP_REPRODUCIBILITY,数据/图片/事实单元是复现附件；不提交Git、不移动冻结split,DATA,102068,False,0,,71b6113f60818b334b470a0daaf6237d4cadf674242c473e42788f580540b85b,NONE; preserve original path if referenced by frozen manifest
data/images/week1_v3/602213378154.webp,KEEP_REPRODUCIBILITY,数据/图片/事实单元是复现附件；不提交Git、不移动冻结split,DATA,77278,False,0,,e77ed362282adcf685d37344d84e211791c09944802545634b3e9fab8602686e,NONE; preserve original path if referenced by frozen manifest
data/images/week1_v3/602231746920.webp,KEEP_REPRODUCIBILITY,数据/图片/事实单元是复现附件；不提交Git、不移动冻结split,DATA,64688,False,0,,5594b5027d7e352c2e1ebcbb40851af2b3ed9005d4487d687a81cf8e1dd98ade,NONE; preserve original path if referenced by frozen manifest
data/images/week1_v3/602236618741.webp,KEEP_REPRODUCIBILITY,数据/图片/事实单元是复现附件；不提交Git、不移动冻结split,DATA,56688,False,0,,4406904341a2313b43302ab7476cef9bf2946ae1360a3f4d7e424b013ca43912,NONE; preserve original path if referenced by frozen manifest
data/images/week1_v3/602274459386.webp,KEEP_REPRODUCIBILITY,数据/图片/事实单元是复现附件；不提交Git、不移动冻结split,DATA,54940,False,0,,d006a06f04e4680c4252e97bb28e1bedcb36824109e9b59c00ef74824be16da3,NONE; preserve original path if referenced by frozen manifest
data/images/week1_v3/602274762995.webp,KEEP_REPRODUCIBILITY,数据/图片/事实单元是复现附件；不提交Git、不移动冻结split,DATA,63004,False,0,,33c78787f00a6bb0b9464ec9521d79f1752d3a8cb80e7881ddacb4663d9569e3,NONE; preserve original path if referenced by frozen manifest
data/images/week1_v3/602317749652.webp,KEEP_REPRODUCIBILITY,数据/图片/事实单元是复现附件；不提交Git、不移动冻结split,DATA,52102,False,0,,93f9e5413edfd9e2bf63f6f0199ec10173f8c28e1c8286872bab7422a98190b8,NONE; preserve original path if referenced by frozen manifest
data/images/week1_v3/602399206671.webp,KEEP_REPRODUCIBILITY,数据/图片/事实单元是复现附件；不提交Git、不移动冻结split,DATA,41128,False,0,,4a3d1985390f5973771293ec7983b152d4144aa2c871d7dee8029c875a4c95b9,NONE; preserve original path if referenced by frozen manifest
data/images/week1_v3/602501293376.webp,KEEP_REPRODUCIBILITY,数据/图片/事实单元是复现附件；不提交Git、不移动冻结split,DATA,76404,False,0,,0f8ced4c96afd6dd055d74105bbdaeecce6dcf3a4c12cb6ad8fb3b591ca09cdd,NONE; preserve original path if referenced by frozen manifest
data/images/week1_v3/602537483065.webp,KEEP_REPRODUCIBILITY,数据/图片/事实单元是复现附件；不提交Git、不移动冻结split,DATA,49308,False,0,,eb43774aa16f5b343ef63075512f0ac0cca952b3519bd1db645472a84f4b2d2b,NONE; preserve original path if referenced by frozen manifest
data/images/week1_v3/602582499603.webp,KEEP_REPRODUCIBILITY,数据/图片/事实单元是复现附件；不提交Git、不移动冻结split,DATA,20194,False,0,,0262f2ead594fe91533937062ad623cbe24b63743a2943769c46d76481fc86bb,NONE; preserve original path if referenced by frozen manifest
data/images/week1_v3/602598244496.webp,KEEP_REPRODUCIBILITY,数据/图片/事实单元是复现附件；不提交Git、不移动冻结split,DATA,16882,False,0,,f09f4091f933c537d9ddb94da82003a8249abf8d790183c669f8c55075ecfe33,NONE; preserve original path if referenced by frozen manifest
data/images/week1_v3/602644933361.webp,KEEP_REPRODUCIBILITY,数据/图片/事实单元是复现附件；不提交Git、不移动冻结split,DATA,52320,False,0,,3201f98cd5d358e90850c028a48e0eb2a7c58e508adc8d683e1c9416a74cb64a,NONE; preserve original path if referenced by frozen manifest
data/images/week1_v3/602661964854.webp,KEEP_REPRODUCIBILITY,数据/图片/事实单元是复现附件；不提交Git、不移动冻结split,DATA,94326,False,0,,542f299bb1b10f9787dc7f7005ae1372800202797d422a96c5203c36940213a1,NONE; preserve original path if referenced by frozen manifest
data/images/week1_v3/602673260976.jpg,KEEP_REPRODUCIBILITY,数据/图片/事实单元是复现附件；不提交Git、不移动冻结split,DATA,239125,False,0,,4a85714e594f2186ae734ab2c3780afa723f1c84f279f47d9ba599fdb37e9fe7,NONE; preserve original path if referenced by frozen manifest
data/images/week1_v3/602684369098.webp,KEEP_REPRODUCIBILITY,数据/图片/事实单元是复现附件；不提交Git、不移动冻结split,DATA,71210,False,0,,e219e1611d5d721b9add4f13ca13b74f332dcd3bee1327d5e9e6d90b9713a180,NONE; preserve original path if referenced by frozen manifest
data/images/week1_v3/602693947461.webp,KEEP_REPRODUCIBILITY,数据/图片/事实单元是复现附件；不提交Git、不移动冻结split,DATA,76920,False,0,,d255fb72623527feea4a50d0fe79db961df825634924eede7e00c68966830814,NONE; preserve original path if referenced by frozen manifest
data/images/week1_v3/602758846807.webp,KEEP_REPRODUCIBILITY,数据/图片/事实单元是复现附件；不提交Git、不移动冻结split,DATA,166608,False,0,,d06777c86633bd31187fc7f700c5b3c564e9dcdc2456d766e26cfe813f6c3e4a,NONE; preserve original path if referenced by frozen manifest
data/images/week1_v3/602806359627.webp,KEEP_REPRODUCIBILITY,数据/图片/事实单元是复现附件；不提交Git、不移动冻结split,DATA,45040,False,0,,54bd4bd96c0e0e60d39fa10ee747c95628f58d464dcbbccdd12dbac98ffb181a,NONE; preserve original path if referenced by frozen manifest
data/images/week1_v3/602817975826.webp,KEEP_REPRODUCIBILITY,数据/图片/事实单元是复现附件；不提交Git、不移动冻结split,DATA,62632,False,0,,adbec3766b63eb2a10348e232b9b790bd03053f10ae778b9e5f98c13cb3aeb19,NONE; preserve original path if referenced by frozen manifest
data/images/week1_v3/602847048101.webp,KEEP_REPRODUCIBILITY,数据/图片/事实单元是复现附件；不提交Git、不移动冻结split,DATA,78184,False,0,,61dd812c136fc25f7483e54c0f5d473d6c6a20f0d71b03ff047aca1591beefc9,NONE; preserve original path if referenced by frozen manifest
data/images/week1_v3/602865649489.webp,KEEP_REPRODUCIBILITY,数据/图片/事实单元是复现附件；不提交Git、不移动冻结split,DATA,44610,False,0,,c48af8e4aafab04e8e7fa431b9b4b35e73c11af3e3c235edbd79a43bda24718e,NONE; preserve original path if referenced by frozen manifest
data/images/week1_v3/602971797274.webp,KEEP_REPRODUCIBILITY,数据/图片/事实单元是复现附件；不提交Git、不移动冻结split,DATA,145614,False,0,,b46df0b35e1f91cb4c0ec5d2e202dbf8b011e72b8946b7fa8758938faf6a5eee,NONE; preserve original path if referenced by frozen manifest
data/images/week1_v3/602983834369.webp,KEEP_REPRODUCIBILITY,数据/图片/事实单元是复现附件；不提交Git、不移动冻结split,DATA,90204,False,0,,46936ff8277bad831f3a38c07695fbd9dcab76dca502ec5fb192f9d2f96080e7,NONE; preserve original path if referenced by frozen manifest
data/images/week1_v3/603000266496.jpg,KEEP_REPRODUCIBILITY,数据/图片/事实单元是复现附件；不提交Git、不移动冻结split,DATA,74849,False,0,,2f6b2a4ecd0df37796558c2dd9a952f73b93a58fd3c59cef508eb9b996307f6b,NONE; preserve original path if referenced by frozen manifest
data/images/week1_v3/603006821954.webp,KEEP_REPRODUCIBILITY,数据/图片/事实单元是复现附件；不提交Git、不移动冻结split,DATA,80452,False,0,,6eb03ab1709bba0ff54d034dad4d87adfe3bb1d207b6c5933aeb75193c444280,NONE; preserve original path if referenced by frozen manifest
data/images/week1_v3/603025441117.webp,KEEP_REPRODUCIBILITY,数据/图片/事实单元是复现附件；不提交Git、不移动冻结split,DATA,158872,False,0,,60b7c5c68ec04f8d77fc3de84ad3ff75503eaa0efda0da7ef4bbb219844abcd8,NONE; preserve original path if referenced by frozen manifest
data/images/week1_v3/603040776793.webp,KEEP_REPRODUCIBILITY,数据/图片/事实单元是复现附件；不提交Git、不移动冻结split,DATA,29338,False,0,,33c6a4ebbaefc4a4889e8443b41381757f0f372ac8fea94487658e99baf7819c,NONE; preserve original path if referenced by frozen manifest
data/images/week1_v3/603048207540.webp,KEEP_REPRODUCIBILITY,数据/图片/事实单元是复现附件；不提交Git、不移动冻结split,DATA,52028,False,0,,fea758be131906a9d56031c3d1df68352276ba256680ce598ca6ee2c38ec441f,NONE; preserve original path if referenced by frozen manifest
data/images/week1_v3/603053234597.webp,KEEP_REPRODUCIBILITY,数据/图片/事实单元是复现附件；不提交Git、不移动冻结split,DATA,99848,False,0,,5b1cdbc5ac067a936adc3939d1041e6019bd780cadc05b43a55b0035248c50dd,NONE; preserve original path if referenced by frozen manifest
data/images/week1_v3/603075077592.webp,KEEP_REPRODUCIBILITY,数据/图片/事实单元是复现附件；不提交Git、不移动冻结split,DATA,58874,False,0,,ad9408a5a080a26c7b0b44d1f5e10f856480237d1cbf08d7b65c3efde0024722,NONE; preserve original path if referenced by frozen manifest
data/images/week1_v3/603076443668.webp,KEEP_REPRODUCIBILITY,数据/图片/事实单元是复现附件；不提交Git、不移动冻结split,DATA,76098,False,0,,8a160a10aa3352f9b8b8f2f10aa020404638cd44f3ad6197d60ad13498c34b7d,NONE; preserve original path if referenced by frozen manifest
data/images/week1_v3/603102363927.webp,KEEP_REPRODUCIBILITY,数据/图片/事实单元是复现附件；不提交Git、不移动冻结split,DATA,19800,False,0,,a1e7764881dd4445eb6ae0b7b25254aa726fdcc0c0ce957fb1805efa8086240e,NONE; preserve original path if referenced by frozen manifest
data/images/week1_v3/603138042001.webp,KEEP_REPRODUCIBILITY,数据/图片/事实单元是复现附件；不提交Git、不移动冻结split,DATA,73812,False,0,,297980372bf3164ecc4881b43ac9ecfa8e071f51e65e5a8a00ca2a913ab4d353,NONE; preserve original path if referenced by frozen manifest
data/images/week1_v3/603179243888.webp,KEEP_REPRODUCIBILITY,数据/图片/事实单元是复现附件；不提交Git、不移动冻结split,DATA,160598,False,0,,433118195360e14c1756d99c4618c5588c798b68ae33913c3201a781a12f08fa,NONE; preserve original path if referenced by frozen manifest
data/images/week1_v3/603220636786.webp,KEEP_REPRODUCIBILITY,数据/图片/事实单元是复现附件；不提交Git、不移动冻结split,DATA,77148,False,0,,a9a3e05ce73bf1517f197a19fd1a1416e4fb9687e39ffad8c251e020078ff467,NONE; preserve original path if referenced by frozen manifest
data/images/week1_v3/603220968660.webp,KEEP_REPRODUCIBILITY,数据/图片/事实单元是复现附件；不提交Git、不移动冻结split,DATA,65962,False,0,,3cff0cee30f3870e80181ebdf775d2b1286a9d1338aadeccb1f692e7afe6a88e,NONE; preserve original path if referenced by frozen manifest
data/images/week1_v3/603298966476.webp,KEEP_REPRODUCIBILITY,数据/图片/事实单元是复现附件；不提交Git、不移动冻结split,DATA,117656,False,0,,2485160443b03fb37ee01298cf3c32dc34235a2e5720c615cf99c8cc6ef0f929,NONE; preserve original path if referenced by frozen manifest
data/images/week1_v3/603516699077.webp,KEEP_REPRODUCIBILITY,数据/图片/事实单元是复现附件；不提交Git、不移动冻结split,DATA,120896,False,0,,6c35cb0f398abc538c3091cce4ffa4e9f87bf979ae4aee4d50fb1f0014b82403,NONE; preserve original path if referenced by frozen manifest
data/images/week1_v3/603541115227.webp,KEEP_REPRODUCIBILITY,数据/图片/事实单元是复现附件；不提交Git、不移动冻结split,DATA,74216,False,0,,d5e9ca9b836282e40479073a97b9f879fedfe6582d747f62d972bd4349a27e29,NONE; preserve original path if referenced by frozen manifest
data/images/week1_v3/603562625463.webp,KEEP_REPRODUCIBILITY,数据/图片/事实单元是复现附件；不提交Git、不移动冻结split,DATA,68406,False,0,,88e3314d157dfef568fce125895490284ee14d940a3d1ebd8932e405954b8588,NONE; preserve original path if referenced by frozen manifest
data/images/week1_v3/603609851780.webp,KEEP_REPRODUCIBILITY,数据/图片/事实单元是复现附件；不提交Git、不移动冻结split,DATA,57822,False,0,,c4785efcc5427dc65463acd0d4a0e5c450de3902d781dbee3e11f941432d3dda,NONE; preserve original path if referenced by frozen manifest
data/images/week1_v3/603627301991.webp,KEEP_REPRODUCIBILITY,数据/图片/事实单元是复现附件；不提交Git、不移动冻结split,DATA,111154,False,0,,7b8b15873ee63dd7d475ba5eed4b50a7de864f4b83a448c28d7bc2285992b582,NONE; preserve original path if referenced by frozen manifest
data/images/week1_v3/603713070143.webp,KEEP_REPRODUCIBILITY,数据/图片/事实单元是复现附件；不提交Git、不移动冻结split,DATA,280784,False,0,,c6f0ed2dbb6fca0f3eaea24914250206bbb31dee0e1e824064dc642334d32300,NONE; preserve original path if referenced by frozen manifest
data/images/week1_v3/603762897881.png,KEEP_REPRODUCIBILITY,数据/图片/事实单元是复现附件；不提交Git、不移动冻结split,DATA,513462,False,0,,feec5bb4194781161770a886a1d2876a273af8f7aca88388059e22afa895dfc6,NONE; preserve original path if referenced by frozen manifest
data/images/week1_v3/603839482155.webp,KEEP_REPRODUCIBILITY,数据/图片/事实单元是复现附件；不提交Git、不移动冻结split,DATA,134394,False,0,,b708164ca1c9429299c27cfc767006dbeed020f3904c43930db6d8aea8e4d940,NONE; preserve original path if referenced by frozen manifest
data/images/week1_v3/603847450205.webp,KEEP_REPRODUCIBILITY,数据/图片/事实单元是复现附件；不提交Git、不移动冻结split,DATA,72148,False,0,,3b6d062cb2cb8d99b5e550cfc84f9f501a10ce9a5183759dfc98ae2241619eea,NONE; preserve original path if referenced by frozen manifest
data/images/week1_v3/603860230925.webp,KEEP_REPRODUCIBILITY,数据/图片/事实单元是复现附件；不提交Git、不移动冻结split,DATA,48964,False,0,,7a7186712398ff801cad41fe018b93892ea3b88bcebbc06cad7c518568504bbc,NONE; preserve original path if referenced by frozen manifest
data/images/week1_v3/603883041023.webp,KEEP_REPRODUCIBILITY,数据/图片/事实单元是复现附件；不提交Git、不移动冻结split,DATA,34758,False,0,,bc5301f75f459899a24f7c4ba461731401de2902490440c13347fd507e3db8c8,NONE; preserve original path if referenced by frozen manifest
data/images/week1_v3/603900499404.webp,KEEP_REPRODUCIBILITY,数据/图片/事实单元是复现附件；不提交Git、不移动冻结split,DATA,39082,False,0,,8dc960985f04ca3adf8dee483faf8a104c1f99271a2d9faf6410a2deadec2c90,NONE; preserve original path if referenced by frozen manifest
data/images/week1_v3/604044396697.webp,KEEP_REPRODUCIBILITY,数据/图片/事实单元是复现附件；不提交Git、不移动冻结split,DATA,81716,False,0,,f3e34b64f3f718c5cb87cc20b33a3247978586d6c9f579e739301be6f958d46c,NONE; preserve original path if referenced by frozen manifest
data/images/week1_v3/604074779756.webp,KEEP_REPRODUCIBILITY,数据/图片/事实单元是复现附件；不提交Git、不移动冻结split,DATA,14654,False,0,,7b32d85a36fc2ee5f40d9b64c538930e0980fb66711d6a2fd9613ab7a96625e9,NONE; preserve original path if referenced by frozen manifest
data/images/week1_v3/604091482239.webp,KEEP_REPRODUCIBILITY,数据/图片/事实单元是复现附件；不提交Git、不移动冻结split,DATA,68102,False,0,,b2d26231923120ea630d5c616789880616f9028ca2a64cef72af45a6f4366e81,NONE; preserve original path if referenced by frozen manifest
data/images/week1_v3/604103506357.webp,KEEP_REPRODUCIBILITY,数据/图片/事实单元是复现附件；不提交Git、不移动冻结split,DATA,57632,False,0,,7fca7745e069b9fc800b37a15ce1200519df29fe600b346f11432dfcc669c848,NONE; preserve original path if referenced by frozen manifest
data/images/week1_v3/604126762916.webp,KEEP_REPRODUCIBILITY,数据/图片/事实单元是复现附件；不提交Git、不移动冻结split,DATA,87722,False,0,,c5cec50405deceace0b0f9233edebe12ac23a87a05a4c9d8d55b2cb243d62251,NONE; preserve original path if referenced by frozen manifest
data/images/week1_v3/604304655707.webp,KEEP_REPRODUCIBILITY,数据/图片/事实单元是复现附件；不提交Git、不移动冻结split,DATA,84494,False,0,,4fd8f7e66f8681d2cd674dc2203f5ca6b0f1bc521a8f7d2d5d05f70551c5eba0,NONE; preserve original path if referenced by frozen manifest
data/images/week1_v3/604363206866.webp,KEEP_REPRODUCIBILITY,数据/图片/事实单元是复现附件；不提交Git、不移动冻结split,DATA,34912,False,0,,2a779ab16fbf349ad0757c8a32e6222c9622915d66feb530377485c87b94028e,NONE; preserve original path if referenced by frozen manifest
data/images/week1_v3/604408845910.webp,KEEP_REPRODUCIBILITY,数据/图片/事实单元是复现附件；不提交Git、不移动冻结split,DATA,113882,False,0,,0c0785c7345af116b996a8436b1a6ce90cefd6e05c0328ac102a2f477619b389,NONE; preserve original path if referenced by frozen manifest
data/images/week1_v3/604415119719.webp,KEEP_REPRODUCIBILITY,数据/图片/事实单元是复现附件；不提交Git、不移动冻结split,DATA,64660,False,0,,b81f372845657edbf1a4a66f49211d2e88e3e3efebc908670048890b03c5c037,NONE; preserve original path if referenced by frozen manifest
data/images/week1_v3/604433763965.webp,KEEP_REPRODUCIBILITY,数据/图片/事实单元是复现附件；不提交Git、不移动冻结split,DATA,62504,False,0,,7bc39af4dd21f589d827b20bab0a1d5563af74b1a6adad78910bacd216b9240b,NONE; preserve original path if referenced by frozen manifest
data/images/week1_v3/604674083187.webp,KEEP_REPRODUCIBILITY,数据/图片/事实单元是复现附件；不提交Git、不移动冻结split,DATA,115072,False,0,,ce320308df6745e23234347f02605bc68f51bb0abc33a727286df829e84f2630,NONE; preserve original path if referenced by frozen manifest
data/images/week1_v3/604675499610.webp,KEEP_REPRODUCIBILITY,数据/图片/事实单元是复现附件；不提交Git、不移动冻结split,DATA,67664,False,0,,ce074476f3b8aa684105bb0e31d38a0f468db09ee747cbd36c911bb845f0e6c8,NONE; preserve original path if referenced by frozen manifest
data/images/week1_v3/604687243827.webp,KEEP_REPRODUCIBILITY,数据/图片/事实单元是复现附件；不提交Git、不移动冻结split,DATA,35242,False,0,,e35fe7005ddd60501a8a072b840f381139d030f6975a712ffda7e519d7c12add,NONE; preserve original path if referenced by frozen manifest
data/images/week1_v3/604712328413.webp,KEEP_REPRODUCIBILITY,数据/图片/事实单元是复现附件；不提交Git、不移动冻结split,DATA,49446,False,0,,7a62154d7a1a4f232b59786f80b7e6b9c44a8faeb0e9cf49f3860f27f79566a6,NONE; preserve original path if referenced by frozen manifest
data/images/week1_v3/604753451899.webp,KEEP_REPRODUCIBILITY,数据/图片/事实单元是复现附件；不提交Git、不移动冻结split,DATA,78070,False,0,,0caf07b2d0d9792ef394e288d067b0e2391ff7f7a591705f81e744269b8922ef,NONE; preserve original path if referenced by frozen manifest
data/images/week1_v3/604829061336.webp,KEEP_REPRODUCIBILITY,数据/图片/事实单元是复现附件；不提交Git、不移动冻结split,DATA,148668,False,0,,f20a029011c3ad39be1ae8b5e7a5ed62877e72c71d5f82de4b499d12b58b10d4,NONE; preserve original path if referenced by frozen manifest
data/images/week1_v3/604838238138.webp,KEEP_REPRODUCIBILITY,数据/图片/事实单元是复现附件；不提交Git、不移动冻结split,DATA,142064,False,0,,bc758730eb6da67b4460b9d7609b6f9e71cfaacb1d02d1f02d4f8ebd50fec7ba,NONE; preserve original path if referenced by frozen manifest
data/images/week1_v3/604965740031.webp,KEEP_REPRODUCIBILITY,数据/图片/事实单元是复现附件；不提交Git、不移动冻结split,DATA,35724,False,0,,32803913f6f38156058db28202ec04a68ed1fcc7f290aa2518e874709f1367a6,NONE; preserve original path if referenced by frozen manifest
data/images/week1_v3/604970248763.webp,KEEP_REPRODUCIBILITY,数据/图片/事实单元是复现附件；不提交Git、不移动冻结split,DATA,28986,False,0,,fcfef07e82f0959da4927e3dd1aac52a2659fc38c344de484e9eef5496c2101c,NONE; preserve original path if referenced by frozen manifest
data/images/week1_v3/605002610366.webp,KEEP_REPRODUCIBILITY,数据/图片/事实单元是复现附件；不提交Git、不移动冻结split,DATA,28240,False,0,,886338d1da0b0af3c0a5537ad070bbc5eae79a41214de1a367375c6304ae6c65,NONE; preserve original path if referenced by frozen manifest
data/images/week1_v3/605014950464.webp,KEEP_REPRODUCIBILITY,数据/图片/事实单元是复现附件；不提交Git、不移动冻结split,DATA,34044,False,0,,32f35df399f239da718d43b0c9ff67c777f22d7a38e79a2576af308fd93d569f,NONE; preserve original path if referenced by frozen manifest
data/images/week1_v3/605017082073.webp,KEEP_REPRODUCIBILITY,数据/图片/事实单元是复现附件；不提交Git、不移动冻结split,DATA,77624,False,0,,a6c25b537449acf5566080019fb97ea8e248c03ee6041ecb0ab6051baed01b0d,NONE; preserve original path if referenced by frozen manifest
data/images/week1_v3/605030251213.webp,KEEP_REPRODUCIBILITY,数据/图片/事实单元是复现附件；不提交Git、不移动冻结split,DATA,23332,False,0,,c3090ad62baf2549a108ee8ea980eda9413866cbd08fdd052ac76597d232e936,NONE; preserve original path if referenced by frozen manifest
data/images/week1_v3/605116218781.webp,KEEP_REPRODUCIBILITY,数据/图片/事实单元是复现附件；不提交Git、不移动冻结split,DATA,48652,False,0,,0db398726b979d149a3a590bd7604ff5118f570074ecffec3032d2cda25ae6c9,NONE; preserve original path if referenced by frozen manifest
data/images/week1_v3/605134717380.jpg,KEEP_REPRODUCIBILITY,数据/图片/事实单元是复现附件；不提交Git、不移动冻结split,DATA,128693,False,0,,7ed3c0aa957037cd965813fcb55b589bf3d450ad9ac8c834039dce630f4710a7,NONE; preserve original path if referenced by frozen manifest
data/images/week1_v3/605201240573.webp,KEEP_REPRODUCIBILITY,数据/图片/事实单元是复现附件；不提交Git、不移动冻结split,DATA,23534,False,0,,2f37fec252edaee729f8228543fcd7d260b9f983a75a63366eecac1fa030f0a6,NONE; preserve original path if referenced by frozen manifest
data/images/week1_v3/605206347650.webp,KEEP_REPRODUCIBILITY,数据/图片/事实单元是复现附件；不提交Git、不移动冻结split,DATA,88524,False,0,,ffbad3bdecf41fb34f036f5d0db0ef44685c94973ad600712aa9389fd9c9e65b,NONE; preserve original path if referenced by frozen manifest
data/images/week1_v3/605209775092.webp,KEEP_REPRODUCIBILITY,数据/图片/事实单元是复现附件；不提交Git、不移动冻结split,DATA,47242,False,0,,0d2b3f92dbcb7911f4dcdb2746ca6a68beba56f1c332db4900ba904603febe52,NONE; preserve original path if referenced by frozen manifest
data/images/week1_v3/605211617999.webp,KEEP_REPRODUCIBILITY,数据/图片/事实单元是复现附件；不提交Git、不移动冻结split,DATA,118460,False,0,,ff568a9309b00118724a154a067d7c0c1a7e8ed9b3a624b037613fb8bb029700,NONE; preserve original path if referenced by frozen manifest
data/images/week1_v3/605255125826.webp,KEEP_REPRODUCIBILITY,数据/图片/事实单元是复现附件；不提交Git、不移动冻结split,DATA,62736,False,0,,7e51cb4ae59564264252788ddffbb95888f2b398b7fc3dbc09ac8c01ead237e7,NONE; preserve original path if referenced by frozen manifest
data/images/week1_v3/605273269100.webp,KEEP_REPRODUCIBILITY,数据/图片/事实单元是复现附件；不提交Git、不移动冻结split,DATA,71174,False,0,,345aed6d9f1f2bf509a6f6f256fff54a37746c636e87a8c3e80ab7c267798736,NONE; preserve original path if referenced by frozen manifest
data/images/week1_v3/605308510885.webp,KEEP_REPRODUCIBILITY,数据/图片/事实单元是复现附件；不提交Git、不移动冻结split,DATA,102982,False,0,,50bf871026f300d8542b412a364a4227461904f28bf54d86d344beb857ece880,NONE; preserve original path if referenced by frozen manifest
data/images/week1_v3/605382667205.webp,KEEP_REPRODUCIBILITY,数据/图片/事实单元是复现附件；不提交Git、不移动冻结split,DATA,82420,False,0,,ec37063cdc23e6dfa602d55009c6028611d9be4ceb32b3e5dda3bd0fe2d464b3,NONE; preserve original path if referenced by frozen manifest
data/images/week1_v3/605391249719.webp,KEEP_REPRODUCIBILITY,数据/图片/事实单元是复现附件；不提交Git、不移动冻结split,DATA,62068,False,0,,a0d5e8614ffd926330303896afae878436d3959380cbd3711c9fda2fd879be0b,NONE; preserve original path if referenced by frozen manifest
data/images/week1_v3/605476679887.webp,KEEP_REPRODUCIBILITY,数据/图片/事实单元是复现附件；不提交Git、不移动冻结split,DATA,12968,False,0,,9654ac040c2f022c67a46550a2869dbc9d0e5847db9cae6bb9da73ed38726952,NONE; preserve original path if referenced by frozen manifest
data/images/week1_v3/605543095877.webp,KEEP_REPRODUCIBILITY,数据/图片/事实单元是复现附件；不提交Git、不移动冻结split,DATA,32984,False,0,,8b2f1a696f613b8ee6022f4978b88f3f026efdeea3deb30aa2e3914a2a3caec4,NONE; preserve original path if referenced by frozen manifest
data/images/week1_v3/605585059782.webp,KEEP_REPRODUCIBILITY,数据/图片/事实单元是复现附件；不提交Git、不移动冻结split,DATA,41438,False,0,,1e7b0ef3f08d10ee9e2b767918ac2fa2136b3be9ac6c4f73bdf13b1274838009,NONE; preserve original path if referenced by frozen manifest
data/images/week1_v3/605643755235.webp,KEEP_REPRODUCIBILITY,数据/图片/事实单元是复现附件；不提交Git、不移动冻结split,DATA,22118,False,0,,d355bd5e4f500538c14f2ae3460b521452ce3213df93ad4a525737fa621ecec1,NONE; preserve original path if referenced by frozen manifest
data/images/week1_v3/605657859405.webp,KEEP_REPRODUCIBILITY,数据/图片/事实单元是复现附件；不提交Git、不移动冻结split,DATA,71266,False,0,,82acfc47ea8ee33f6b15c70c8e3453d480c0062dde814de03cc7925136f205bf,NONE; preserve original path if referenced by frozen manifest
data/images/week1_v3/605676129707.jpg,KEEP_REPRODUCIBILITY,数据/图片/事实单元是复现附件；不提交Git、不移动冻结split,DATA,54621,False,0,,adec8f08c061519a9dfd977133393525944b805bb376816493ce1bc56821e1d5,NONE; preserve original path if referenced by frozen manifest
data/images/week1_v3/605698066635.webp,KEEP_REPRODUCIBILITY,数据/图片/事实单元是复现附件；不提交Git、不移动冻结split,DATA,52944,False,0,,bfda86f91b64cb5d47fa954934dcc8bd372800593d82b6f2956ed97304e64d72,NONE; preserve original path if referenced by frozen manifest
data/images/week1_v3/605737043641.webp,KEEP_REPRODUCIBILITY,数据/图片/事实单元是复现附件；不提交Git、不移动冻结split,DATA,142638,False,0,,17fbf2e5a5e7bbeceaddae0809a1ddc6f87658950b322651aeb953668932364c,NONE; preserve original path if referenced by frozen manifest
data/images/week1_v3/605749464283.webp,KEEP_REPRODUCIBILITY,数据/图片/事实单元是复现附件；不提交Git、不移动冻结split,DATA,35704,False,0,,a00c2a46340b5ad7adf4cd22e1826e66c470dfaa419e499074a10df0d022e233,NONE; preserve original path if referenced by frozen manifest
data/images/week1_v3/605755396252.png,KEEP_REPRODUCIBILITY,数据/图片/事实单元是复现附件；不提交Git、不移动冻结split,DATA,323121,False,0,,e6ea50b03b81bf9648f591c78a87add6a3b5a33797994d817b04c49e56d0f71b,NONE; preserve original path if referenced by frozen manifest
data/images/week1_v3/605755675787.webp,KEEP_REPRODUCIBILITY,数据/图片/事实单元是复现附件；不提交Git、不移动冻结split,DATA,102176,False,0,,0baf521b16f4b9ce0db7dd37a061aa5b91e2e19ab6f8410c51b1927f26b1dbc4,NONE; preserve original path if referenced by frozen manifest
data/images/week1_v3/605935344821.webp,KEEP_REPRODUCIBILITY,数据/图片/事实单元是复现附件；不提交Git、不移动冻结split,DATA,95022,False,0,,b0d3a12ed6dc8a83501d55db6da612f5156c907903aed90261b06720d7c12b6d,NONE; preserve original path if referenced by frozen manifest
data/images/week1_v3/605961662368.webp,KEEP_REPRODUCIBILITY,数据/图片/事实单元是复现附件；不提交Git、不移动冻结split,DATA,84172,False,0,,68e1bd1f6045b502de96a05894a31eb2f1b5db9cb6627e430f2421170da45846,NONE; preserve original path if referenced by frozen manifest
data/images/week1_v3/605964296581.webp,KEEP_REPRODUCIBILITY,数据/图片/事实单元是复现附件；不提交Git、不移动冻结split,DATA,127682,False,0,,01485b01f83ae8805298fb9319e7f8c56a2441a3bacb1fa28e7c874883af28ff,NONE; preserve original path if referenced by frozen manifest
data/images/week1_v3/605988876889.webp,KEEP_REPRODUCIBILITY,数据/图片/事实单元是复现附件；不提交Git、不移动冻结split,DATA,132902,False,0,,a922b961237e82a996660f9671ede8eda3ad2856d79788e07b51f8bf24416977,NONE; preserve original path if referenced by frozen manifest
data/images/week1_v3/606094550996.webp,KEEP_REPRODUCIBILITY,数据/图片/事实单元是复现附件；不提交Git、不移动冻结split,DATA,82720,False,0,,d61df2d86fca560d0afab97706c6d63fe2e718d9be0a51250aae959c16409618,NONE; preserve original path if referenced by frozen manifest
data/images/week1_v3/606162548223.webp,KEEP_REPRODUCIBILITY,数据/图片/事实单元是复现附件；不提交Git、不移动冻结split,DATA,79280,False,0,,177ef670eb7b0cfe3258ab70e32a2a573bb2586ea776399261ae912637835a80,NONE; preserve original path if referenced by frozen manifest
data/images/week1_v3/606177065672.webp,KEEP_REPRODUCIBILITY,数据/图片/事实单元是复现附件；不提交Git、不移动冻结split,DATA,63230,False,0,,6e55204fb93e56745ec4d056cc12ceec348ea3434f7e77ecec64c6d4488bfa89,NONE; preserve original path if referenced by frozen manifest
data/images/week1_v3/606207974895.webp,KEEP_REPRODUCIBILITY,数据/图片/事实单元是复现附件；不提交Git、不移动冻结split,DATA,78514,False,0,,cb9ce3c61d6cbc68fbad5e41834baea645114f5615583c51825f458a5ff99afd,NONE; preserve original path if referenced by frozen manifest
data/images/week1_v3/606223058686.webp,KEEP_REPRODUCIBILITY,数据/图片/事实单元是复现附件；不提交Git、不移动冻结split,DATA,78106,False,0,,3cf2c6dafae564ba84650cfe2c9777a266945ef7b17e9cbe0d601cc19086a94f,NONE; preserve original path if referenced by frozen manifest
data/images/week1_v3/606294059464.webp,KEEP_REPRODUCIBILITY,数据/图片/事实单元是复现附件；不提交Git、不移动冻结split,DATA,101048,False,0,,343da8fa400c2f7a5da3acc8c9d7568b5f56f92031708d2d3d48f2bf571e8568,NONE; preserve original path if referenced by frozen manifest
data/images/week1_v3/606330597860.webp,KEEP_REPRODUCIBILITY,数据/图片/事实单元是复现附件；不提交Git、不移动冻结split,DATA,23762,False,0,,5e5dd5cdada62c4c3f68ca6e9d4e41b635c77ad64ea29269f5f35ae67ab4e67d,NONE; preserve original path if referenced by frozen manifest
data/images/week1_v3/606334629844.webp,KEEP_REPRODUCIBILITY,数据/图片/事实单元是复现附件；不提交Git、不移动冻结split,DATA,65698,False,0,,cd40768cfe5b49a60adeacc4e86e0fdabd955a64646366e921955995f0397694,NONE; preserve original path if referenced by frozen manifest
data/images/week1_v3/606338426498.webp,KEEP_REPRODUCIBILITY,数据/图片/事实单元是复现附件；不提交Git、不移动冻结split,DATA,113396,False,0,,14c591e7e1ff1bcb840d7f83f1c676fa0ad85e6d053746d9516034844c3b7917,NONE; preserve original path if referenced by frozen manifest
data/images/week1_v3/606414592979.webp,KEEP_REPRODUCIBILITY,数据/图片/事实单元是复现附件；不提交Git、不移动冻结split,DATA,95756,False,0,,a67b447ceab8976b5a3db385e9db7f2badb901eaea2d0b21d1d29c9c42be2b9a,NONE; preserve original path if referenced by frozen manifest
data/images/week1_v3/606428358785.webp,KEEP_REPRODUCIBILITY,数据/图片/事实单元是复现附件；不提交Git、不移动冻结split,DATA,60278,False,0,,5c5fcf0407662ef8db90cbac6baf2accd544ba34daf30d988a0faea736604edf,NONE; preserve original path if referenced by frozen manifest
data/images/week1_v3/606439432153.webp,KEEP_REPRODUCIBILITY,数据/图片/事实单元是复现附件；不提交Git、不移动冻结split,DATA,1652420,False,0,,3b86ec75f578d578dc2c361fc1b8d0370bf848a73db43ee4346bd7c82a0050df,NONE; preserve original path if referenced by frozen manifest
data/images/week1_v3/606454117943.webp,KEEP_REPRODUCIBILITY,数据/图片/事实单元是复现附件；不提交Git、不移动冻结split,DATA,57648,False,0,,6dab1b0ea9cddd3f93d2ee6ceac2f54f0ab97305e16751fe3d9787de545baa86,NONE; preserve original path if referenced by frozen manifest
data/images/week1_v3/606490323183.webp,KEEP_REPRODUCIBILITY,数据/图片/事实单元是复现附件；不提交Git、不移动冻结split,DATA,62300,False,0,,edb15da11f187fbb1fb1d52558e69c3270babbfbfb993ad4faede6c6dbf9570b,NONE; preserve original path if referenced by frozen manifest
data/images/week1_v3/606498452804.webp,KEEP_REPRODUCIBILITY,数据/图片/事实单元是复现附件；不提交Git、不移动冻结split,DATA,69596,False,0,,5c654f8baea440e61d2bd2dc2c9f42d3068c672a8983c322aa6c6b1b53ea06d2,NONE; preserve original path if referenced by frozen manifest
data/images/week1_v3/606511696770.webp,KEEP_REPRODUCIBILITY,数据/图片/事实单元是复现附件；不提交Git、不移动冻结split,DATA,87200,False,0,,f22b897b0a5dfa952cc59c09ff77248c2dc3dcf3d28450253bce0aff96e80190,NONE; preserve original path if referenced by frozen manifest
data/images/week1_v3/606532556056.webp,KEEP_REPRODUCIBILITY,数据/图片/事实单元是复现附件；不提交Git、不移动冻结split,DATA,59574,False,0,,cb5230d6d214433f09eff6e1425751959146a7e48609907a888c361929fd38ca,NONE; preserve original path if referenced by frozen manifest
data/images/week1_v3/606546214946.jpg,KEEP_REPRODUCIBILITY,数据/图片/事实单元是复现附件；不提交Git、不移动冻结split,DATA,98050,False,0,,15b20bbf7d9c5cceacd5203128f12fe7c2d7643b8b92e07a63f1793f909a2b15,NONE; preserve original path if referenced by frozen manifest
data/images/week1_v3/606577732554.webp,KEEP_REPRODUCIBILITY,数据/图片/事实单元是复现附件；不提交Git、不移动冻结split,DATA,26774,False,0,,d52324d25f32c784ccc956a58bfa2a5494921dc7df8c06ad4b6e221dd30871d1,NONE; preserve original path if referenced by frozen manifest
data/images/week1_v3/606635248562.webp,KEEP_REPRODUCIBILITY,数据/图片/事实单元是复现附件；不提交Git、不移动冻结split,DATA,111166,False,0,,6100808ba0e9149eda15ceb5261f05befd7c63cea7ffdc249e4ea5adb458571c,NONE; preserve original path if referenced by frozen manifest
data/images/week1_v3/606643039601.webp,KEEP_REPRODUCIBILITY,数据/图片/事实单元是复现附件；不提交Git、不移动冻结split,DATA,44396,False,0,,0fb52a72913692c8689b59bff66d9b8f64e8d3dbb757d31e40965d890ddc80b5,NONE; preserve original path if referenced by frozen manifest
data/images/week1_v3/606644598309.webp,KEEP_REPRODUCIBILITY,数据/图片/事实单元是复现附件；不提交Git、不移动冻结split,DATA,57116,False,0,,ba6b8ee8ea27f3bdcc5f60ef4f61a2836c418af603bee100538cbcf350ced3f7,NONE; preserve original path if referenced by frozen manifest
data/images/week1_v3/606670835347.webp,KEEP_REPRODUCIBILITY,数据/图片/事实单元是复现附件；不提交Git、不移动冻结split,DATA,26614,False,0,,ffd7f237328325fdd6ea0f19fe44bbb234922ff3de17c827048bdf12be9c5f0a,NONE; preserve original path if referenced by frozen manifest
data/images/week1_v3/606673427816.webp,KEEP_REPRODUCIBILITY,数据/图片/事实单元是复现附件；不提交Git、不移动冻结split,DATA,52524,False,0,,b91e896759c2c462913a619e3f4217e381485643821e3b39d03a996e956ebeda,NONE; preserve original path if referenced by frozen manifest
data/images/week1_v3/606689296905.webp,KEEP_REPRODUCIBILITY,数据/图片/事实单元是复现附件；不提交Git、不移动冻结split,DATA,86858,False,0,,9b015775b1917c2bb48ce09945c15cc4805366aa5067b5851c99680e06c2e584,NONE; preserve original path if referenced by frozen manifest
data/images/week1_v3/606690473802.webp,KEEP_REPRODUCIBILITY,数据/图片/事实单元是复现附件；不提交Git、不移动冻结split,DATA,63260,False,0,,78eef9d6da415b66ba135465c37a55246cfff77eb31ca21b0d247052f6690f48,NONE; preserve original path if referenced by frozen manifest
data/images/week1_v3/606705267983.webp,KEEP_REPRODUCIBILITY,数据/图片/事实单元是复现附件；不提交Git、不移动冻结split,DATA,110566,False,0,,47fc8a727fbe3ac36d496aa2443561947b00bcd40c9751fb1217c9192eeaf8d0,NONE; preserve original path if referenced by frozen manifest
data/images/week1_v3/606759086538.webp,KEEP_REPRODUCIBILITY,数据/图片/事实单元是复现附件；不提交Git、不移动冻结split,DATA,103394,False,0,,fdbe8f6579f4a27c9387acb42f9bd3ab43c62b85e04392f3b2bf3db1fb23bb7e,NONE; preserve original path if referenced by frozen manifest
data/images/week1_v3/606784877914.webp,KEEP_REPRODUCIBILITY,数据/图片/事实单元是复现附件；不提交Git、不移动冻结split,DATA,169180,False,0,,cf934ebd234e1a9495b4049ab4f577a75eb1115dbc373463dbf2a567603afc28,NONE; preserve original path if referenced by frozen manifest
data/images/week1_v3/606803176103.webp,KEEP_REPRODUCIBILITY,数据/图片/事实单元是复现附件；不提交Git、不移动冻结split,DATA,185544,False,0,,684e22087144b5ca7543578a951783c4d8546c928247ee6b7ec403864aba5e02,NONE; preserve original path if referenced by frozen manifest
data/images/week1_v3/606828457125.webp,KEEP_REPRODUCIBILITY,数据/图片/事实单元是复现附件；不提交Git、不移动冻结split,DATA,44432,False,0,,9e0ba5b96dbc0d94e13cef60ed9a684b3e8f469546485413ec6deb3ea64146f2,NONE; preserve original path if referenced by frozen manifest
data/images/week1_v3/606831595138.webp,KEEP_REPRODUCIBILITY,数据/图片/事实单元是复现附件；不提交Git、不移动冻结split,DATA,34260,False,0,,fe91a6492dead83d18a825fc299a929cc188a2b9074a033a664585a7d867b939,NONE; preserve original path if referenced by frozen manifest
data/images/week1_v3/606880751811.webp,KEEP_REPRODUCIBILITY,数据/图片/事实单元是复现附件；不提交Git、不移动冻结split,DATA,89136,False,0,,491e92fc7b6bafb7e0e2f8dea67dfe89286de9c2011cb044de49c6f1b5e14aac,NONE; preserve original path if referenced by frozen manifest
data/images/week1_v3/606895918242.webp,KEEP_REPRODUCIBILITY,数据/图片/事实单元是复现附件；不提交Git、不移动冻结split,DATA,23500,False,0,,8b067e6f0b762b4081c7381bfca8334fd40ca042c782ae1192ff878a2f315e21,NONE; preserve original path if referenced by frozen manifest
data/images/week1_v3/606955291221.webp,KEEP_REPRODUCIBILITY,数据/图片/事实单元是复现附件；不提交Git、不移动冻结split,DATA,102528,False,0,,a4330bc75a0b8d75d4c4b454501d4495bf3d56046463b80864f0c30bfae9ee83,NONE; preserve original path if referenced by frozen manifest
data/images/week1_v3/606962175837.webp,KEEP_REPRODUCIBILITY,数据/图片/事实单元是复现附件；不提交Git、不移动冻结split,DATA,104830,False,0,,8e5ae2559012450df1c6d8959f68f259bd5b360df79ebe69e06e4e0505548671,NONE; preserve original path if referenced by frozen manifest
data/images/week1_v3/606962355669.webp,KEEP_REPRODUCIBILITY,数据/图片/事实单元是复现附件；不提交Git、不移动冻结split,DATA,37674,False,0,,fba58a320d90507a15b24e682bc41f4f2ae8347ed280065e1bd0b1d46df6cd1a,NONE; preserve original path if referenced by frozen manifest
data/images/week1_v3/606991731175.png,KEEP_REPRODUCIBILITY,数据/图片/事实单元是复现附件；不提交Git、不移动冻结split,DATA,578256,False,0,,506b821106b8991bbe6cdb9c8138286fa1eacac281942b7af3b5d22607b5ed7d,NONE; preserve original path if referenced by frozen manifest
data/images/week1_v3/606995397349.webp,KEEP_REPRODUCIBILITY,数据/图片/事实单元是复现附件；不提交Git、不移动冻结split,DATA,113760,False,0,,06acc974136eeedcf12920d49d7ed2920715db44239796a00bf93b6d39b53b84,NONE; preserve original path if referenced by frozen manifest
data/images/week1_v3/606998955857.webp,KEEP_REPRODUCIBILITY,数据/图片/事实单元是复现附件；不提交Git、不移动冻结split,DATA,144488,False,0,,6dc504b42903293d476640a5bbf2e20fa4adbeb8d90ad2a0a05981dd6573a6d0,NONE; preserve original path if referenced by frozen manifest
data/images/week1_v3/607019416124.webp,KEEP_REPRODUCIBILITY,数据/图片/事实单元是复现附件；不提交Git、不移动冻结split,DATA,85702,False,0,,f5a82a87da2432b694f48a83130394fbd233dc648404f2edc1eeff5bf85586ce,NONE; preserve original path if referenced by frozen manifest
data/images/week1_v3/607074562697.webp,KEEP_REPRODUCIBILITY,数据/图片/事实单元是复现附件；不提交Git、不移动冻结split,DATA,93778,False,0,,9809a5fc7d23587598c6ad171cb51449de54f443542c24a3fee0026380709f6a,NONE; preserve original path if referenced by frozen manifest
data/images/week1_v3/607090092388.webp,KEEP_REPRODUCIBILITY,数据/图片/事实单元是复现附件；不提交Git、不移动冻结split,DATA,127106,False,0,,c85c9d88ba7f64bcf67c6fde6b20423b7677d563c644080ed341c62b05680088,NONE; preserve original path if referenced by frozen manifest
data/images/week1_v3/607097834974.jpg,KEEP_REPRODUCIBILITY,数据/图片/事实单元是复现附件；不提交Git、不移动冻结split,DATA,218109,False,0,,9a71cdfb630dffea375aa8dbc9c3613b2a43b7b0044c7aabe51e7870c22ddb27,NONE; preserve original path if referenced by frozen manifest
data/images/week1_v3/607115961754.webp,KEEP_REPRODUCIBILITY,数据/图片/事实单元是复现附件；不提交Git、不移动冻结split,DATA,37622,False,0,,6356fa6956a74f7f2336c3f275fc07748c4028ef2333002f8e982def6a17cfd1,NONE; preserve original path if referenced by frozen manifest
data/images/week1_v3/607118193181.webp,KEEP_REPRODUCIBILITY,数据/图片/事实单元是复现附件；不提交Git、不移动冻结split,DATA,17108,False,0,,0b04328920c7b87f75030d27a1d55f0a5b3418efbf801730a39522091e629f6d,NONE; preserve original path if referenced by frozen manifest
data/images/week1_v3/607126111147.jpg,KEEP_REPRODUCIBILITY,数据/图片/事实单元是复现附件；不提交Git、不移动冻结split,DATA,247081,False,0,,f6c1d448546439c4a1e032e0326f44c2d1800aaaf0574fa5d6934cd2a1e00714,NONE; preserve original path if referenced by frozen manifest
data/images/week1_v3/607160758918.webp,KEEP_REPRODUCIBILITY,数据/图片/事实单元是复现附件；不提交Git、不移动冻结split,DATA,72332,False,0,,a1b2d65f8b13fa8049b8bfd8a79e5f412044a9934a51aecb655f187006129928,NONE; preserve original path if referenced by frozen manifest
data/images/week1_v3/607162241527.webp,KEEP_REPRODUCIBILITY,数据/图片/事实单元是复现附件；不提交Git、不移动冻结split,DATA,89090,False,0,,4145a817fb406b3dbe1cae6e130fde1422f321584649604b3f26cdf99328dddd,NONE; preserve original path if referenced by frozen manifest
data/images/week1_v3/607251527159.webp,KEEP_REPRODUCIBILITY,数据/图片/事实单元是复现附件；不提交Git、不移动冻结split,DATA,39936,False,0,,b6aaa37e95eb11247da5a6774456174a38c2577f7bbe026b2a5a6b4a98edd116,NONE; preserve original path if referenced by frozen manifest
data/images/week1_v3/607256389125.webp,KEEP_REPRODUCIBILITY,数据/图片/事实单元是复现附件；不提交Git、不移动冻结split,DATA,101500,False,0,,65b3d39d7b7f8a994ebb1bd4ea72e14638b828501130fa3c0d172513e433d167,NONE; preserve original path if referenced by frozen manifest
data/images/week1_v3/607260524480.webp,KEEP_REPRODUCIBILITY,数据/图片/事实单元是复现附件；不提交Git、不移动冻结split,DATA,32366,False,0,,b5d5249517700a5b9fc467e95f370af2ddeece9322c7f0b7bce8cbdc016d880c,NONE; preserve original path if referenced by frozen manifest
data/images/week1_v3/607272467110.webp,KEEP_REPRODUCIBILITY,数据/图片/事实单元是复现附件；不提交Git、不移动冻结split,DATA,61142,False,0,,eeabe894ba821716a85f0b885dd6cb902ab6a5027617040ad651a8444cdb3395,NONE; preserve original path if referenced by frozen manifest
data/images/week1_v3/607299068709.webp,KEEP_REPRODUCIBILITY,数据/图片/事实单元是复现附件；不提交Git、不移动冻结split,DATA,102448,False,0,,797c659b949d4678c8bcef2bc21d5c576775212fc0d13ddc5cbcbb1d3575c9cb,NONE; preserve original path if referenced by frozen manifest
data/images/week1_v3/607304125344.webp,KEEP_REPRODUCIBILITY,数据/图片/事实单元是复现附件；不提交Git、不移动冻结split,DATA,76874,False,0,,0918d67f7458edc98db2e1a38cc1f9634781d30934768098706472474d7081b0,NONE; preserve original path if referenced by frozen manifest
data/images/week1_v3/607342265676.webp,KEEP_REPRODUCIBILITY,数据/图片/事实单元是复现附件；不提交Git、不移动冻结split,DATA,30364,False,0,,019575a4bf33d9c0c4d2038d1beef9333c8771a83cd5004e86206908b62bb5e2,NONE; preserve original path if referenced by frozen manifest
data/images/week1_v3/607344174595.webp,KEEP_REPRODUCIBILITY,数据/图片/事实单元是复现附件；不提交Git、不移动冻结split,DATA,19916,False,0,,79f03e686d49d9f25c17672e66a93d69a205c031269efab751eecc9b93699428,NONE; preserve original path if referenced by frozen manifest
data/images/week1_v3/607358884242.webp,KEEP_REPRODUCIBILITY,数据/图片/事实单元是复现附件；不提交Git、不移动冻结split,DATA,51916,False,0,,1644b2161b2e0995a6335ef19d3e2f97d8f7c2455ac955ed75465ff52cf96595,NONE; preserve original path if referenced by frozen manifest
data/images/week1_v3/607362910795.webp,KEEP_REPRODUCIBILITY,数据/图片/事实单元是复现附件；不提交Git、不移动冻结split,DATA,54472,False,0,,64ed2461300cfec07d900e49f93fc081ca4d70505c9a2ec993b7726605dc8e47,NONE; preserve original path if referenced by frozen manifest
data/images/week1_v3/607464039404.webp,KEEP_REPRODUCIBILITY,数据/图片/事实单元是复现附件；不提交Git、不移动冻结split,DATA,76908,False,0,,e2bda81ab7bad640a01078475445a77c845071792d7f2389b5a9a14f25b14b6c,NONE; preserve original path if referenced by frozen manifest
data/images/week1_v3/607520170812.webp,KEEP_REPRODUCIBILITY,数据/图片/事实单元是复现附件；不提交Git、不移动冻结split,DATA,58290,False,0,,55ad8107afac0fae78c9aa19eb58ca62ac7d2889056501665639d23effca9c94,NONE; preserve original path if referenced by frozen manifest
data/images/week1_v3/607616962668.webp,KEEP_REPRODUCIBILITY,数据/图片/事实单元是复现附件；不提交Git、不移动冻结split,DATA,51730,False,0,,f155fadc02716abba05e7e5db750e85bc1df533bedb6e4106559dfa7b392ab15,NONE; preserve original path if referenced by frozen manifest
data/images/week1_v3/607633715338.webp,KEEP_REPRODUCIBILITY,数据/图片/事实单元是复现附件；不提交Git、不移动冻结split,DATA,109568,False,0,,94d0e182e9e9cded16c95a00206c4663f1664051b48c51e6baeee183e9fcc5cd,NONE; preserve original path if referenced by frozen manifest
data/images/week1_v3/607651957186.webp,KEEP_REPRODUCIBILITY,数据/图片/事实单元是复现附件；不提交Git、不移动冻结split,DATA,95582,False,0,,eafc00f848cfbe844d3e23c808c5170498e66f0ebfe16d93ff8c4dee2b492243,NONE; preserve original path if referenced by frozen manifest
data/images/week1_v3/607670944499.webp,KEEP_REPRODUCIBILITY,数据/图片/事实单元是复现附件；不提交Git、不移动冻结split,DATA,148240,False,0,,7baf39b8faf762d543476da9c221021ec1f9ac1d63de212144067261fd60addb,NONE; preserve original path if referenced by frozen manifest
data/images/week1_v3/607736715375.webp,KEEP_REPRODUCIBILITY,数据/图片/事实单元是复现附件；不提交Git、不移动冻结split,DATA,15994,False,0,,c8ef54f52064a4acc32fbe6d21174546e1905f6e73f36345ff04498bba857152,NONE; preserve original path if referenced by frozen manifest
data/images/week1_v3/607781031729.webp,KEEP_REPRODUCIBILITY,数据/图片/事实单元是复现附件；不提交Git、不移动冻结split,DATA,91948,False,0,,fde3601a8392136b94d53c9902b6483d4cad989bf59218ca6898a609bae94ada,NONE; preserve original path if referenced by frozen manifest
data/images/week1_v3/607798338394.webp,KEEP_REPRODUCIBILITY,数据/图片/事实单元是复现附件；不提交Git、不移动冻结split,DATA,61312,False,0,,59b7c350be44156d2691c1f9a11792a9bec031039b3d6faf27a04afc65d2bfd8,NONE; preserve original path if referenced by frozen manifest
data/images/week1_v3/607813114155.webp,KEEP_REPRODUCIBILITY,数据/图片/事实单元是复现附件；不提交Git、不移动冻结split,DATA,51058,False,0,,400481a5c0c305aa07ea74d332ddd13cb75eef24592ea8c2bc6489b5d6760cb1,NONE; preserve original path if referenced by frozen manifest
data/images/week1_v3/607836671288.webp,KEEP_REPRODUCIBILITY,数据/图片/事实单元是复现附件；不提交Git、不移动冻结split,DATA,109524,False,0,,058d47f05e08e41b678b8c09f03728e2378374942ad345ee96ea38ca5b7bda60,NONE; preserve original path if referenced by frozen manifest
data/images/week1_v3/607855316701.webp,KEEP_REPRODUCIBILITY,数据/图片/事实单元是复现附件；不提交Git、不移动冻结split,DATA,36882,False,0,,461ec764c29c9c9de064ec44d680eb783ee094272074ae7bdb1d5a9ec4f5cdd3,NONE; preserve original path if referenced by frozen manifest
data/images/week1_v3/607873091104.webp,KEEP_REPRODUCIBILITY,数据/图片/事实单元是复现附件；不提交Git、不移动冻结split,DATA,143134,False,0,,4a23d8d63461298f40cf50aac45f8b26f75148c27debdeba02cae2e9fc0974f7,NONE; preserve original path if referenced by frozen manifest
data/images/week1_v3/607876099359.jpg,KEEP_REPRODUCIBILITY,数据/图片/事实单元是复现附件；不提交Git、不移动冻结split,DATA,108895,False,0,,6a19344562402ee258e3ce1cc48117750a270bca725d77c23d9e3f2b06663baf,NONE; preserve original path if referenced by frozen manifest
data/images/week1_v3/607965771388.png,KEEP_REPRODUCIBILITY,数据/图片/事实单元是复现附件；不提交Git、不移动冻结split,DATA,850457,False,0,,acc33c6f15e340852d7e9b49960f521b74fa5344c9e3e65302521abc6966c6d4,NONE; preserve original path if referenced by frozen manifest
data/images/week1_v3/607966328578.webp,KEEP_REPRODUCIBILITY,数据/图片/事实单元是复现附件；不提交Git、不移动冻结split,DATA,103640,False,0,,c12efdf5eeedff8466a775f230c115d815fa4d431bca8f40c875e07c1050cd1e,NONE; preserve original path if referenced by frozen manifest
data/images/week1_v3/607975570568.webp,KEEP_REPRODUCIBILITY,数据/图片/事实单元是复现附件；不提交Git、不移动冻结split,DATA,56626,False,0,,9593ff36f7a4cdffcc54bf651c1a830f84ef32bd10e55e9dc196a267ece43e7d,NONE; preserve original path if referenced by frozen manifest
data/images/week1_v3/608004715250.webp,KEEP_REPRODUCIBILITY,数据/图片/事实单元是复现附件；不提交Git、不移动冻结split,DATA,54682,False,0,,f4b0c7d0b8e6771b8938a48eb2061cde5574afff545438c8dabcfd3bfc6a7219,NONE; preserve original path if referenced by frozen manifest
data/images/week1_v3/608010209530.webp,KEEP_REPRODUCIBILITY,数据/图片/事实单元是复现附件；不提交Git、不移动冻结split,DATA,58602,False,0,,63b7dd8b0767c2e685815005e3a60cb8fbcb782c95c0e33b0a7c0b608e0777f2,NONE; preserve original path if referenced by frozen manifest
data/images/week1_v3/608019559195.png,KEEP_REPRODUCIBILITY,数据/图片/事实单元是复现附件；不提交Git、不移动冻结split,DATA,806071,False,0,,a59b5d1a054a0444ec8fde6f50a5143e7c4e167b4646a6dceece3a40ca2cd113,NONE; preserve original path if referenced by frozen manifest
data/images/week1_v3/608052443562.webp,KEEP_REPRODUCIBILITY,数据/图片/事实单元是复现附件；不提交Git、不移动冻结split,DATA,77672,False,0,,8eee6df7b5f5c62112f91bac762d9776656bd9cbef246072eb35dca1a244d739,NONE; preserve original path if referenced by frozen manifest
data/images/week1_v3/608091317588.webp,KEEP_REPRODUCIBILITY,数据/图片/事实单元是复现附件；不提交Git、不移动冻结split,DATA,54260,False,0,,ebe02026a9c6018d2132a202b886e4a7687c9f481eeab95be4f907c3bb6f3468,NONE; preserve original path if referenced by frozen manifest
data/images/week1_v3/608104455060.webp,KEEP_REPRODUCIBILITY,数据/图片/事实单元是复现附件；不提交Git、不移动冻结split,DATA,14106,False,0,,ed75e983a539503118eed70e00b1d3dab1c4c5b5194458d3cf69c4beccfada97,NONE; preserve original path if referenced by frozen manifest
data/images/week1_v3/608112359232.webp,KEEP_REPRODUCIBILITY,数据/图片/事实单元是复现附件；不提交Git、不移动冻结split,DATA,152970,False,0,,92e21e7eaba3b4d3e41d5cc2b1cd70d8a9bea1b2625c12b2591706f5fade9b11,NONE; preserve original path if referenced by frozen manifest
data/images/week1_v3/608112527231.webp,KEEP_REPRODUCIBILITY,数据/图片/事实单元是复现附件；不提交Git、不移动冻结split,DATA,83158,False,0,,c0b55bc58dda04b24c7852b9bdc1c591423afe71619a1c36466a9ca5526aa966,NONE; preserve original path if referenced by frozen manifest
data/images/week1_v3/608257923053.webp,KEEP_REPRODUCIBILITY,数据/图片/事实单元是复现附件；不提交Git、不移动冻结split,DATA,143496,False,0,,8add38b555470d02eeabd6d40a9be8f760fea7495ed6bde47eb1a4b53e1d6a72,NONE; preserve original path if referenced by frozen manifest
data/images/week1_v3/608265050468.webp,KEEP_REPRODUCIBILITY,数据/图片/事实单元是复现附件；不提交Git、不移动冻结split,DATA,68404,False,0,,d07d624db859bced6a51d217842eb76e9c945d4404cad5b197f108267febd1a5,NONE; preserve original path if referenced by frozen manifest
data/images/week1_v3/608322825971.webp,KEEP_REPRODUCIBILITY,数据/图片/事实单元是复现附件；不提交Git、不移动冻结split,DATA,63710,False,0,,f60b26e84fe8d160ee9cfa0fc3b9ae21e2ac6d16360d45fe5b44218c682986f3,NONE; preserve original path if referenced by frozen manifest
data/images/week1_v3/608328445164.webp,KEEP_REPRODUCIBILITY,数据/图片/事实单元是复现附件；不提交Git、不移动冻结split,DATA,68716,False,0,,edc4980c0698e93882f262bb3852ea558bbb0698df613fbee12f04e6b166701e,NONE; preserve original path if referenced by frozen manifest
data/images/week1_v3/608335015563.webp,KEEP_REPRODUCIBILITY,数据/图片/事实单元是复现附件；不提交Git、不移动冻结split,DATA,34896,False,0,,96b251f0179b8f1773f9ed93ce15267b7335ba5874d6b190f1b1c9f93382fc7f,NONE; preserve original path if referenced by frozen manifest
data/images/week1_v3/608380111005.webp,KEEP_REPRODUCIBILITY,数据/图片/事实单元是复现附件；不提交Git、不移动冻结split,DATA,37262,False,0,,dab1590a12794bc7469490ea4660a47c4bea71e84f2bd2250a73ef14a03fe8da,NONE; preserve original path if referenced by frozen manifest
data/images/week1_v3/608395204361.webp,KEEP_REPRODUCIBILITY,数据/图片/事实单元是复现附件；不提交Git、不移动冻结split,DATA,87426,False,0,,2355781cc5bfee57ddfca140fb8ee0381679735a9d021fea51d91bb744d6d38e,NONE; preserve original path if referenced by frozen manifest
data/images/week1_v3/608426906212.webp,KEEP_REPRODUCIBILITY,数据/图片/事实单元是复现附件；不提交Git、不移动冻结split,DATA,96796,False,0,,182d3de44d9ba1e46af785766abb3a1c4c16babff149b4ae0950a96f28648cab,NONE; preserve original path if referenced by frozen manifest
data/images/week1_v3/608451231848.webp,KEEP_REPRODUCIBILITY,数据/图片/事实单元是复现附件；不提交Git、不移动冻结split,DATA,118482,False,0,,922ad64d37ed54da65a8182935abefadc33f99adeb3ee6ee234775db7693bf95,NONE; preserve original path if referenced by frozen manifest
data/images/week1_v3/608454045826.webp,KEEP_REPRODUCIBILITY,数据/图片/事实单元是复现附件；不提交Git、不移动冻结split,DATA,82250,False,0,,5cd9d5532208ae5fee5bd36a19da476e065c26e8f02762d4d9d914a25da2e10d,NONE; preserve original path if referenced by frozen manifest
data/images/week1_v3/608514759688.webp,KEEP_REPRODUCIBILITY,数据/图片/事实单元是复现附件；不提交Git、不移动冻结split,DATA,29900,False,0,,3b0485d220c98e5caabb21a00c1af8291e8de81a350fb99685e7439319363e69,NONE; preserve original path if referenced by frozen manifest
data/images/week1_v3/608516760684.webp,KEEP_REPRODUCIBILITY,数据/图片/事实单元是复现附件；不提交Git、不移动冻结split,DATA,56148,False,0,,72a54f279b7849f067bb28ccf12d96a961f7da22eb403b28f31c2a670582b32c,NONE; preserve original path if referenced by frozen manifest
data/images/week1_v3/608555766838.webp,KEEP_REPRODUCIBILITY,数据/图片/事实单元是复现附件；不提交Git、不移动冻结split,DATA,95912,False,0,,86f9f3bd760a0cc60feee87b6158d3fffe679f7cddefae4f2aa7d912f436aa79,NONE; preserve original path if referenced by frozen manifest
data/images/week1_v3/608578633163.webp,KEEP_REPRODUCIBILITY,数据/图片/事实单元是复现附件；不提交Git、不移动冻结split,DATA,54080,False,0,,3bf625e03e064a0dafb7d13a8a4ddd075487d801930629f7296f6b3c068ed56c,NONE; preserve original path if referenced by frozen manifest
data/images/week1_v3/608603617242.webp,KEEP_REPRODUCIBILITY,数据/图片/事实单元是复现附件；不提交Git、不移动冻结split,DATA,9280,False,0,,d024247e79074a65c6d207618041c35deb85b8ba42e9abd86309740faef0e16d,NONE; preserve original path if referenced by frozen manifest
data/images/week1_v3/608618758974.webp,KEEP_REPRODUCIBILITY,数据/图片/事实单元是复现附件；不提交Git、不移动冻结split,DATA,72262,False,0,,a2b54cc6bc7f655ddc76df75f148201eade22a442e9404f38d54f846f2f32271,NONE; preserve original path if referenced by frozen manifest
data/images/week1_v3/608660947248.webp,KEEP_REPRODUCIBILITY,数据/图片/事实单元是复现附件；不提交Git、不移动冻结split,DATA,55772,False,0,,40600a434f7d2e47b6ae11e267411a3e1c57d2163502db419168440c1714deb2,NONE; preserve original path if referenced by frozen manifest
data/images/week1_v3/608666297228.webp,KEEP_REPRODUCIBILITY,数据/图片/事实单元是复现附件；不提交Git、不移动冻结split,DATA,61850,False,0,,e4d94b1fda1524e8cb3b231eba276583b972faeb50a9ad0da00180c278ba3603,NONE; preserve original path if referenced by frozen manifest
data/images/week1_v3/608705236488.webp,KEEP_REPRODUCIBILITY,数据/图片/事实单元是复现附件；不提交Git、不移动冻结split,DATA,135080,False,0,,fbea8ff63426319686e18650bc5dfc9939715c1531f2213709cea0a28c3f8462,NONE; preserve original path if referenced by frozen manifest
data/images/week1_v3/608734435424.webp,KEEP_REPRODUCIBILITY,数据/图片/事实单元是复现附件；不提交Git、不移动冻结split,DATA,55788,False,0,,5bd5b5d1ee907fe9466a3ac2b90ae3c83e4c1d72271098a3296d135c484ec83d,NONE; preserve original path if referenced by frozen manifest
data/images/week1_v3/608759790760.webp,KEEP_REPRODUCIBILITY,数据/图片/事实单元是复现附件；不提交Git、不移动冻结split,DATA,153460,False,0,,3cb2025e8dd418e3008a928666f6a65047b953fca551350a859333d367a2a7a2,NONE; preserve original path if referenced by frozen manifest
data/images/week1_v3/608839861239.webp,KEEP_REPRODUCIBILITY,数据/图片/事实单元是复现附件；不提交Git、不移动冻结split,DATA,67562,False,0,,4976d251547c89a3f00ac58e1e3cbd27b8844d28530f63ae0915d4259f38d095,NONE; preserve original path if referenced by frozen manifest
data/images/week1_v3/608861160153.webp,KEEP_REPRODUCIBILITY,数据/图片/事实单元是复现附件；不提交Git、不移动冻结split,DATA,101974,False,0,,ec86b213bb1de9f1ac7b93fe54cf6617ccf50f56037376235c0c08716f018ad7,NONE; preserve original path if referenced by frozen manifest
data/images/week1_v3/608908138812.webp,KEEP_REPRODUCIBILITY,数据/图片/事实单元是复现附件；不提交Git、不移动冻结split,DATA,58368,False,0,,bee97c0ffec78363952476972d16a330c19dd1c8f555f89a2360772b75fb9bbb,NONE; preserve original path if referenced by frozen manifest
data/images/week1_v3/608933331767.webp,KEEP_REPRODUCIBILITY,数据/图片/事实单元是复现附件；不提交Git、不移动冻结split,DATA,70136,False,0,,629a4cd4ac183eeeb44cc19db74614742972533a6c360b956948753fe968f6dc,NONE; preserve original path if referenced by frozen manifest
data/images/week1_v3/608941513206.webp,KEEP_REPRODUCIBILITY,数据/图片/事实单元是复现附件；不提交Git、不移动冻结split,DATA,94938,False,0,,93b40465a346de46de245e79a28178f8f792afcf297efed4fe2fceb3cea6d9c0,NONE; preserve original path if referenced by frozen manifest
data/images/week1_v3/609039324433.webp,KEEP_REPRODUCIBILITY,数据/图片/事实单元是复现附件；不提交Git、不移动冻结split,DATA,89930,False,0,,65ba2c0fb230e4a91fae326aa4c3af53acfb23549627882776e0cb66ee5f1d81,NONE; preserve original path if referenced by frozen manifest
data/images/week1_v3/609070564588.jpg,KEEP_REPRODUCIBILITY,数据/图片/事实单元是复现附件；不提交Git、不移动冻结split,DATA,191267,False,0,,5bd59940c7469a613bbbd7169df8c2dfccfe3454af48a4d7721159f753d6425b,NONE; preserve original path if referenced by frozen manifest
data/images/week1_v3/609084612697.webp,KEEP_REPRODUCIBILITY,数据/图片/事实单元是复现附件；不提交Git、不移动冻结split,DATA,45704,False,0,,e9a4b1eb01003aec15966e96693bbf45a0f472320b1a4696da5a5857578ec829,NONE; preserve original path if referenced by frozen manifest
data/images/week1_v3/609101917683.webp,KEEP_REPRODUCIBILITY,数据/图片/事实单元是复现附件；不提交Git、不移动冻结split,DATA,62682,False,0,,0e893666e805a7ac6078a5482645913eea172d9b4a503e92033bfd893639ee51,NONE; preserve original path if referenced by frozen manifest
data/images/week1_v3/609127163626.webp,KEEP_REPRODUCIBILITY,数据/图片/事实单元是复现附件；不提交Git、不移动冻结split,DATA,51606,False,0,,0874c8151c1d6df7155940ae9182bb6f281ef1817d4bd0c75b420fceb03fa271,NONE; preserve original path if referenced by frozen manifest
data/images/week1_v3/609196020012.webp,KEEP_REPRODUCIBILITY,数据/图片/事实单元是复现附件；不提交Git、不移动冻结split,DATA,77442,False,0,,6e8cb322b72a71d0c03ea862560290d915aad07a43b5993fd4f93da9dd9411ba,NONE; preserve original path if referenced by frozen manifest
data/images/week1_v3/609231863929.webp,KEEP_REPRODUCIBILITY,数据/图片/事实单元是复现附件；不提交Git、不移动冻结split,DATA,64202,False,0,,1cd7e8637ba75df271e99d655e33038ec56d659c525b5405410a9d6ed10ee0c2,NONE; preserve original path if referenced by frozen manifest
data/images/week1_v3/609246111316.webp,KEEP_REPRODUCIBILITY,数据/图片/事实单元是复现附件；不提交Git、不移动冻结split,DATA,82680,False,0,,1212125a079a94bee3d303155e5e31074c609dee2a13a02c257dc4cf01b468ac,NONE; preserve original path if referenced by frozen manifest
data/images/week1_v3/609259070473.webp,KEEP_REPRODUCIBILITY,数据/图片/事实单元是复现附件；不提交Git、不移动冻结split,DATA,49266,False,0,,5f9c9c96e68115744f58ab7e460837628d6e27009f8037ca7990312f6d1e7296,NONE; preserve original path if referenced by frozen manifest
data/images/week1_v3/609321986854.webp,KEEP_REPRODUCIBILITY,数据/图片/事实单元是复现附件；不提交Git、不移动冻结split,DATA,72234,False,0,,ad926ff02cc811ba946e1e0a1b47c12b97ec12266e0972c1187af0b2a06e95db,NONE; preserve original path if referenced by frozen manifest
data/images/week1_v3/609338175816.webp,KEEP_REPRODUCIBILITY,数据/图片/事实单元是复现附件；不提交Git、不移动冻结split,DATA,49392,False,0,,170112e0290bc3030aa16e12256a8f0fc029f2471930bf6243382e5008fac590,NONE; preserve original path if referenced by frozen manifest
data/images/week1_v3/609369860326.webp,KEEP_REPRODUCIBILITY,数据/图片/事实单元是复现附件；不提交Git、不移动冻结split,DATA,35560,False,0,,4eb1dcfbd43681e818e6f5ceba9f844e3b97913fdb7a561be622ecb0e565d02d,NONE; preserve original path if referenced by frozen manifest
data/images/week1_v3/609373277285.webp,KEEP_REPRODUCIBILITY,数据/图片/事实单元是复现附件；不提交Git、不移动冻结split,DATA,31696,False,0,,0dcda563d71dad141bcf461e34514ff309a4fd784cdb1df50e533ecbd7acc9b6,NONE; preserve original path if referenced by frozen manifest
data/images/week1_v3/609435434783.webp,KEEP_REPRODUCIBILITY,数据/图片/事实单元是复现附件；不提交Git、不移动冻结split,DATA,52584,False,0,,5a953e1048c4de8a12ccf0e91779e2113dbc4b3a70b48b6eff758b68eb256486,NONE; preserve original path if referenced by frozen manifest
data/images/week1_v3/609445655381.webp,KEEP_REPRODUCIBILITY,数据/图片/事实单元是复现附件；不提交Git、不移动冻结split,DATA,76704,False,0,,c8030c0e8cf9c926e979623279a670db1ec018bf4543cd6379b6c1361aff63fc,NONE; preserve original path if referenced by frozen manifest
data/images/week1_v3/609501696817.webp,KEEP_REPRODUCIBILITY,数据/图片/事实单元是复现附件；不提交Git、不移动冻结split,DATA,100678,False,0,,a095c36fd1b9e116c088d42b3494805a54ce5ac6d8e44647e4f15b4815b492b0,NONE; preserve original path if referenced by frozen manifest
data/images/week1_v3/609563902799.webp,KEEP_REPRODUCIBILITY,数据/图片/事实单元是复现附件；不提交Git、不移动冻结split,DATA,51058,False,0,,c13639127482a6686be320a1fa5a2c4a6e311ae9bcac87416a62ff0b13b6f64d,NONE; preserve original path if referenced by frozen manifest
data/images/week1_v3/609585452256.jpg,KEEP_REPRODUCIBILITY,数据/图片/事实单元是复现附件；不提交Git、不移动冻结split,DATA,159364,False,0,,60b792a8ac6b78041f5fb4c430562f842c475be5a06c6bd8108ecb86b23c2ee9,NONE; preserve original path if referenced by frozen manifest
data/images/week1_v3/609605290650.png,KEEP_REPRODUCIBILITY,数据/图片/事实单元是复现附件；不提交Git、不移动冻结split,DATA,273728,False,0,,ffc9e1f6fb22cd2eaaa2d8124d4658b44f99771006b2e623c4d4720987ed124b,NONE; preserve original path if referenced by frozen manifest
data/images/week1_v3/609607473295.webp,KEEP_REPRODUCIBILITY,数据/图片/事实单元是复现附件；不提交Git、不移动冻结split,DATA,60508,False,0,,4297d27bec3360a49e065b8fa3bab7fb06f440d4fa1c41665e88e44d3d18acc8,NONE; preserve original path if referenced by frozen manifest
data/images/week1_v3/609608929102.webp,KEEP_REPRODUCIBILITY,数据/图片/事实单元是复现附件；不提交Git、不移动冻结split,DATA,100646,False,0,,2cb5adb71493ce1fc54a6c36345038de7d370492245373f58ac205b891eb591b,NONE; preserve original path if referenced by frozen manifest
data/images/week1_v3/609624141756.webp,KEEP_REPRODUCIBILITY,数据/图片/事实单元是复现附件；不提交Git、不移动冻结split,DATA,76480,False,0,,3311bc749189b29a36c634da290963bc229d5704be0ae111429bd0d55255d23a,NONE; preserve original path if referenced by frozen manifest
data/images/week1_v3/609629279071.webp,KEEP_REPRODUCIBILITY,数据/图片/事实单元是复现附件；不提交Git、不移动冻结split,DATA,42916,False,0,,da89ff6359c5e37b5de7cdddee953986a6bdabf15df968bec9b07fe575e34464,NONE; preserve original path if referenced by frozen manifest
data/images/week1_v3/609687285042.webp,KEEP_REPRODUCIBILITY,数据/图片/事实单元是复现附件；不提交Git、不移动冻结split,DATA,57200,False,0,,ae734b02a8775328e1250e3bc04ebee4281ea25d5f348d13dabcfdc5ec573614,NONE; preserve original path if referenced by frozen manifest
data/images/week1_v3/609694774367.webp,KEEP_REPRODUCIBILITY,数据/图片/事实单元是复现附件；不提交Git、不移动冻结split,DATA,38328,False,0,,875fa4015e44cb9e50b3616fbb93ebcbce5b074fe010fcf1cab3c7c49abc0fb5,NONE; preserve original path if referenced by frozen manifest
data/images/week1_v3/609715052804.webp,KEEP_REPRODUCIBILITY,数据/图片/事实单元是复现附件；不提交Git、不移动冻结split,DATA,66366,False,0,,c8ec7f40d856a852d4cb3cd3f3be370eea5751fa2ea4a9a7bc90abec4dc6fb03,NONE; preserve original path if referenced by frozen manifest
data/images/week1_v3/609722753381.jpg,KEEP_REPRODUCIBILITY,数据/图片/事实单元是复现附件；不提交Git、不移动冻结split,DATA,81720,False,0,,a0736b0d0b3ddb503a4993114aa8380b7c26c421544c45eef68b3485c23808c8,NONE; preserve original path if referenced by frozen manifest
data/images/week1_v3/609762128375.webp,KEEP_REPRODUCIBILITY,数据/图片/事实单元是复现附件；不提交Git、不移动冻结split,DATA,98164,False,0,,d9abbcbfdf7ffaa98b8d8f226316b5fb9c28001c0a83d2062cc5c379bd15a660,NONE; preserve original path if referenced by frozen manifest
data/images/week1_v3/609764144442.webp,KEEP_REPRODUCIBILITY,数据/图片/事实单元是复现附件；不提交Git、不移动冻结split,DATA,27134,False,0,,d1dc324afd8396b2107668e1bdbbed8cbf41c80db78db7edd4f711c8970ff6c4,NONE; preserve original path if referenced by frozen manifest
data/images/week1_v3/609767916765.webp,KEEP_REPRODUCIBILITY,数据/图片/事实单元是复现附件；不提交Git、不移动冻结split,DATA,34196,False,0,,567fe5dcfc854888b211bf078564bb363b7239e8f11ea739af98c2040ebb8825,NONE; preserve original path if referenced by frozen manifest
data/images/week1_v3/609775261998.webp,KEEP_REPRODUCIBILITY,数据/图片/事实单元是复现附件；不提交Git、不移动冻结split,DATA,70276,False,0,,be3a91724085aeb28dee97af34b33b53f4c4404ff1931304008fd66420e5fbcc,NONE; preserve original path if referenced by frozen manifest
data/images/week1_v3/609779817144.webp,KEEP_REPRODUCIBILITY,数据/图片/事实单元是复现附件；不提交Git、不移动冻结split,DATA,27296,False,0,,e5c46d69f676c0fc7b80ecaa587791c03cd0451711e2e5cfba155067951e6f8b,NONE; preserve original path if referenced by frozen manifest
data/images/week1_v3/609794091099.webp,KEEP_REPRODUCIBILITY,数据/图片/事实单元是复现附件；不提交Git、不移动冻结split,DATA,84426,False,0,,f390aad2953ec2b3019b735e88ea607e5774878ad1f920675391431e6a118457,NONE; preserve original path if referenced by frozen manifest
data/images/week1_v3/609804436471.webp,KEEP_REPRODUCIBILITY,数据/图片/事实单元是复现附件；不提交Git、不移动冻结split,DATA,71138,False,0,,1c27c761db7c667534b801a8829ba36560338d4546d8c43c63b514df1aef80ef,NONE; preserve original path if referenced by frozen manifest
data/images/week1_v3/609821224537.webp,KEEP_REPRODUCIBILITY,数据/图片/事实单元是复现附件；不提交Git、不移动冻结split,DATA,38618,False,0,,cec4f46c49a902aaaacce74ed3eabdefee3ba1570581c30021986e6f1978fbec,NONE; preserve original path if referenced by frozen manifest
data/images/week1_v3/609821660865.webp,KEEP_REPRODUCIBILITY,数据/图片/事实单元是复现附件；不提交Git、不移动冻结split,DATA,43512,False,0,,59443a0c3a821ba0f936679278c2b06fddd33f7457a936c0982587c29dcc6d61,NONE; preserve original path if referenced by frozen manifest
data/images/week1_v3/609848988915.webp,KEEP_REPRODUCIBILITY,数据/图片/事实单元是复现附件；不提交Git、不移动冻结split,DATA,112532,False,0,,8b2c2b53b995b028b48cf7ad300678f81aaa5dede0466ccd0fec4b1724d7a3bc,NONE; preserve original path if referenced by frozen manifest
data/images/week1_v3/609854056897.webp,KEEP_REPRODUCIBILITY,数据/图片/事实单元是复现附件；不提交Git、不移动冻结split,DATA,33552,False,0,,2b9b54be7ea12a737a7ac9bf29afc3a34bf22ce1839794e67b28996fc4bc722a,NONE; preserve original path if referenced by frozen manifest
data/images/week1_v3/609861568866.webp,KEEP_REPRODUCIBILITY,数据/图片/事实单元是复现附件；不提交Git、不移动冻结split,DATA,27092,False,0,,2e7419cc64a2ca2730536a7fbdc1b1193e34e583fac0c290eec3bfa8d81d2b9f,NONE; preserve original path if referenced by frozen manifest
data/images/week1_v3/609873477504.webp,KEEP_REPRODUCIBILITY,数据/图片/事实单元是复现附件；不提交Git、不移动冻结split,DATA,101528,False,0,,15b201d6e91b9c0d921346384d7a1fc404e298bfebf16c577eeeba0f07d722d0,NONE; preserve original path if referenced by frozen manifest
data/images/week1_v3/609898166051.webp,KEEP_REPRODUCIBILITY,数据/图片/事实单元是复现附件；不提交Git、不移动冻结split,DATA,84218,False,0,,a4874508a40a1ab03f0f6eceeb55030982cefb2f8fb3ae513b7fcc625efec1e1,NONE; preserve original path if referenced by frozen manifest
data/images/week1_v3/609921607177.webp,KEEP_REPRODUCIBILITY,数据/图片/事实单元是复现附件；不提交Git、不移动冻结split,DATA,46142,False,0,,7f37d608a5e1eb16c69f12bbef1a9c2349b266519bae36f24833a1e4b4adb11c,NONE; preserve original path if referenced by frozen manifest
data/images/week1_v3/609923870759.webp,KEEP_REPRODUCIBILITY,数据/图片/事实单元是复现附件；不提交Git、不移动冻结split,DATA,83008,False,0,,ec2d1ae214a587d867742cc9a04871b2b3cfb8ce71c9d7aa05cc904c2d924e0a,NONE; preserve original path if referenced by frozen manifest
data/images/week1_v3/609932288958.jpg,KEEP_REPRODUCIBILITY,数据/图片/事实单元是复现附件；不提交Git、不移动冻结split,DATA,42929,False,0,,ac8afe88c0fa2b58f2426c9a3a4d69956f96a09123917524f9587817f67221ca,NONE; preserve original path if referenced by frozen manifest
data/images/week1_v3/609943865099.webp,KEEP_REPRODUCIBILITY,数据/图片/事实单元是复现附件；不提交Git、不移动冻结split,DATA,69938,False,0,,a604183cfaebd7fe9d3b48ca49c67562cf0e9c11ee3e682df3a353dba1d8c53b,NONE; preserve original path if referenced by frozen manifest
data/images/week1_v3/609950274910.webp,KEEP_REPRODUCIBILITY,数据/图片/事实单元是复现附件；不提交Git、不移动冻结split,DATA,313918,False,0,,1ecabec9ab8ec15501d7d8a1954b1145f543979e9788a437221e0d1c2524bb95,NONE; preserve original path if referenced by frozen manifest
data/images/week1_v3/609957678973.webp,KEEP_REPRODUCIBILITY,数据/图片/事实单元是复现附件；不提交Git、不移动冻结split,DATA,50556,False,0,,931e9f27da3a8623e50ceb738316bcd221c04ff981b1f49adc6e5c2550ca6880,NONE; preserve original path if referenced by frozen manifest
data/images/week1_v3/609973546605.webp,KEEP_REPRODUCIBILITY,数据/图片/事实单元是复现附件；不提交Git、不移动冻结split,DATA,79802,False,0,,139141f96938715e34760492401d743ea9b47d3b9c078e48f61ede76d482d7ee,NONE; preserve original path if referenced by frozen manifest
data/images/week1_v3/609994832947.webp,KEEP_REPRODUCIBILITY,数据/图片/事实单元是复现附件；不提交Git、不移动冻结split,DATA,312242,False,0,,dc32e73d1dcdff5b988a811435ea797cacedfec68116360efa643904bd36ae9e,NONE; preserve original path if referenced by frozen manifest
data/images/week1_v3/610023521556.webp,KEEP_REPRODUCIBILITY,数据/图片/事实单元是复现附件；不提交Git、不移动冻结split,DATA,54020,False,0,,dd8ee3fef867660d4dd7ab0cc9213d7901125ba3637f9c729b42472d08d895b7,NONE; preserve original path if referenced by frozen manifest
data/images/week1_v3/610044190728.webp,KEEP_REPRODUCIBILITY,数据/图片/事实单元是复现附件；不提交Git、不移动冻结split,DATA,42986,False,0,,2b248076a4351fbc6f87620273f6d661dc10b94f573fa5a08f80d53cbecea47b,NONE; preserve original path if referenced by frozen manifest
data/images/week1_v3/610056358817.webp,KEEP_REPRODUCIBILITY,数据/图片/事实单元是复现附件；不提交Git、不移动冻结split,DATA,164818,False,0,,47ba3ddcc3a79ca7d7c5db7a4c8db4812f5602efe59fe44d63ee45dd0144cd2f,NONE; preserve original path if referenced by frozen manifest
data/images/week1_v3/610065844951.webp,KEEP_REPRODUCIBILITY,数据/图片/事实单元是复现附件；不提交Git、不移动冻结split,DATA,24636,False,0,,83f4b61603bd0f608939e4937da4807889a1563e9a395d2f7db6dd8ba63e1b1c,NONE; preserve original path if referenced by frozen manifest
data/images/week1_v3/610066713169.webp,KEEP_REPRODUCIBILITY,数据/图片/事实单元是复现附件；不提交Git、不移动冻结split,DATA,138664,False,0,,515e47c59adc3421bb6ca5c411463d6a29df87ead340c028a413cd56313bcc4a,NONE; preserve original path if referenced by frozen manifest
data/images/week1_v3/610074667978.webp,KEEP_REPRODUCIBILITY,数据/图片/事实单元是复现附件；不提交Git、不移动冻结split,DATA,100254,False,0,,81227ab97371bc0c8541a71393cd7a01f002cc0985ec8ff06cbc47915b99bde2,NONE; preserve original path if referenced by frozen manifest
data/images/week1_v3/610107018549.webp,KEEP_REPRODUCIBILITY,数据/图片/事实单元是复现附件；不提交Git、不移动冻结split,DATA,68104,False,0,,8406de4656b2b6fd6cc771aba489cb0851b7c055806150a7f2472572052a06d0,NONE; preserve original path if referenced by frozen manifest
data/images/week1_v3/610112478931.webp,KEEP_REPRODUCIBILITY,数据/图片/事实单元是复现附件；不提交Git、不移动冻结split,DATA,72610,False,0,,eb2dfa81c9256d74357c1f60ba00eca13e140c91784fe94248751280fba16e68,NONE; preserve original path if referenced by frozen manifest
data/images/week1_v3/610115561253.png,KEEP_REPRODUCIBILITY,数据/图片/事实单元是复现附件；不提交Git、不移动冻结split,DATA,514519,False,0,,5a671a695164c2e695bea284063b593958233709f908ca08856d46a44d6df663,NONE; preserve original path if referenced by frozen manifest
data/images/week1_v3/610141386753.webp,KEEP_REPRODUCIBILITY,数据/图片/事实单元是复现附件；不提交Git、不移动冻结split,DATA,109690,False,0,,eb72094e989db6da529018037d47f4c4aae8a950354a704f1274d94b096faf6e,NONE; preserve original path if referenced by frozen manifest
data/images/week1_v3/610196574766.webp,KEEP_REPRODUCIBILITY,数据/图片/事实单元是复现附件；不提交Git、不移动冻结split,DATA,63714,False,0,,b6f267eefab24b10db04d664a9ec94887dce98e23061cca84a023015726daa78,NONE; preserve original path if referenced by frozen manifest
data/images/week1_v3/610207109048.webp,KEEP_REPRODUCIBILITY,数据/图片/事实单元是复现附件；不提交Git、不移动冻结split,DATA,29716,False,0,,4067bfd891448144bd0fcb14d407f3914061eac9130d8dd477c7d440ccb6aeb2,NONE; preserve original path if referenced by frozen manifest
data/images/week1_v3/610255708567.webp,KEEP_REPRODUCIBILITY,数据/图片/事实单元是复现附件；不提交Git、不移动冻结split,DATA,57528,False,0,,1e6a3badaaa4b925187fdeb1d30a88683f8c6a5e54d14e5b60805b0edee9c729,NONE; preserve original path if referenced by frozen manifest
data/images/week1_v3/610270058585.webp,KEEP_REPRODUCIBILITY,数据/图片/事实单元是复现附件；不提交Git、不移动冻结split,DATA,27036,False,0,,9fcbaf2b6cca37f1771219541bc0fd228c2857c00fb4774703c337f3e8ac4ac5,NONE; preserve original path if referenced by frozen manifest
data/images/week1_v3/610294360138.webp,KEEP_REPRODUCIBILITY,数据/图片/事实单元是复现附件；不提交Git、不移动冻结split,DATA,30290,False,0,,30f59f2c4ff6054074ebd0844fcb312e42a291290ca5da1e8247a4a730cc4edc,NONE; preserve original path if referenced by frozen manifest
data/images/week1_v3/610326414841.webp,KEEP_REPRODUCIBILITY,数据/图片/事实单元是复现附件；不提交Git、不移动冻结split,DATA,21104,False,0,,9adfc91410b6b0c927614a4c3fc0a19ef19459ce6aebbaa25faedfeaf0829559,NONE; preserve original path if referenced by frozen manifest
data/images/week1_v3/610328167183.webp,KEEP_REPRODUCIBILITY,数据/图片/事实单元是复现附件；不提交Git、不移动冻结split,DATA,44798,False,0,,16bcfbb00126a2c7699917b41df5be3cf6a18cd66ef3fb1af0722c51fc1e5702,NONE; preserve original path if referenced by frozen manifest
data/images/week1_v3/610349417279.webp,KEEP_REPRODUCIBILITY,数据/图片/事实单元是复现附件；不提交Git、不移动冻结split,DATA,98814,False,0,,88396654266ab25fa1ec3e3f4ba83ab969c3bd52253e992b2923f7fc99aa2b6f,NONE; preserve original path if referenced by frozen manifest
data/images/week1_v3/610392298842.jpg,KEEP_REPRODUCIBILITY,数据/图片/事实单元是复现附件；不提交Git、不移动冻结split,DATA,228141,False,0,,bfb3c23e2076c012612931d38b31fd1d5df064b7cd065575bd5f572b3c63a72f,NONE; preserve original path if referenced by frozen manifest
data/images/week1_v3/610400585496.webp,KEEP_REPRODUCIBILITY,数据/图片/事实单元是复现附件；不提交Git、不移动冻结split,DATA,152298,False,0,,3a8688b3e2bf7e988ebc918fa6be334dbd5eb8bf780de503ace2dc5473a516a4,NONE; preserve original path if referenced by frozen manifest
data/images/week1_v3/610408134586.webp,KEEP_REPRODUCIBILITY,数据/图片/事实单元是复现附件；不提交Git、不移动冻结split,DATA,87966,False,0,,ec84d1b85392951f28565dad8aeafa2ac45eb726758cf4c14fa8b363ab1bd8f2,NONE; preserve original path if referenced by frozen manifest
data/images/week1_v3/610412497981.webp,KEEP_REPRODUCIBILITY,数据/图片/事实单元是复现附件；不提交Git、不移动冻结split,DATA,134292,False,0,,556c2596b1c69d688da7e881b904de717cee1c2ddf756cf43c8c13409d606108,NONE; preserve original path if referenced by frozen manifest
data/images/week1_v3/610425463363.webp,KEEP_REPRODUCIBILITY,数据/图片/事实单元是复现附件；不提交Git、不移动冻结split,DATA,59960,False,0,,c2c14dcebf949b24979083fb6fd1bd33a7e8b1c5d71d65c27bc70d462ab6dc21,NONE; preserve original path if referenced by frozen manifest
data/images/week1_v3/610443176579.webp,KEEP_REPRODUCIBILITY,数据/图片/事实单元是复现附件；不提交Git、不移动冻结split,DATA,37010,False,0,,45e429211d2ad7f10e5fd43999507e35276636e9caee2f1b4f4093d5fb5984e2,NONE; preserve original path if referenced by frozen manifest
data/images/week1_v3/610445355179.webp,KEEP_REPRODUCIBILITY,数据/图片/事实单元是复现附件；不提交Git、不移动冻结split,DATA,81218,False,0,,5d93863d64142eae2c98eb2edccd885d12b2d286a6aafc43602cbc0579a2dc03,NONE; preserve original path if referenced by frozen manifest
data/images/week1_v3/610468398862.png,KEEP_REPRODUCIBILITY,数据/图片/事实单元是复现附件；不提交Git、不移动冻结split,DATA,479310,False,0,,2e87541b8b098cd17883dd760b786dc06811580f0d29ef1f071a58d59a091f93,NONE; preserve original path if referenced by frozen manifest
data/images/week1_v3/610474960355.webp,KEEP_REPRODUCIBILITY,数据/图片/事实单元是复现附件；不提交Git、不移动冻结split,DATA,140872,False,0,,b7596957cbe946f6b7cf90d545f4b9f6bd26e91bf7881ed553f112eb889fdd23,NONE; preserve original path if referenced by frozen manifest
data/images/week1_v3/610524289444.webp,KEEP_REPRODUCIBILITY,数据/图片/事实单元是复现附件；不提交Git、不移动冻结split,DATA,1303400,False,0,,3bfe79858af73381654643459c15f5e7497127c1d4ccd8c91bea87d33aabe463,NONE; preserve original path if referenced by frozen manifest
data/images/week1_v3/610559289710.webp,KEEP_REPRODUCIBILITY,数据/图片/事实单元是复现附件；不提交Git、不移动冻结split,DATA,56100,False,0,,b0c68193586b1eb4767f39c5afec1a42b3acc288c83208a1a1eac3ba0b19c838,NONE; preserve original path if referenced by frozen manifest
data/images/week1_v3/610599079882.webp,KEEP_REPRODUCIBILITY,数据/图片/事实单元是复现附件；不提交Git、不移动冻结split,DATA,99338,False,0,,07ac0eb4f685148213e03d17753854c3c32edbacb7ae70d730fec5c06a9a6270,NONE; preserve original path if referenced by frozen manifest
data/images/week1_v3/610601747118.webp,KEEP_REPRODUCIBILITY,数据/图片/事实单元是复现附件；不提交Git、不移动冻结split,DATA,103142,False,0,,84b735e6e5823f45dc5bf940210e357756039da7747b6f9c0c6875796da3ff1d,NONE; preserve original path if referenced by frozen manifest
data/images/week1_v3/610605050479.webp,KEEP_REPRODUCIBILITY,数据/图片/事实单元是复现附件；不提交Git、不移动冻结split,DATA,56398,False,0,,4734682dfd4bd1c360a3fa741a15d87e3e536d7f8e8195b557765b3fe6a6cb9b,NONE; preserve original path if referenced by frozen manifest
data/images/week1_v3/610626152455.webp,KEEP_REPRODUCIBILITY,数据/图片/事实单元是复现附件；不提交Git、不移动冻结split,DATA,48624,False,0,,c120e2fe6249c53230a515d2a9ab4e97e51d8934dd82042779ab3fa7b155af61,NONE; preserve original path if referenced by frozen manifest
data/images/week1_v3/610641608275.png,KEEP_REPRODUCIBILITY,数据/图片/事实单元是复现附件；不提交Git、不移动冻结split,DATA,951103,False,0,,afc386698ae970a3e9e2214a47c7cf7971e2c417eecec4846c8c69e129d73be9,NONE; preserve original path if referenced by frozen manifest
data/images/week1_v3/610642526312.webp,KEEP_REPRODUCIBILITY,数据/图片/事实单元是复现附件；不提交Git、不移动冻结split,DATA,73322,False,0,,9c1ae07275e6b2e742d961e2b10904d2ae6edda6ff827cc21a5aea34e1c599af,NONE; preserve original path if referenced by frozen manifest
data/images/week1_v3/610659230839.webp,KEEP_REPRODUCIBILITY,数据/图片/事实单元是复现附件；不提交Git、不移动冻结split,DATA,109598,False,0,,402a5287db59d9cdfd8ef431089d95c1ae1e05afa0c195a19f833bc8fa56e4fa,NONE; preserve original path if referenced by frozen manifest
data/images/week1_v3/610668842134.webp,KEEP_REPRODUCIBILITY,数据/图片/事实单元是复现附件；不提交Git、不移动冻结split,DATA,1101822,False,0,,3d42d07abaf1d011fbefc19318347213575481762f9a7d6c14a3b8954a88da2a,NONE; preserve original path if referenced by frozen manifest
data/images/week1_v3/610672244355.webp,KEEP_REPRODUCIBILITY,数据/图片/事实单元是复现附件；不提交Git、不移动冻结split,DATA,63406,False,0,,c5c8dd79fe15e4dd69f7e257d4e9bd5aec159607ae656b97a4aa0c79f7f052c2,NONE; preserve original path if referenced by frozen manifest
data/images/week1_v3/610701398625.webp,KEEP_REPRODUCIBILITY,数据/图片/事实单元是复现附件；不提交Git、不移动冻结split,DATA,78638,False,0,,6a2d8478ebe0259bd5fd39da6a81ddb92f751e3a209e29a5000670fb8dd8f3ae,NONE; preserve original path if referenced by frozen manifest
data/images/week1_v3/610723213052.webp,KEEP_REPRODUCIBILITY,数据/图片/事实单元是复现附件；不提交Git、不移动冻结split,DATA,105718,False,0,,89f4bc8b64c77d0760c53167564872f70a9a58c5b7d3abfdc18005d19aeb8228,NONE; preserve original path if referenced by frozen manifest
data/images/week1_v3/610727155009.webp,KEEP_REPRODUCIBILITY,数据/图片/事实单元是复现附件；不提交Git、不移动冻结split,DATA,40496,False,0,,b4c2c813aa28c316bcf9d53d26fb485be623011b72338c2773e76c43bd22aa0e,NONE; preserve original path if referenced by frozen manifest
data/images/week1_v3/610749353135.webp,KEEP_REPRODUCIBILITY,数据/图片/事实单元是复现附件；不提交Git、不移动冻结split,DATA,30630,False,0,,8b22f9c91848fa34adfec2dfc4ce4438cf64a2b2e33f6ccc8f67225c3c6d9eca,NONE; preserve original path if referenced by frozen manifest
data/images/week1_v3/610805722427.webp,KEEP_REPRODUCIBILITY,数据/图片/事实单元是复现附件；不提交Git、不移动冻结split,DATA,46434,False,0,,56890ef48b0d683e5e461e04eee17ed69f5cc616dff26f78efbac0ad2fb9de1c,NONE; preserve original path if referenced by frozen manifest
data/images/week1_v3/610808094508.webp,KEEP_REPRODUCIBILITY,数据/图片/事实单元是复现附件；不提交Git、不移动冻结split,DATA,71218,False,0,,7d8e36a37a1b6ab9dd5662a37c89fcd946ba02ab6a35e4a3245f1ce65d1b4f31,NONE; preserve original path if referenced by frozen manifest
data/images/week1_v3/610810381846.webp,KEEP_REPRODUCIBILITY,数据/图片/事实单元是复现附件；不提交Git、不移动冻结split,DATA,80774,False,0,,8ac0523aaf606170f91c6c923ba7df794f1ea632832719b5343198f4283fefa9,NONE; preserve original path if referenced by frozen manifest
data/images/week1_v3/610829700774.webp,KEEP_REPRODUCIBILITY,数据/图片/事实单元是复现附件；不提交Git、不移动冻结split,DATA,41766,False,0,,7c2aee6f92a1f82c7fb3c41abdf1bc104e54d12dd1ad7a6f7cff9c553505f9a7,NONE; preserve original path if referenced by frozen manifest
data/images/week1_v3/610888219389.webp,KEEP_REPRODUCIBILITY,数据/图片/事实单元是复现附件；不提交Git、不移动冻结split,DATA,166226,False,0,,e9797e470b49dfffcbbb0bef77e99333e42358c42a0e571b4e762fd8e60aa453,NONE; preserve original path if referenced by frozen manifest
data/images/week1_v3/610906328254.webp,KEEP_REPRODUCIBILITY,数据/图片/事实单元是复现附件；不提交Git、不移动冻结split,DATA,78206,False,0,,e9083d765968774ce54dc5feb6ebbb31f43f0f29c9fdb325921172ad54a27980,NONE; preserve original path if referenced by frozen manifest
data/images/week1_v3/610907844802.webp,KEEP_REPRODUCIBILITY,数据/图片/事实单元是复现附件；不提交Git、不移动冻结split,DATA,74030,False,0,,3cf0f0007d3c16aa4fab3f370d67214ee47ca68bed6a1b0f5c48332a633b30f2,NONE; preserve original path if referenced by frozen manifest
data/images/week1_v3/610984315602.webp,KEEP_REPRODUCIBILITY,数据/图片/事实单元是复现附件；不提交Git、不移动冻结split,DATA,175600,False,0,,597a6f55f086c451c13f514da701c36cd52e8afd619324ed271ce2a08b11e468,NONE; preserve original path if referenced by frozen manifest
data/images/week1_v3/610996271784.webp,KEEP_REPRODUCIBILITY,数据/图片/事实单元是复现附件；不提交Git、不移动冻结split,DATA,156776,False,0,,1ff833712b68db49d656d30f5b364b979fca5523e7dd0431e392ef24a2ba2b9e,NONE; preserve original path if referenced by frozen manifest
data/images/week1_v3/611011870033.webp,KEEP_REPRODUCIBILITY,数据/图片/事实单元是复现附件；不提交Git、不移动冻结split,DATA,107608,False,0,,e19a5db7ce12b6f54ae0b67b7c3bc669adbe81b0c2a0afdf860bedbeac124ebf,NONE; preserve original path if referenced by frozen manifest
data/images/week1_v3/611019353720.webp,KEEP_REPRODUCIBILITY,数据/图片/事实单元是复现附件；不提交Git、不移动冻结split,DATA,78466,False,0,,1f85a8c9d9784782fd91ff9f9e80cf82857a5a87d4c8db5c810c88ee76c0692a,NONE; preserve original path if referenced by frozen manifest
data/images/week1_v3/611024203808.webp,KEEP_REPRODUCIBILITY,数据/图片/事实单元是复现附件；不提交Git、不移动冻结split,DATA,30696,False,0,,02d8bccbfdb4fb9d7f5b3490a8b6a0a7397cad0f4eb571d07375a4757613723f,NONE; preserve original path if referenced by frozen manifest
data/images/week1_v3/611039023958.webp,KEEP_REPRODUCIBILITY,数据/图片/事实单元是复现附件；不提交Git、不移动冻结split,DATA,24214,False,0,,8482ef113c66b1c781906d2aeb8d3365bae6f323eca60abf0cb6c4c91283ebea,NONE; preserve original path if referenced by frozen manifest
data/images/week1_v3/611092751831.webp,KEEP_REPRODUCIBILITY,数据/图片/事实单元是复现附件；不提交Git、不移动冻结split,DATA,113334,False,0,,254b3c1c5a48ce02b67b538a2f31bc270938d26fb3e42b168b050e80a173c6b4,NONE; preserve original path if referenced by frozen manifest
data/images/week1_v3/611122332617.webp,KEEP_REPRODUCIBILITY,数据/图片/事实单元是复现附件；不提交Git、不移动冻结split,DATA,65466,False,0,,a833183897c4c2ced71f4d17643313c1f902d8c025783e0025fd6dfe99eb5e6b,NONE; preserve original path if referenced by frozen manifest
data/images/week1_v3/611139712496.webp,KEEP_REPRODUCIBILITY,数据/图片/事实单元是复现附件；不提交Git、不移动冻结split,DATA,43280,False,0,,2203f871a6502e68e95a21f8eb2430553eef831822a8ee3fc13fa3ec4f670aa7,NONE; preserve original path if referenced by frozen manifest
data/images/week1_v3/611162545236.webp,KEEP_REPRODUCIBILITY,数据/图片/事实单元是复现附件；不提交Git、不移动冻结split,DATA,47932,False,0,,5aec03b4d966ff71b7abba4fc1412d09792cb16c5ac91cf780946ac08b94f137,NONE; preserve original path if referenced by frozen manifest
data/images/week1_v3/611175418895.webp,KEEP_REPRODUCIBILITY,数据/图片/事实单元是复现附件；不提交Git、不移动冻结split,DATA,86388,False,0,,44e859a6ce538a9f00546067b9acb0a142d7e428ab4e76f2268fd5c857e2645a,NONE; preserve original path if referenced by frozen manifest
data/images/week1_v3/611260693662.webp,KEEP_REPRODUCIBILITY,数据/图片/事实单元是复现附件；不提交Git、不移动冻结split,DATA,75626,False,0,,7f5b2e922f61caf89e76c3b2614fd4745e5e5381b9324eb9245d14b7757f822d,NONE; preserve original path if referenced by frozen manifest
data/images/week1_v3/611367149544.webp,KEEP_REPRODUCIBILITY,数据/图片/事实单元是复现附件；不提交Git、不移动冻结split,DATA,51602,False,0,,46da99c81f2465eec7d35a40ed92ed6229918d9eb8b0d5897d6537b322213f7e,NONE; preserve original path if referenced by frozen manifest
data/images/week1_v3/611371673243.webp,KEEP_REPRODUCIBILITY,数据/图片/事实单元是复现附件；不提交Git、不移动冻结split,DATA,80754,False,0,,de784800095d6970aa7ba71e9457ddf562277b60a4c7dfd201d203d85a89c0f3,NONE; preserve original path if referenced by frozen manifest
data/images/week1_v3/611393970824.webp,KEEP_REPRODUCIBILITY,数据/图片/事实单元是复现附件；不提交Git、不移动冻结split,DATA,148150,False,0,,5043bee29321cc55061c982aee2aeeab7f51051cff17e07e6b1eb4eb81d53f66,NONE; preserve original path if referenced by frozen manifest
data/images/week1_v3/611404151394.jpg,KEEP_REPRODUCIBILITY,数据/图片/事实单元是复现附件；不提交Git、不移动冻结split,DATA,189773,False,0,,7e27846f38d33f865680eaf308235ffd5f38bc8da44ac789059553eba4fb398f,NONE; preserve original path if referenced by frozen manifest
data/images/week1_v3/611417422250.webp,KEEP_REPRODUCIBILITY,数据/图片/事实单元是复现附件；不提交Git、不移动冻结split,DATA,118912,False,0,,7d4fd5efcd2f6bff15dbc4df227b1ec625f0c4455bcda85632dde4718a8c9bf7,NONE; preserve original path if referenced by frozen manifest
data/images/week1_v3/611459456341.webp,KEEP_REPRODUCIBILITY,数据/图片/事实单元是复现附件；不提交Git、不移动冻结split,DATA,40998,False,0,,d0a6c5c97d96d1d9e3b53d10c929ed2a5ad8408644f2e2a6d5293bcbfce987ad,NONE; preserve original path if referenced by frozen manifest
data/images/week1_v3/611578398069.webp,KEEP_REPRODUCIBILITY,数据/图片/事实单元是复现附件；不提交Git、不移动冻结split,DATA,82486,False,0,,51313c24c87412807c76776aec0131bdb99c14176cc0c30863310f47f8e6ce2b,NONE; preserve original path if referenced by frozen manifest
data/images/week1_v3/611657702989.webp,KEEP_REPRODUCIBILITY,数据/图片/事实单元是复现附件；不提交Git、不移动冻结split,DATA,70604,False,0,,2b27c7244bd1425aa298cd7dba4737d080d53f5eaabe31f573399914dcc67e30,NONE; preserve original path if referenced by frozen manifest
data/images/week1_v3/611717619144.webp,KEEP_REPRODUCIBILITY,数据/图片/事实单元是复现附件；不提交Git、不移动冻结split,DATA,19604,False,0,,603754ed5b19f812150d54fab3f37a52f77a0bed16f0d0191418fa99d2e65ba5,NONE; preserve original path if referenced by frozen manifest
data/images/week1_v3/611726909441.webp,KEEP_REPRODUCIBILITY,数据/图片/事实单元是复现附件；不提交Git、不移动冻结split,DATA,80466,False,0,,bde192e01659f1c84545d70035e2b6b9c1e63da848c77d0f257421b41f2064a9,NONE; preserve original path if referenced by frozen manifest
data/images/week1_v3/611742803543.webp,KEEP_REPRODUCIBILITY,数据/图片/事实单元是复现附件；不提交Git、不移动冻结split,DATA,85238,False,0,,58017baebe1ae0efdb963a36e1773b133f9d3fc6df8ff103d15d2cc70c6be608,NONE; preserve original path if referenced by frozen manifest
data/images/week1_v3/611767929403.jpg,KEEP_REPRODUCIBILITY,数据/图片/事实单元是复现附件；不提交Git、不移动冻结split,DATA,60765,False,0,,2175b123dcd4fbc4fbf19c8b569f84d18b6b370f308116141335006c8d0e6b40,NONE; preserve original path if referenced by frozen manifest
data/images/week1_v3/611781729669.webp,KEEP_REPRODUCIBILITY,数据/图片/事实单元是复现附件；不提交Git、不移动冻结split,DATA,56234,False,0,,60187f1ba199fc46df3c39afd0a7843c09a487912f045078feb86480048c88b7,NONE; preserve original path if referenced by frozen manifest
data/images/week1_v3/611783340113.webp,KEEP_REPRODUCIBILITY,数据/图片/事实单元是复现附件；不提交Git、不移动冻结split,DATA,23350,False,0,,0efc8d434728e06a26f8e0a4be056ef5080cfae817f2a3c1bd448490f18b2762,NONE; preserve original path if referenced by frozen manifest
data/images/week1_v3/611796785168.webp,KEEP_REPRODUCIBILITY,数据/图片/事实单元是复现附件；不提交Git、不移动冻结split,DATA,38632,False,0,,1411e80b97cd311ef3bde11c40ee1aefbab9c954b57a8c9cb859a4a13601e387,NONE; preserve original path if referenced by frozen manifest
data/images/week1_v3/611905662540.webp,KEEP_REPRODUCIBILITY,数据/图片/事实单元是复现附件；不提交Git、不移动冻结split,DATA,151598,False,0,,7c8594ef111ef55c93d2a8840749d71de66ea8e1e4b57eb66ff68875160433e0,NONE; preserve original path if referenced by frozen manifest
data/images/week1_v3/611948277913.webp,KEEP_REPRODUCIBILITY,数据/图片/事实单元是复现附件；不提交Git、不移动冻结split,DATA,38348,False,0,,dd30e44aae93fc852e79e9124a14f6ceffc691e8fd79f94e34fc3ad7746c8889,NONE; preserve original path if referenced by frozen manifest
data/images/week1_v3/611976205636.webp,KEEP_REPRODUCIBILITY,数据/图片/事实单元是复现附件；不提交Git、不移动冻结split,DATA,25320,False,0,,34f6d487a7691004614e95f37111671cae78a94bdd5a8b3cfe3c5fdfd909fee9,NONE; preserve original path if referenced by frozen manifest
data/images/week1_v3/611976982844.webp,KEEP_REPRODUCIBILITY,数据/图片/事实单元是复现附件；不提交Git、不移动冻结split,DATA,95228,False,0,,dde0f7a0d12ec9d23d82d349f7b6b3894ecf9db69bbaf6cd91bceac410b1747d,NONE; preserve original path if referenced by frozen manifest
data/images/week1_v3/611993161191.webp,KEEP_REPRODUCIBILITY,数据/图片/事实单元是复现附件；不提交Git、不移动冻结split,DATA,72386,False,0,,da12dd2eba6a6827d1c343c9c80ccb413ba87b75643567aa245f27a7f83ab115,NONE; preserve original path if referenced by frozen manifest
data/images/week1_v3/612003365302.webp,KEEP_REPRODUCIBILITY,数据/图片/事实单元是复现附件；不提交Git、不移动冻结split,DATA,47914,False,0,,67f16c711fd2426f66ed39753091e35aea481d6f0cf6cc688a820724034d0b24,NONE; preserve original path if referenced by frozen manifest
data/images/week1_v3/612010381254.webp,KEEP_REPRODUCIBILITY,数据/图片/事实单元是复现附件；不提交Git、不移动冻结split,DATA,15056,False,0,,a1286747f0ab46bca402f2ee1b0176fd184475c4bb9e695f03dd86d711220f09,NONE; preserve original path if referenced by frozen manifest
data/images/week1_v3/612017454118.webp,KEEP_REPRODUCIBILITY,数据/图片/事实单元是复现附件；不提交Git、不移动冻结split,DATA,99452,False,0,,6db3987cb5071cd6a09d89e86c7e902b3189e19b55efd040d8cfaf2086fe61c1,NONE; preserve original path if referenced by frozen manifest
data/images/week1_v3/612063131812.jpg,KEEP_REPRODUCIBILITY,数据/图片/事实单元是复现附件；不提交Git、不移动冻结split,DATA,53105,False,0,,d8054fb4b620e708898c028a5a5c7202b7dc620c75474638de052279d578929d,NONE; preserve original path if referenced by frozen manifest
data/images/week1_v3/612072662928.webp,KEEP_REPRODUCIBILITY,数据/图片/事实单元是复现附件；不提交Git、不移动冻结split,DATA,63300,False,0,,e28de0fb3147a1d548fbd8b88a536ccf74695b1870de9cdbf4863a18e050c05d,NONE; preserve original path if referenced by frozen manifest
data/images/week1_v3/612182471234.webp,KEEP_REPRODUCIBILITY,数据/图片/事实单元是复现附件；不提交Git、不移动冻结split,DATA,37216,False,0,,eeebc35d25947fc715059ca06149f848593b87de19bc9ccd6a102e371937f3f0,NONE; preserve original path if referenced by frozen manifest
data/images/week1_v3/612255693259.png,KEEP_REPRODUCIBILITY,数据/图片/事实单元是复现附件；不提交Git、不移动冻结split,DATA,527813,False,0,,dfb178ac6354d8c45d5e2fb0e288b578eeb4935330d04fb520ad3b1f661a1a48,NONE; preserve original path if referenced by frozen manifest
data/images/week1_v3/612295804203.webp,KEEP_REPRODUCIBILITY,数据/图片/事实单元是复现附件；不提交Git、不移动冻结split,DATA,76486,False,0,,b2a8bfc561268607491b0f2af2eaa319458685f3cff6ec998eea548693f0ddc8,NONE; preserve original path if referenced by frozen manifest
data/images/week1_v3/612316024184.webp,KEEP_REPRODUCIBILITY,数据/图片/事实单元是复现附件；不提交Git、不移动冻结split,DATA,154930,False,0,,0f55f9edac3531069b0ecd08cb31a5e25f92296cc980248ead804b1b95274fa6,NONE; preserve original path if referenced by frozen manifest
data/images/week1_v3/612358645304.jpg,KEEP_REPRODUCIBILITY,数据/图片/事实单元是复现附件；不提交Git、不移动冻结split,DATA,128789,False,0,,1a5c214f66ec5a83d5e4799bf7e82bd3de41214763c9eb2bc10671818fc3a4c0,NONE; preserve original path if referenced by frozen manifest
data/images/week1_v3/612367435361.webp,KEEP_REPRODUCIBILITY,数据/图片/事实单元是复现附件；不提交Git、不移动冻结split,DATA,108658,False,0,,28db69b1f12c37e7209e013b6f97ea3d308bd6f28e84a336506fe8f6f2ec5a04,NONE; preserve original path if referenced by frozen manifest
data/images/week1_v3/612390432201.webp,KEEP_REPRODUCIBILITY,数据/图片/事实单元是复现附件；不提交Git、不移动冻结split,DATA,50152,False,0,,13522e8a8aa99c49a38cb69464277b303c721cbc1d7e15d53fcc65c864dee4c4,NONE; preserve original path if referenced by frozen manifest
data/images/week1_v3/612451660352.webp,KEEP_REPRODUCIBILITY,数据/图片/事实单元是复现附件；不提交Git、不移动冻结split,DATA,62640,False,0,,40b18ba18c802bbbaaee12b071218e7f934b8d07482f83aa21eeaa118bd2b7d3,NONE; preserve original path if referenced by frozen manifest
data/images/week1_v3/612462143240.webp,KEEP_REPRODUCIBILITY,数据/图片/事实单元是复现附件；不提交Git、不移动冻结split,DATA,15194,False,0,,8a74939718fa374e70d862ba1cc83493414e5a16785ef35c3259510d1a1adbbd,NONE; preserve original path if referenced by frozen manifest
data/images/week1_v3/612468012892.webp,KEEP_REPRODUCIBILITY,数据/图片/事实单元是复现附件；不提交Git、不移动冻结split,DATA,42992,False,0,,3278d7478bdf823328c3bd5d6766794cfa6d2021568e4ebb11dcd65035058fcb,NONE; preserve original path if referenced by frozen manifest
data/images/week1_v3/612475865376.webp,KEEP_REPRODUCIBILITY,数据/图片/事实单元是复现附件；不提交Git、不移动冻结split,DATA,47376,False,0,,0e1f07bcd877084b0693810cd1251bb1fd6806d0e918ac73b0a1ea03e75cee3a,NONE; preserve original path if referenced by frozen manifest
data/images/week1_v3/612486228257.webp,KEEP_REPRODUCIBILITY,数据/图片/事实单元是复现附件；不提交Git、不移动冻结split,DATA,20902,False,0,,cc96e6ffbe6f394218a2e1de9dd7135221d8b5fd5dbae8a55e66e46a951192e8,NONE; preserve original path if referenced by frozen manifest
data/images/week1_v3/612512237292.webp,KEEP_REPRODUCIBILITY,数据/图片/事实单元是复现附件；不提交Git、不移动冻结split,DATA,61724,False,0,,b4e7a02d8255f2815b4ce8594ae26b58b14783b73c2fa5d9639d8c0286650926,NONE; preserve original path if referenced by frozen manifest
data/images/week1_v3/612519093218.webp,KEEP_REPRODUCIBILITY,数据/图片/事实单元是复现附件；不提交Git、不移动冻结split,DATA,78876,False,0,,ad062ebe9a07f50dfa119c4457e328a2a1d871110d7a53015ef606eb74024701,NONE; preserve original path if referenced by frozen manifest
data/images/week1_v3/612520482070.webp,KEEP_REPRODUCIBILITY,数据/图片/事实单元是复现附件；不提交Git、不移动冻结split,DATA,121134,False,0,,7f4908b2643c3cbd66d42a6acc29a723c7f93d9c52072a5a25cf6d9612824253,NONE; preserve original path if referenced by frozen manifest
data/images/week1_v3/612534515235.png,KEEP_REPRODUCIBILITY,数据/图片/事实单元是复现附件；不提交Git、不移动冻结split,DATA,381944,False,0,,aedaa88d949702c83f10fb0b1aecfe5fb000767871b901ab1b3ed8f8aab13e58,NONE; preserve original path if referenced by frozen manifest
data/images/week1_v3/612638540610.webp,KEEP_REPRODUCIBILITY,数据/图片/事实单元是复现附件；不提交Git、不移动冻结split,DATA,89528,False,0,,e4aa107c091e14e949d0bf1879ed8f0866af77a49e0ae3eea00165bab43fc038,NONE; preserve original path if referenced by frozen manifest
data/images/week1_v3/612641469360.webp,KEEP_REPRODUCIBILITY,数据/图片/事实单元是复现附件；不提交Git、不移动冻结split,DATA,40556,False,0,,6a1688bd483a8d27b5cca1c645fdd4a402032d2508837f3670164863adb0b6a2,NONE; preserve original path if referenced by frozen manifest
data/images/week1_v3/612725012484.webp,KEEP_REPRODUCIBILITY,数据/图片/事实单元是复现附件；不提交Git、不移动冻结split,DATA,103702,False,0,,ac46aa087e6602a10ba3c565abb027e9a6601964dd818ecfec378e6a0ef039b1,NONE; preserve original path if referenced by frozen manifest
data/images/week1_v3/612734486311.webp,KEEP_REPRODUCIBILITY,数据/图片/事实单元是复现附件；不提交Git、不移动冻结split,DATA,39428,False,0,,81d57471ed650c8a63f3f63406675fd8f3d2b57fb667533e299ef4196315fb8b,NONE; preserve original path if referenced by frozen manifest
data/images/week1_v3/612779851189.webp,KEEP_REPRODUCIBILITY,数据/图片/事实单元是复现附件；不提交Git、不移动冻结split,DATA,106842,False,0,,bce72360b7c8e694af856ec1b941d29b8adbbcf85c5dec21627ba7d79840f118,NONE; preserve original path if referenced by frozen manifest
data/images/week1_v3/612863097250.webp,KEEP_REPRODUCIBILITY,数据/图片/事实单元是复现附件；不提交Git、不移动冻结split,DATA,60248,False,0,,36e311e66af42140655fa7cf37e0a9adcec7a410b5f728c672a769ba3c7b76b3,NONE; preserve original path if referenced by frozen manifest
data/images/week1_v3/612884756077.png,KEEP_REPRODUCIBILITY,数据/图片/事实单元是复现附件；不提交Git、不移动冻结split,DATA,264923,False,0,,9d914ddf156c30efcf6d7cd6354d439ac4709bd003bb7cdf3bf4b94c15dc0587,NONE; preserve original path if referenced by frozen manifest
data/images/week1_v3/612935058030.webp,KEEP_REPRODUCIBILITY,数据/图片/事实单元是复现附件；不提交Git、不移动冻结split,DATA,174512,False,0,,bd3804d4d98c80bdf913375345b8fbf4131b22d0ae7a92230b456df90f200f7b,NONE; preserve original path if referenced by frozen manifest
data/images/week1_v3/612956999692.webp,KEEP_REPRODUCIBILITY,数据/图片/事实单元是复现附件；不提交Git、不移动冻结split,DATA,85268,False,0,,f26f9cbbe0f8f9cc8b3fce2c7d17fcc7642b1a483a6d80daa53742e486d945a0,NONE; preserve original path if referenced by frozen manifest
data/images/week1_v3/612962522604.webp,KEEP_REPRODUCIBILITY,数据/图片/事实单元是复现附件；不提交Git、不移动冻结split,DATA,98108,False,0,,5cc4d0d459f8b27d0331b4d50b5fa45a6c3e8024fc9735e75e7347be011a265c,NONE; preserve original path if referenced by frozen manifest
data/images/week1_v3/612971694075.webp,KEEP_REPRODUCIBILITY,数据/图片/事实单元是复现附件；不提交Git、不移动冻结split,DATA,64942,False,0,,42cc4fe76723babfd09262939f9fb0d4a241d28154db765c3ca48d055684c0aa,NONE; preserve original path if referenced by frozen manifest
data/images/week1_v3/613021590713.webp,KEEP_REPRODUCIBILITY,数据/图片/事实单元是复现附件；不提交Git、不移动冻结split,DATA,44052,False,0,,4f8ed0a2fe01a1e50fb601b7837ac1c1766044be44bdd2bd60b332a5160d80b1,NONE; preserve original path if referenced by frozen manifest
data/images/week1_v3/613024818109.webp,KEEP_REPRODUCIBILITY,数据/图片/事实单元是复现附件；不提交Git、不移动冻结split,DATA,75144,False,0,,6dce1326666f8715323f43caab45401119f8908db530a8f1a5e6194129dd6e92,NONE; preserve original path if referenced by frozen manifest
data/images/week1_v3/613037886798.webp,KEEP_REPRODUCIBILITY,数据/图片/事实单元是复现附件；不提交Git、不移动冻结split,DATA,78082,False,0,,f570af3519075e3b73e9cedc4511495a48d328dd4863c6fc7209d63ba954c4f8,NONE; preserve original path if referenced by frozen manifest
data/images/week1_v3/613061533854.webp,KEEP_REPRODUCIBILITY,数据/图片/事实单元是复现附件；不提交Git、不移动冻结split,DATA,17334,False,0,,0d2a7236ffdd2abe6b12ab99e5aa63729271aa56a1147802b09322855e5fd717,NONE; preserve original path if referenced by frozen manifest
data/images/week1_v3/613061893083.webp,KEEP_REPRODUCIBILITY,数据/图片/事实单元是复现附件；不提交Git、不移动冻结split,DATA,118886,False,0,,951b1211607719af76c386f29bb58d9a709d9a340b4e66ab5f5272491274f4a9,NONE; preserve original path if referenced by frozen manifest
data/images/week1_v3/613082041970.webp,KEEP_REPRODUCIBILITY,数据/图片/事实单元是复现附件；不提交Git、不移动冻结split,DATA,67510,False,0,,e328a3613cb9ec7546cb4c072609163da3ab952894df2dd1980f6cc4e7246923,NONE; preserve original path if referenced by frozen manifest
data/images/week1_v3/613119396017.webp,KEEP_REPRODUCIBILITY,数据/图片/事实单元是复现附件；不提交Git、不移动冻结split,DATA,101774,False,0,,dc536192e24b02cde354706a6d6ca3c983e11497ad810736fa3484e326b53c53,NONE; preserve original path if referenced by frozen manifest
data/images/week1_v3/613132609792.webp,KEEP_REPRODUCIBILITY,数据/图片/事实单元是复现附件；不提交Git、不移动冻结split,DATA,75870,False,0,,d1ea042ddd892aff0f598a55095aad13b5364ddb66fc86b914a9b660185990c4,NONE; preserve original path if referenced by frozen manifest
data/images/week1_v3/613190047671.webp,KEEP_REPRODUCIBILITY,数据/图片/事实单元是复现附件；不提交Git、不移动冻结split,DATA,41428,False,0,,c28cba5cdb64b06f0ba97562e054637273cba198ffbb84d77a3e1db008ce6d24,NONE; preserve original path if referenced by frozen manifest
data/images/week1_v3/613192248918.webp,KEEP_REPRODUCIBILITY,数据/图片/事实单元是复现附件；不提交Git、不移动冻结split,DATA,69352,False,0,,46476113fca8a8aad807ec8bfd5b3bfb43bced1a91d45ff9e4121f0aa4600cc5,NONE; preserve original path if referenced by frozen manifest
data/images/week1_v3/613207469928.webp,KEEP_REPRODUCIBILITY,数据/图片/事实单元是复现附件；不提交Git、不移动冻结split,DATA,84202,False,0,,757c4b83038d5cfc74253b84567273543465a08da4a1df2b10d127c6a4ff1f8b,NONE; preserve original path if referenced by frozen manifest
data/images/week1_v3/613207754628.webp,KEEP_REPRODUCIBILITY,数据/图片/事实单元是复现附件；不提交Git、不移动冻结split,DATA,25804,False,0,,19a4215f1c0aae585b7791ea76e31927447ae0de08a2c9369b80623f78447fdc,NONE; preserve original path if referenced by frozen manifest
data/images/week1_v3/613276089470.webp,KEEP_REPRODUCIBILITY,数据/图片/事实单元是复现附件；不提交Git、不移动冻结split,DATA,75380,False,0,,5369c175f073f62c10e501674b661d103923594e62f9928cc0b5ec8d78793583,NONE; preserve original path if referenced by frozen manifest
data/images/week1_v3/613281732510.jpg,KEEP_REPRODUCIBILITY,数据/图片/事实单元是复现附件；不提交Git、不移动冻结split,DATA,135876,False,0,,be2a65aa445436e8a461bf8fbbd460f2865a73cfd37827cd1d6dd84101e99f99,NONE; preserve original path if referenced by frozen manifest
data/images/week1_v3/613319036691.webp,KEEP_REPRODUCIBILITY,数据/图片/事实单元是复现附件；不提交Git、不移动冻结split,DATA,52852,False,0,,e01fe05d8bca3bb55b6265ceb46cfbef11ca5a1a3d67b3149fb9fd8a4fa9882a,NONE; preserve original path if referenced by frozen manifest
data/images/week1_v3/613342790955.webp,KEEP_REPRODUCIBILITY,数据/图片/事实单元是复现附件；不提交Git、不移动冻结split,DATA,80116,False,0,,af43b3e8b0767ed049d5d0ed8b9832fd15d37f886d5179fb4a01d30c30a3dbb1,NONE; preserve original path if referenced by frozen manifest
data/images/week1_v3/613394595063.webp,KEEP_REPRODUCIBILITY,数据/图片/事实单元是复现附件；不提交Git、不移动冻结split,DATA,90454,False,0,,5955b201c719cf43350ca20d8420e31affb5fffd1854775951cffebedf83fd3a,NONE; preserve original path if referenced by frozen manifest
data/images/week1_v3/613415291395.webp,KEEP_REPRODUCIBILITY,数据/图片/事实单元是复现附件；不提交Git、不移动冻结split,DATA,52538,False,0,,7c4cf026cc2d538e5ee0b3df61e351f19890ddefe443ed5074740df2a9c5fb2f,NONE; preserve original path if referenced by frozen manifest
data/images/week1_v3/613424275158.webp,KEEP_REPRODUCIBILITY,数据/图片/事实单元是复现附件；不提交Git、不移动冻结split,DATA,41754,False,0,,2c84beae66a323785084df7d5ecd40459ea4320e882889cd407d12b77fb10ea3,NONE; preserve original path if referenced by frozen manifest
data/images/week1_v3/613439244945.webp,KEEP_REPRODUCIBILITY,数据/图片/事实单元是复现附件；不提交Git、不移动冻结split,DATA,93970,False,0,,86a55cfe1abdadd848509333dad19afda2d05e4f4f0253bd9e3a9205b2f8b427,NONE; preserve original path if referenced by frozen manifest
data/images/week1_v3/613445584299.webp,KEEP_REPRODUCIBILITY,数据/图片/事实单元是复现附件；不提交Git、不移动冻结split,DATA,54860,False,0,,f7c812606c4a406c578b8cf1456625208aaf727befce77b4d21a7711b57c00ba,NONE; preserve original path if referenced by frozen manifest
data/images/week1_v3/613473253494.webp,KEEP_REPRODUCIBILITY,数据/图片/事实单元是复现附件；不提交Git、不移动冻结split,DATA,57212,False,0,,341ba85ca53cdc1427403e5836f2ba99be0f3e7c5f7f42c913dc521b95d5ee11,NONE; preserve original path if referenced by frozen manifest
data/images/week1_v3/613473436194.webp,KEEP_REPRODUCIBILITY,数据/图片/事实单元是复现附件；不提交Git、不移动冻结split,DATA,37204,False,0,,c8bb4fae03cd620d5280a7ebf77989d16a21d51d863ac92c989dc07c4316dadb,NONE; preserve original path if referenced by frozen manifest
data/images/week1_v3/613517675504.webp,KEEP_REPRODUCIBILITY,数据/图片/事实单元是复现附件；不提交Git、不移动冻结split,DATA,61486,False,0,,c15b4e9fb9b2b480e3b2e0cace901c9a214fc6b15d1da375dcc23af3fdcbd76a,NONE; preserve original path if referenced by frozen manifest
data/images/week1_v3/613524151943.webp,KEEP_REPRODUCIBILITY,数据/图片/事实单元是复现附件；不提交Git、不移动冻结split,DATA,63936,False,0,,5df82b749c039f4f84cf5864a7c8623a81837f013f10b379ffeedb3007517f4a,NONE; preserve original path if referenced by frozen manifest
data/images/week1_v3/613530514913.webp,KEEP_REPRODUCIBILITY,数据/图片/事实单元是复现附件；不提交Git、不移动冻结split,DATA,130352,False,0,,f05d579e733dc812d79e8b2b8661e1e14a3e24452f1a289b97125f0e0cccee60,NONE; preserve original path if referenced by frozen manifest
data/images/week1_v3/613530645563.webp,KEEP_REPRODUCIBILITY,数据/图片/事实单元是复现附件；不提交Git、不移动冻结split,DATA,76086,False,0,,5b65d5c34fbe3169abdd5e0d18fc7ebb8eacd879dcb9c6f9655ed3af495af1ce,NONE; preserve original path if referenced by frozen manifest
data/images/week1_v3/613538552015.webp,KEEP_REPRODUCIBILITY,数据/图片/事实单元是复现附件；不提交Git、不移动冻结split,DATA,103264,False,0,,252ea7c7c05684939924523d39a3ddb4f3ad21105dbdbc25a90a2f770e472c45,NONE; preserve original path if referenced by frozen manifest
data/images/week1_v3/613546890696.webp,KEEP_REPRODUCIBILITY,数据/图片/事实单元是复现附件；不提交Git、不移动冻结split,DATA,47892,False,0,,8bb29538c9d816edc2951d5539d56e07e4ec71cad1bdd3d67280c79fa412e504,NONE; preserve original path if referenced by frozen manifest
data/images/week1_v3/613563235110.webp,KEEP_REPRODUCIBILITY,数据/图片/事实单元是复现附件；不提交Git、不移动冻结split,DATA,79048,False,0,,ff527bc1c8e12e9c72b29bc3b13b6ab5a776fbcc2e5f88c9088330b29c9df209,NONE; preserve original path if referenced by frozen manifest
data/images/week1_v3/613582829976.webp,KEEP_REPRODUCIBILITY,数据/图片/事实单元是复现附件；不提交Git、不移动冻结split,DATA,45948,False,0,,f9bd3b4582e16c7ce8988b9eb424859340ac2718636027ccca90b4bb6a9d2bbe,NONE; preserve original path if referenced by frozen manifest
data/images/week1_v3/613585573470.webp,KEEP_REPRODUCIBILITY,数据/图片/事实单元是复现附件；不提交Git、不移动冻结split,DATA,61376,False,0,,1fa0e3e85ac55b9d128d8c6fbbb0eb7ad6b70029295f6c2f0c9c181a1cf94426,NONE; preserve original path if referenced by frozen manifest
data/images/week1_v3/613596234128.webp,KEEP_REPRODUCIBILITY,数据/图片/事实单元是复现附件；不提交Git、不移动冻结split,DATA,132720,False,0,,63c161333ebb24340b1b0f680bca7f75fd889fee52e72e8ad3a92834d4560820,NONE; preserve original path if referenced by frozen manifest
data/images/week1_v3/613604518805.webp,KEEP_REPRODUCIBILITY,数据/图片/事实单元是复现附件；不提交Git、不移动冻结split,DATA,26732,False,0,,70fb9af9f531ed2ed73b3cc84284e6fbc17338b4ae05ccbb1842a563a5b2871b,NONE; preserve original path if referenced by frozen manifest
data/images/week1_v3/613623155562.webp,KEEP_REPRODUCIBILITY,数据/图片/事实单元是复现附件；不提交Git、不移动冻结split,DATA,80122,False,0,,4f30e7b775e1b2e5f9d46a00074a6c6480051556d141c6d2b958349b4a113bae,NONE; preserve original path if referenced by frozen manifest
data/images/week1_v3/613623635150.webp,KEEP_REPRODUCIBILITY,数据/图片/事实单元是复现附件；不提交Git、不移动冻结split,DATA,106540,False,0,,ff0e0f531872ed77b94ff0e66b1b8e6e55af58de878316bee38a652efdf8129e,NONE; preserve original path if referenced by frozen manifest
data/images/week1_v3/613643802588.webp,KEEP_REPRODUCIBILITY,数据/图片/事实单元是复现附件；不提交Git、不移动冻结split,DATA,91366,False,0,,35a6937116caecc05cc7f29597b4fbca0557421553aaa3fed2b42144640ee428,NONE; preserve original path if referenced by frozen manifest
data/images/week1_v3/613652655313.webp,KEEP_REPRODUCIBILITY,数据/图片/事实单元是复现附件；不提交Git、不移动冻结split,DATA,80644,False,0,,79ef15bf1cdae078c458caff33c66e889c360aa1e83054fdfada5e5bc8ef9930,NONE; preserve original path if referenced by frozen manifest
data/images/week1_v3/613669916462.webp,KEEP_REPRODUCIBILITY,数据/图片/事实单元是复现附件；不提交Git、不移动冻结split,DATA,38880,False,0,,c8af463bafb216f5bce5ab6196c56ffab66cac41315101a92f3a474dfb015624,NONE; preserve original path if referenced by frozen manifest
data/images/week1_v3/613685070753.webp,KEEP_REPRODUCIBILITY,数据/图片/事实单元是复现附件；不提交Git、不移动冻结split,DATA,85194,False,0,,258832ac4b74da117dc58277e54f4052829f1e743f92cc62e2100577a44326e9,NONE; preserve original path if referenced by frozen manifest
data/images/week1_v3/613703233248.webp,KEEP_REPRODUCIBILITY,数据/图片/事实单元是复现附件；不提交Git、不移动冻结split,DATA,66954,False,0,,6dd79d233fa7be54e2c57a884cd7addf8ccbcd3dce85aff1e7de98c416f6f17a,NONE; preserve original path if referenced by frozen manifest
data/images/week1_v3/613721633456.webp,KEEP_REPRODUCIBILITY,数据/图片/事实单元是复现附件；不提交Git、不移动冻结split,DATA,65966,False,0,,95e894ec33decc47fd2b1a5c10f9117b5729233bfcbb870826779388e2d454f2,NONE; preserve original path if referenced by frozen manifest
data/images/week1_v3/613734208297.webp,KEEP_REPRODUCIBILITY,数据/图片/事实单元是复现附件；不提交Git、不移动冻结split,DATA,66598,False,0,,696776d969b7c4989988dddadf3bb150d13ace908f3fec801404247c069172ab,NONE; preserve original path if referenced by frozen manifest
data/images/week1_v3/613735312593.webp,KEEP_REPRODUCIBILITY,数据/图片/事实单元是复现附件；不提交Git、不移动冻结split,DATA,19800,False,0,,38c9122a264f09ca76bed5a533b91eadb28eaba71f0ccb9209c66fc7c776672e,NONE; preserve original path if referenced by frozen manifest
data/images/week1_v3/613735876059.webp,KEEP_REPRODUCIBILITY,数据/图片/事实单元是复现附件；不提交Git、不移动冻结split,DATA,37424,False,0,,a3ca1db170f17859b357440f35259d91ab0b8c03e28d72bfe58f8b6e84f5d7b9,NONE; preserve original path if referenced by frozen manifest
data/images/week1_v3/613760960890.webp,KEEP_REPRODUCIBILITY,数据/图片/事实单元是复现附件；不提交Git、不移动冻结split,DATA,50304,False,0,,fd8a7837c1300218e28f3af7dd5bf547e92bdb75e8f8897c4e0ed042e22d8c64,NONE; preserve original path if referenced by frozen manifest
data/images/week1_v3/613789674244.webp,KEEP_REPRODUCIBILITY,数据/图片/事实单元是复现附件；不提交Git、不移动冻结split,DATA,35996,False,0,,56e7a195c30c37d62d141c2ec2e35a301e27be18dbb91cae249bf7a5edeb8b3e,NONE; preserve original path if referenced by frozen manifest
data/images/week1_v3/613838754353.webp,KEEP_REPRODUCIBILITY,数据/图片/事实单元是复现附件；不提交Git、不移动冻结split,DATA,79092,False,0,,090d7a1b2fbfa4e77c522920f4372d2436d2f8cc390114ab0d3cf786a1ac2984,NONE; preserve original path if referenced by frozen manifest
data/images/week1_v3/613842815183.webp,KEEP_REPRODUCIBILITY,数据/图片/事实单元是复现附件；不提交Git、不移动冻结split,DATA,218638,False,0,,a7823f4c08588466423b714d4ced03a6211e0702a0ed79a00a18ea359bea3579,NONE; preserve original path if referenced by frozen manifest
data/images/week1_v3/613846084053.webp,KEEP_REPRODUCIBILITY,数据/图片/事实单元是复现附件；不提交Git、不移动冻结split,DATA,48618,False,0,,5a6168da98e2c0dcc3d6268188f2d7cadb27f7980b9788833f2971aa78f52a56,NONE; preserve original path if referenced by frozen manifest
data/images/week1_v3/613905043396.webp,KEEP_REPRODUCIBILITY,数据/图片/事实单元是复现附件；不提交Git、不移动冻结split,DATA,46130,False,0,,802dd9761fbea84595c282525c64428699067ada624e9066783e70d06b9e5f60,NONE; preserve original path if referenced by frozen manifest
data/images/week1_v3/613921668167.webp,KEEP_REPRODUCIBILITY,数据/图片/事实单元是复现附件；不提交Git、不移动冻结split,DATA,280978,False,0,,f32aa70bf5b87f383341962fa87d19c5be52140129867185059ee77100942f94,NONE; preserve original path if referenced by frozen manifest
data/images/week1_v3/613971147597.jpg,KEEP_REPRODUCIBILITY,数据/图片/事实单元是复现附件；不提交Git、不移动冻结split,DATA,161762,False,0,,82706177ac4b7ca30d6b76492a32c047858aed6ec2c767181771ce41620d1161,NONE; preserve original path if referenced by frozen manifest
data/images/week1_v3/614002843259.webp,KEEP_REPRODUCIBILITY,数据/图片/事实单元是复现附件；不提交Git、不移动冻结split,DATA,68692,False,0,,02a9356ef41e6efa854d1fa79dd62ee3cbfea0f0754d7437458aaf887be042b9,NONE; preserve original path if referenced by frozen manifest
data/images/week1_v3/614019477580.webp,KEEP_REPRODUCIBILITY,数据/图片/事实单元是复现附件；不提交Git、不移动冻结split,DATA,28736,False,0,,c1f6937ed4bd3474b5bdba37d18fb59bea973fd0a15b6490868338201f6dbf71,NONE; preserve original path if referenced by frozen manifest
data/images/week1_v3/614044096053.webp,KEEP_REPRODUCIBILITY,数据/图片/事实单元是复现附件；不提交Git、不移动冻结split,DATA,50424,False,0,,b4a338a9f5674294942091366e765b36358ea429b17ab159254fb45bb4c928c0,NONE; preserve original path if referenced by frozen manifest
data/images/week1_v3/614047427756.webp,KEEP_REPRODUCIBILITY,数据/图片/事实单元是复现附件；不提交Git、不移动冻结split,DATA,58696,False,0,,d8543ee95c2d035861e7ffbb601e77e2f6be81f3e3ee4dda07d196bda89657b2,NONE; preserve original path if referenced by frozen manifest
data/images/week1_v3/614067719586.png,KEEP_REPRODUCIBILITY,数据/图片/事实单元是复现附件；不提交Git、不移动冻结split,DATA,84677,False,0,,308fc92257e211a92ae75c51cc112b55328a39367d511a4a17053e1e3a19bc04,NONE; preserve original path if referenced by frozen manifest
data/images/week1_v3/614078330116.webp,KEEP_REPRODUCIBILITY,数据/图片/事实单元是复现附件；不提交Git、不移动冻结split,DATA,52990,False,0,,97a1cc69b30e6a49fb8a7a43e0c2bf48a386b48224e956b0b3cc282e7a769a3e,NONE; preserve original path if referenced by frozen manifest
data/images/week1_v3/614136958495.webp,KEEP_REPRODUCIBILITY,数据/图片/事实单元是复现附件；不提交Git、不移动冻结split,DATA,50230,False,0,,859283cfaf22955f39be02d24c3d39e83d20aed1425396aff6ea6fd209ba46e2,NONE; preserve original path if referenced by frozen manifest
data/images/week1_v3/614151995656.jpg,KEEP_REPRODUCIBILITY,数据/图片/事实单元是复现附件；不提交Git、不移动冻结split,DATA,95782,False,0,,ecb0cbb9a7a48a09a1591f7d7c2d320975978609fb77590be18c7c10f905fea6,NONE; preserve original path if referenced by frozen manifest
data/images/week1_v3/614181544723.webp,KEEP_REPRODUCIBILITY,数据/图片/事实单元是复现附件；不提交Git、不移动冻结split,DATA,53490,False,0,,7914f4c6d5594f23eb79cd03cc66cfa6c6512d42e7858a3817edad685860b898,NONE; preserve original path if referenced by frozen manifest
data/images/week1_v3/614191806493.webp,KEEP_REPRODUCIBILITY,数据/图片/事实单元是复现附件；不提交Git、不移动冻结split,DATA,99680,False,0,,1478ceeb6df2c0b1a2ed43de1c7a16ed8ab56855fd3a17eac2710a2511bee847,NONE; preserve original path if referenced by frozen manifest
data/images/week1_v3/614194957336.webp,KEEP_REPRODUCIBILITY,数据/图片/事实单元是复现附件；不提交Git、不移动冻结split,DATA,68922,False,0,,281cf4a2d56e826a25b445bc7ba458555732386b63a72b5cd45c9a5844c6405a,NONE; preserve original path if referenced by frozen manifest
data/images/week1_v3/614247280624.webp,KEEP_REPRODUCIBILITY,数据/图片/事实单元是复现附件；不提交Git、不移动冻结split,DATA,54804,False,0,,db4f2bd6782dad6c4bb5efbaafddf66618aaeb2cab9fa6d984877ff55a7bed68,NONE; preserve original path if referenced by frozen manifest
data/images/week1_v3/614248589918.webp,KEEP_REPRODUCIBILITY,数据/图片/事实单元是复现附件；不提交Git、不移动冻结split,DATA,46656,False,0,,9d2e84305b6227d80c8bc72717c587df100b5ccc373b2e2e81f7a1262669bb7c,NONE; preserve original path if referenced by frozen manifest
data/images/week1_v3/614250883945.webp,KEEP_REPRODUCIBILITY,数据/图片/事实单元是复现附件；不提交Git、不移动冻结split,DATA,111984,False,0,,cda4b1f2ae121bcfd49a53bc6a82dded0e35db74319003aedd878d1a78b2e8d7,NONE; preserve original path if referenced by frozen manifest
data/images/week1_v3/614287670938.webp,KEEP_REPRODUCIBILITY,数据/图片/事实单元是复现附件；不提交Git、不移动冻结split,DATA,105236,False,0,,8938c6dfc0f600de9c422e227e88cdc0f8b93f07b8a7bed459b213697c384295,NONE; preserve original path if referenced by frozen manifest
data/images/week1_v3/614300701256.webp,KEEP_REPRODUCIBILITY,数据/图片/事实单元是复现附件；不提交Git、不移动冻结split,DATA,89716,False,0,,2d1ea1589b5e4c408800cceb16f4dfb939c75723e51fbb24d1ccd575d66c3465,NONE; preserve original path if referenced by frozen manifest
data/images/week1_v3/614328395908.webp,KEEP_REPRODUCIBILITY,数据/图片/事实单元是复现附件；不提交Git、不移动冻结split,DATA,47088,False,0,,e84a28935a186a642e2027eb550a70b4d9c6087091617c41706db1fc0f6a0117,NONE; preserve original path if referenced by frozen manifest
data/images/week1_v3/614433094509.webp,KEEP_REPRODUCIBILITY,数据/图片/事实单元是复现附件；不提交Git、不移动冻结split,DATA,31270,False,0,,e3df852b6b812618c1647f6ccca24a1da71135104ed598ca125bdf7267c7ce0f,NONE; preserve original path if referenced by frozen manifest
data/images/week1_v3/614446358778.webp,KEEP_REPRODUCIBILITY,数据/图片/事实单元是复现附件；不提交Git、不移动冻结split,DATA,86888,False,0,,5511eb4f85c6a7eaf32def25a765fc7bfbe4bbe7d583c120af92fd3612c57f08,NONE; preserve original path if referenced by frozen manifest
data/images/week1_v3/614459989285.webp,KEEP_REPRODUCIBILITY,数据/图片/事实单元是复现附件；不提交Git、不移动冻结split,DATA,120082,False,0,,98a4ecd2d1225ef344aad1c5c43f214cd87baafe8cdfc4e3451d09cd2057d5e6,NONE; preserve original path if referenced by frozen manifest
data/images/week1_v3/614461987834.webp,KEEP_REPRODUCIBILITY,数据/图片/事实单元是复现附件；不提交Git、不移动冻结split,DATA,64130,False,0,,714e754f4ea8881b3f14e9c65b167c2e772049efaeb3887ac8b558ee70d9051c,NONE; preserve original path if referenced by frozen manifest
data/images/week1_v3/614494141638.webp,KEEP_REPRODUCIBILITY,数据/图片/事实单元是复现附件；不提交Git、不移动冻结split,DATA,78174,False,0,,a829562fba90c39df03c8cd80d04500cce05c87b4c4db581d375ecb09f008891,NONE; preserve original path if referenced by frozen manifest
data/images/week1_v3/614503834844.webp,KEEP_REPRODUCIBILITY,数据/图片/事实单元是复现附件；不提交Git、不移动冻结split,DATA,54266,False,0,,963339969550c9a0437f453e516cf0ea6b2b64a138783496475daa31ec3c9381,NONE; preserve original path if referenced by frozen manifest
data/images/week1_v3/614533597181.webp,KEEP_REPRODUCIBILITY,数据/图片/事实单元是复现附件；不提交Git、不移动冻结split,DATA,52956,False,0,,72bcbf1fba28bf14e54d143cc52e6b497c7bc8358aa3549a60ca9283e27e2a7e,NONE; preserve original path if referenced by frozen manifest
data/images/week1_v3/614556812800.webp,KEEP_REPRODUCIBILITY,数据/图片/事实单元是复现附件；不提交Git、不移动冻结split,DATA,1237278,False,0,,6212456b017d12d92ac365ec7ed990eb9e1f1a36b81b3f1f94ac3398665c1b4f,NONE; preserve original path if referenced by frozen manifest
data/images/week1_v3/614575047094.webp,KEEP_REPRODUCIBILITY,数据/图片/事实单元是复现附件；不提交Git、不移动冻结split,DATA,56850,False,0,,ac42bd3eedd50f2647ef43d6e5cccc9004b78712ea3d860530776e785bd6ea18,NONE; preserve original path if referenced by frozen manifest
data/images/week1_v3/614589174932.webp,KEEP_REPRODUCIBILITY,数据/图片/事实单元是复现附件；不提交Git、不移动冻结split,DATA,78292,False,0,,1d31d3448ee92c46d7d9dd8981865975b6a0619ba9eac9fa662cbc693376b270,NONE; preserve original path if referenced by frozen manifest
data/images/week1_v3/614646720550.webp,KEEP_REPRODUCIBILITY,数据/图片/事实单元是复现附件；不提交Git、不移动冻结split,DATA,64064,False,0,,4a04b0623e92f8d87d79ba705e041a7e4a935d3d230b871c22c7d75c5db23609,NONE; preserve original path if referenced by frozen manifest
data/images/week1_v3/614657519304.webp,KEEP_REPRODUCIBILITY,数据/图片/事实单元是复现附件；不提交Git、不移动冻结split,DATA,32710,False,0,,6f9bdc7d4d45db6317022578478e3add3b4db4c5273ccabb6e02f762aa4e0eec,NONE; preserve original path if referenced by frozen manifest
data/images/week1_v3/614674196836.webp,KEEP_REPRODUCIBILITY,数据/图片/事实单元是复现附件；不提交Git、不移动冻结split,DATA,80798,False,0,,63abf98ff8a149cb7883948409ae93339c183e1f5e69554782794c77991680be,NONE; preserve original path if referenced by frozen manifest
data/images/week1_v3/614744894916.webp,KEEP_REPRODUCIBILITY,数据/图片/事实单元是复现附件；不提交Git、不移动冻结split,DATA,130834,False,0,,ff6962cd56535734281230d594046258f0e60acff41f5cba1e6328a79c589ac4,NONE; preserve original path if referenced by frozen manifest
data/images/week1_v3/614745214417.webp,KEEP_REPRODUCIBILITY,数据/图片/事实单元是复现附件；不提交Git、不移动冻结split,DATA,111730,False,0,,1ded26482d259d49ad5dc7d41d9df0b6854337d7eac377e29b9cdb870c611bbf,NONE; preserve original path if referenced by frozen manifest
data/images/week1_v3/614753624874.webp,KEEP_REPRODUCIBILITY,数据/图片/事实单元是复现附件；不提交Git、不移动冻结split,DATA,46542,False,0,,18a6dc679eb4f6427540569ffeec36c1ea37a9ae4db6b1d3a16b5fefa22d5aad,NONE; preserve original path if referenced by frozen manifest
data/images/week1_v3/614759502548.webp,KEEP_REPRODUCIBILITY,数据/图片/事实单元是复现附件；不提交Git、不移动冻结split,DATA,60812,False,0,,b602a3143dae4f1c67f0858967e95f07d576298151f15f933be826856237fa08,NONE; preserve original path if referenced by frozen manifest
data/images/week1_v3/614782526750.webp,KEEP_REPRODUCIBILITY,数据/图片/事实单元是复现附件；不提交Git、不移动冻结split,DATA,89292,False,0,,213d71deeeca1f28ac85ef0d59885106b0d4ca1c608f526705909a77519dcfe8,NONE; preserve original path if referenced by frozen manifest
data/images/week1_v3/614822484917.webp,KEEP_REPRODUCIBILITY,数据/图片/事实单元是复现附件；不提交Git、不移动冻结split,DATA,123152,False,0,,97518e68bbdedf68f00057905fa8a01134ebccd170e6d300ad51c727d7c65111,NONE; preserve original path if referenced by frozen manifest
data/images/week1_v3/614842539230.webp,KEEP_REPRODUCIBILITY,数据/图片/事实单元是复现附件；不提交Git、不移动冻结split,DATA,43044,False,0,,df9c86a2f024a3933f44f87999aacff379cd367ab2d82b1c332a48419a87f8f1,NONE; preserve original path if referenced by frozen manifest
data/images/week1_v3/614927133187.png,KEEP_REPRODUCIBILITY,数据/图片/事实单元是复现附件；不提交Git、不移动冻结split,DATA,777035,False,0,,f7768e127798475c1986e4673b5945ed0430d22f9e4fe5584851784cc7b47703,NONE; preserve original path if referenced by frozen manifest
data/images/week1_v3/614929687815.webp,KEEP_REPRODUCIBILITY,数据/图片/事实单元是复现附件；不提交Git、不移动冻结split,DATA,43858,False,0,,315954a4ab7da88d0c4493c5b67b85b6576c3c96c2e6ffe0c399d58bfafbac4e,NONE; preserve original path if referenced by frozen manifest
data/images/week1_v3/614932837819.webp,KEEP_REPRODUCIBILITY,数据/图片/事实单元是复现附件；不提交Git、不移动冻结split,DATA,65156,False,0,,3a4ebf43a2854c3d7ecccd36f60da4bc3a68010b93b83802057495bf9ef11572,NONE; preserve original path if referenced by frozen manifest
data/images/week1_v3/614994023079.webp,KEEP_REPRODUCIBILITY,数据/图片/事实单元是复现附件；不提交Git、不移动冻结split,DATA,96950,False,0,,6127af0a4006b95a4da35d52e893a7e3e02bcdb46c0ab765e328d345ff6e255b,NONE; preserve original path if referenced by frozen manifest
data/images/week1_v3/615010214963.webp,KEEP_REPRODUCIBILITY,数据/图片/事实单元是复现附件；不提交Git、不移动冻结split,DATA,75476,False,0,,cd6014ed5fddf4faaca9679d74905f910cd4b26021600721c6a20cf65f8079b6,NONE; preserve original path if referenced by frozen manifest
data/images/week1_v3/615033971575.webp,KEEP_REPRODUCIBILITY,数据/图片/事实单元是复现附件；不提交Git、不移动冻结split,DATA,80366,False,0,,68f4fb8dc2d870bf6b06fb1309a679c62f53f4ac6d5e0470383257162867a289,NONE; preserve original path if referenced by frozen manifest
data/images/week1_v3/615055949841.webp,KEEP_REPRODUCIBILITY,数据/图片/事实单元是复现附件；不提交Git、不移动冻结split,DATA,53782,False,0,,34b122d28fa26378d1d88d8708f911d8ff1c8ab3422b0430be630b0365f4fb78,NONE; preserve original path if referenced by frozen manifest
data/images/week1_v3/615061496437.webp,KEEP_REPRODUCIBILITY,数据/图片/事实单元是复现附件；不提交Git、不移动冻结split,DATA,36884,False,0,,6760525485a5e145cd390d08415a1d31cc3724b570c6d5795751c893c84f6a1d,NONE; preserve original path if referenced by frozen manifest
data/images/week1_v3/615106837787.webp,KEEP_REPRODUCIBILITY,数据/图片/事实单元是复现附件；不提交Git、不移动冻结split,DATA,142282,False,0,,fdb09de3d9f0bca1671eded8bb8309016f3df739a03fe21e6e0212cacf8b12ba,NONE; preserve original path if referenced by frozen manifest
data/images/week1_v3/615106913692.webp,KEEP_REPRODUCIBILITY,数据/图片/事实单元是复现附件；不提交Git、不移动冻结split,DATA,218688,False,0,,00f2c48d732d73b0c411662d9491ce8adb15f0cf9ad6606d5ef41aadd6751126,NONE; preserve original path if referenced by frozen manifest
data/images/week1_v3/615221478811.webp,KEEP_REPRODUCIBILITY,数据/图片/事实单元是复现附件；不提交Git、不移动冻结split,DATA,82512,False,0,,0bf41b5cbbd953d6fa1e116e74e1215e0d2c3269a5b20c0f941a40ac17aed815,NONE; preserve original path if referenced by frozen manifest
data/images/week1_v3/615262538564.webp,KEEP_REPRODUCIBILITY,数据/图片/事实单元是复现附件；不提交Git、不移动冻结split,DATA,38318,False,0,,006337504f816d7523c897058a825193085dd2453d596e6fc3fc0385f6525d0b,NONE; preserve original path if referenced by frozen manifest
data/images/week1_v3/615341392744.webp,KEEP_REPRODUCIBILITY,数据/图片/事实单元是复现附件；不提交Git、不移动冻结split,DATA,72352,False,0,,ec46829d4783765e45a51aa78d0ffa11a4cb226a5710bcf604e7593cdbb8f118,NONE; preserve original path if referenced by frozen manifest
data/images/week1_v3/615362256895.webp,KEEP_REPRODUCIBILITY,数据/图片/事实单元是复现附件；不提交Git、不移动冻结split,DATA,66576,False,0,,e2c09f8a7a620717357eeb3d2f0d2b16fd51691fbe5c05a48931cfc180520e6d,NONE; preserve original path if referenced by frozen manifest
data/images/week1_v3/615365658229.webp,KEEP_REPRODUCIBILITY,数据/图片/事实单元是复现附件；不提交Git、不移动冻结split,DATA,20526,False,0,,b398dd5617e1a5151ce355e47f1b60e79b3e5ae7f1e7c923229787b7734bf53e,NONE; preserve original path if referenced by frozen manifest
data/images/week1_v3/615386178525.webp,KEEP_REPRODUCIBILITY,数据/图片/事实单元是复现附件；不提交Git、不移动冻结split,DATA,41476,False,0,,c3958968fb39039883b038b783cdc51f3a53217b47406f59fc3c710f57ad99b7,NONE; preserve original path if referenced by frozen manifest
data/images/week1_v3/615393528961.webp,KEEP_REPRODUCIBILITY,数据/图片/事实单元是复现附件；不提交Git、不移动冻结split,DATA,79092,False,0,,dffe288d09cebde6d35339a849eb6faea17fb80414269e0e51c549ff938aaf3d,NONE; preserve original path if referenced by frozen manifest
data/images/week1_v3/615393928365.webp,KEEP_REPRODUCIBILITY,数据/图片/事实单元是复现附件；不提交Git、不移动冻结split,DATA,150470,False,0,,d9d9b736ef3e61a945172f85fba06fcba3e30e9718f66cfe64cb71c3e9ffde9a,NONE; preserve original path if referenced by frozen manifest
data/images/week1_v3/615406528064.webp,KEEP_REPRODUCIBILITY,数据/图片/事实单元是复现附件；不提交Git、不移动冻结split,DATA,73678,False,0,,e48330f9d5cc805e4135114cbfd9b594a827d603148bc3041a58db730e950e04,NONE; preserve original path if referenced by frozen manifest
data/images/week1_v3/615414912796.webp,KEEP_REPRODUCIBILITY,数据/图片/事实单元是复现附件；不提交Git、不移动冻结split,DATA,55760,False,0,,7f7bfd63b809f9e0c187da710b1fc83d1468b8e27d0cd217b24c8d63e0c07b54,NONE; preserve original path if referenced by frozen manifest
data/images/week1_v3/615426464241.webp,KEEP_REPRODUCIBILITY,数据/图片/事实单元是复现附件；不提交Git、不移动冻结split,DATA,143860,False,0,,852e4a23d71bcd3817c15a6fdcf3f82b7a968c5b887743d32a699f80f43c5ef4,NONE; preserve original path if referenced by frozen manifest
data/images/week1_v3/615469952063.png,KEEP_REPRODUCIBILITY,数据/图片/事实单元是复现附件；不提交Git、不移动冻结split,DATA,294929,False,0,,b351f42f80c882495bb248f5cd4082867ed9dc32f12e2c2a1f49114ff9b38490,NONE; preserve original path if referenced by frozen manifest
data/images/week1_v3/615479778698.webp,KEEP_REPRODUCIBILITY,数据/图片/事实单元是复现附件；不提交Git、不移动冻结split,DATA,56210,False,0,,58c8c6ecbc95ffdecd27e4b9afef98f0ba31552eeb860139e0b314bc65c7793c,NONE; preserve original path if referenced by frozen manifest
data/images/week1_v3/615482784259.webp,KEEP_REPRODUCIBILITY,数据/图片/事实单元是复现附件；不提交Git、不移动冻结split,DATA,117032,False,0,,3d9a2fbbc71ce3dcdbbf6a9738d923fa741d2d433d53e1f877575c8f60359af3,NONE; preserve original path if referenced by frozen manifest
data/images/week1_v3/615573898974.webp,KEEP_REPRODUCIBILITY,数据/图片/事实单元是复现附件；不提交Git、不移动冻结split,DATA,74932,False,0,,cfd971dc72db6a6d8e39dc36d15e699c6a1b5a0c9dbfa6d8b48dd28ad9b14536,NONE; preserve original path if referenced by frozen manifest
data/images/week1_v3/615577201718.webp,KEEP_REPRODUCIBILITY,数据/图片/事实单元是复现附件；不提交Git、不移动冻结split,DATA,152942,False,0,,06e1ae7c329337048b933157b2344adbd6887132ffaa74e0a1eab0dde8a5519d,NONE; preserve original path if referenced by frozen manifest
data/images/week1_v3/615607811345.webp,KEEP_REPRODUCIBILITY,数据/图片/事实单元是复现附件；不提交Git、不移动冻结split,DATA,74364,False,0,,227bcdddcfa99f4ed8120ebd81044cce7910565fb68c3a751f10cd714aa68afd,NONE; preserve original path if referenced by frozen manifest
data/images/week1_v3/615628473498.webp,KEEP_REPRODUCIBILITY,数据/图片/事实单元是复现附件；不提交Git、不移动冻结split,DATA,39668,False,0,,786447124b2c0f1153850294484ce45076b699bf876b16b0d6c390f6beb2eece,NONE; preserve original path if referenced by frozen manifest
data/images/week1_v3/615629044680.webp,KEEP_REPRODUCIBILITY,数据/图片/事实单元是复现附件；不提交Git、不移动冻结split,DATA,57402,False,0,,f1d2d53ee9c2be011826e88f8f589ebb2e94fdbfb6dd0d5d1692c35920276815,NONE; preserve original path if referenced by frozen manifest
data/images/week1_v3/615648668447.webp,KEEP_REPRODUCIBILITY,数据/图片/事实单元是复现附件；不提交Git、不移动冻结split,DATA,64924,False,0,,57ba9b37396ed8d5e35fd46139a8a0992a72af477533072adec91ad104a4dcb8,NONE; preserve original path if referenced by frozen manifest
data/images/week1_v3/615654154123.webp,KEEP_REPRODUCIBILITY,数据/图片/事实单元是复现附件；不提交Git、不移动冻结split,DATA,70508,False,0,,295d7b0ea1b4b4e6315171bb00903626a8b1a67f84f805cdf945647d8649499b,NONE; preserve original path if referenced by frozen manifest
data/images/week1_v3/615679909692.webp,KEEP_REPRODUCIBILITY,数据/图片/事实单元是复现附件；不提交Git、不移动冻结split,DATA,142210,False,0,,3d40ab5d3e97e44145beb30de5d14bc8a605d5698a4a8b92b7b1d8350034601a,NONE; preserve original path if referenced by frozen manifest
data/images/week1_v3/615705386064.webp,KEEP_REPRODUCIBILITY,数据/图片/事实单元是复现附件；不提交Git、不移动冻结split,DATA,74108,False,0,,2de1e331b83288f7638216b46427313e651b67478677cd43cf8ca156b315c0af,NONE; preserve original path if referenced by frozen manifest
data/images/week1_v3/615720356983.webp,KEEP_REPRODUCIBILITY,数据/图片/事实单元是复现附件；不提交Git、不移动冻结split,DATA,54176,False,0,,59b682108ac1bb51737972d9372aa52b229d5c771088321d011883cd657d56a8,NONE; preserve original path if referenced by frozen manifest
data/images/week1_v3/615726589247.webp,KEEP_REPRODUCIBILITY,数据/图片/事实单元是复现附件；不提交Git、不移动冻结split,DATA,153330,False,0,,8fc561fff1de2d1a33109a4b633a7f8abb5b0ac72b385dc3721bd0bbd5e26a63,NONE; preserve original path if referenced by frozen manifest
data/images/week1_v3/615803956923.webp,KEEP_REPRODUCIBILITY,数据/图片/事实单元是复现附件；不提交Git、不移动冻结split,DATA,100642,False,0,,68eac0b3bb248de0933fd130ba3f6249de0ce6e875a6fe2ad1c4e7053aa4f74b,NONE; preserve original path if referenced by frozen manifest
data/images/week1_v3/615806695300.webp,KEEP_REPRODUCIBILITY,数据/图片/事实单元是复现附件；不提交Git、不移动冻结split,DATA,63536,False,0,,61f33837668a54fef7460f4e67a9d96d32c319124f107f08b5e7e195c1f8f3fa,NONE; preserve original path if referenced by frozen manifest
data/images/week1_v3/615833158497.webp,KEEP_REPRODUCIBILITY,数据/图片/事实单元是复现附件；不提交Git、不移动冻结split,DATA,115234,False,0,,05c8af40d0325819db79e78dd6d5af3fd91b8ce4323c6b250494e1f8d979d7fe,NONE; preserve original path if referenced by frozen manifest
data/images/week1_v3/615855004467.webp,KEEP_REPRODUCIBILITY,数据/图片/事实单元是复现附件；不提交Git、不移动冻结split,DATA,43984,False,0,,cf7d3b117ccd5c8b2c0b2a2a965da06355be665b0bba47ed8a70d43b717989ba,NONE; preserve original path if referenced by frozen manifest
data/images/week1_v3/615860760767.webp,KEEP_REPRODUCIBILITY,数据/图片/事实单元是复现附件；不提交Git、不移动冻结split,DATA,134980,False,0,,857d20e04c22505358a8eb68d4be83e78a0a5cb619ff2ebb4996a92a354dd817,NONE; preserve original path if referenced by frozen manifest
data/images/week1_v3/615860836672.webp,KEEP_REPRODUCIBILITY,数据/图片/事实单元是复现附件；不提交Git、不移动冻结split,DATA,87008,False,0,,5ab486023eba4e2346415d651ceef86d4bf5d8e7e11726a502778f5d413e44ef,NONE; preserve original path if referenced by frozen manifest
data/images/week1_v3/615882518927.webp,KEEP_REPRODUCIBILITY,数据/图片/事实单元是复现附件；不提交Git、不移动冻结split,DATA,75218,False,0,,e9f7d79b22ea73edbe384d62e7fdfec2a6dfd860c4d1879cc7c231cdfdeeae86,NONE; preserve original path if referenced by frozen manifest
data/images/week1_v3/615883126177.webp,KEEP_REPRODUCIBILITY,数据/图片/事实单元是复现附件；不提交Git、不移动冻结split,DATA,54398,False,0,,dbf4327fb0a816dbb37325d8c4a671c024c9e69276b14fd6c91c39d6434f2803,NONE; preserve original path if referenced by frozen manifest
data/images/week1_v3/615938971838.webp,KEEP_REPRODUCIBILITY,数据/图片/事实单元是复现附件；不提交Git、不移动冻结split,DATA,105622,False,0,,288cc145cbc19f01be54bf52ee6d1cbd7dba0977615158d526c503f4c00853cd,NONE; preserve original path if referenced by frozen manifest
data/images/week1_v3/615955689737.webp,KEEP_REPRODUCIBILITY,数据/图片/事实单元是复现附件；不提交Git、不移动冻结split,DATA,65964,False,0,,b2656f2611ca75212374a229ae3ba272f801e48bf4e80f6d60bed37f82c2adde,NONE; preserve original path if referenced by frozen manifest
data/images/week1_v3/615977836383.webp,KEEP_REPRODUCIBILITY,数据/图片/事实单元是复现附件；不提交Git、不移动冻结split,DATA,144478,False,0,,572d433a66e26c37c792807d444a8825f554f0caffba6dfeacc5c1b2ddad449f,NONE; preserve original path if referenced by frozen manifest
data/images/week1_v3/615986453433.webp,KEEP_REPRODUCIBILITY,数据/图片/事实单元是复现附件；不提交Git、不移动冻结split,DATA,75960,False,0,,fb74a4e3ad980b50e13d3ad285fdf6ecd8c0fc2979e9f93030a6dbfb41e303fb,NONE; preserve original path if referenced by frozen manifest
data/images/week1_v3/616049782105.webp,KEEP_REPRODUCIBILITY,数据/图片/事实单元是复现附件；不提交Git、不移动冻结split,DATA,31230,False,0,,775ab2521fe70ed8d01bb5d2617364b33910e2f4a934ff420c16193d6326c763,NONE; preserve original path if referenced by frozen manifest
data/images/week1_v3/616056549560.webp,KEEP_REPRODUCIBILITY,数据/图片/事实单元是复现附件；不提交Git、不移动冻结split,DATA,124732,False,0,,b5c6c7043937358e5c806ac0598e0add05b066f1b5a0c891e4044cf2c3ff22b1,NONE; preserve original path if referenced by frozen manifest
data/images/week1_v3/616067665541.webp,KEEP_REPRODUCIBILITY,数据/图片/事实单元是复现附件；不提交Git、不移动冻结split,DATA,59986,False,0,,3a0ba1ed34b1ee18e88752b61d6d22e3c37a9c8b24e1d77396b5e73fb94f5fdc,NONE; preserve original path if referenced by frozen manifest
data/images/week1_v3/616076808070.webp,KEEP_REPRODUCIBILITY,数据/图片/事实单元是复现附件；不提交Git、不移动冻结split,DATA,163588,False,0,,25cfc54ba490d0b346054c94aba084e87e27b123592edae5790b0310107045a9,NONE; preserve original path if referenced by frozen manifest
data/images/week1_v3/616082475147.webp,KEEP_REPRODUCIBILITY,数据/图片/事实单元是复现附件；不提交Git、不移动冻结split,DATA,97278,False,0,,416e10949bab627b52eb55d2dde81c8d180597690bfec713bdf270d2d42af4fa,NONE; preserve original path if referenced by frozen manifest
data/images/week1_v3/616091421693.webp,KEEP_REPRODUCIBILITY,数据/图片/事实单元是复现附件；不提交Git、不移动冻结split,DATA,73964,False,0,,637063c7f6ee520c98f132619b841a1eec58c3cc3f2c2c82ce3744cefb68f76d,NONE; preserve original path if referenced by frozen manifest
data/images/week1_v3/616123108848.webp,KEEP_REPRODUCIBILITY,数据/图片/事实单元是复现附件；不提交Git、不移动冻结split,DATA,48358,False,0,,97145f60325ee68f52df331779b9938d55cac9acc2abc011692442ca1b58fc87,NONE; preserve original path if referenced by frozen manifest
data/images/week1_v3/616125945782.webp,KEEP_REPRODUCIBILITY,数据/图片/事实单元是复现附件；不提交Git、不移动冻结split,DATA,373588,False,0,,46b765f078dd4d58ab81a1b7cc945381b5ed94697b0151fa636ca3a2970c5e9d,NONE; preserve original path if referenced by frozen manifest
data/images/week1_v3/616137294148.webp,KEEP_REPRODUCIBILITY,数据/图片/事实单元是复现附件；不提交Git、不移动冻结split,DATA,86716,False,0,,0553bd2adde025f32eed2bad24ab80596f9ecb53d331dc327ce647e36548d351,NONE; preserve original path if referenced by frozen manifest
data/images/week1_v3/616138363620.webp,KEEP_REPRODUCIBILITY,数据/图片/事实单元是复现附件；不提交Git、不移动冻结split,DATA,77592,False,0,,86b64f3c2e90e11dced2aa304644a2c21cf646e1463142c7d3f26169aae50f06,NONE; preserve original path if referenced by frozen manifest
data/images/week1_v3/616178647217.webp,KEEP_REPRODUCIBILITY,数据/图片/事实单元是复现附件；不提交Git、不移动冻结split,DATA,115686,False,0,,64fca213dfbb3b786050ae6d5f8539267668938999788ff597548c89cb481316,NONE; preserve original path if referenced by frozen manifest
data/images/week1_v3/616182855888.webp,KEEP_REPRODUCIBILITY,数据/图片/事实单元是复现附件；不提交Git、不移动冻结split,DATA,61524,False,0,,361d6670837b65f020f95fb309ab3b16ea3e693d5dc4009da83cea83de474573,NONE; preserve original path if referenced by frozen manifest
data/images/week1_v3/616183491009.webp,KEEP_REPRODUCIBILITY,数据/图片/事实单元是复现附件；不提交Git、不移动冻结split,DATA,71668,False,0,,18fa5f5dc1dedafe33f69bc2c121f94c92f5e9a0139c8e05bb477474d9a6cc48,NONE; preserve original path if referenced by frozen manifest
data/images/week1_v3/616205758872.webp,KEEP_REPRODUCIBILITY,数据/图片/事实单元是复现附件；不提交Git、不移动冻结split,DATA,132274,False,0,,e9e47fa5c8b50b586797892200b40075e18519b83761387ca8f8692a016159d4,NONE; preserve original path if referenced by frozen manifest
data/images/week1_v3/616225615323.webp,KEEP_REPRODUCIBILITY,数据/图片/事实单元是复现附件；不提交Git、不移动冻结split,DATA,35774,False,0,,0499146448b834be5d3e99c1a2ff11c47e3aa3b1b329cf6e01ed2f128d93d741,NONE; preserve original path if referenced by frozen manifest
data/images/week1_v3/616249788734.webp,KEEP_REPRODUCIBILITY,数据/图片/事实单元是复现附件；不提交Git、不移动冻结split,DATA,34322,False,0,,75719a38b67bd8801899593c42d8ecd3509010712d6ae8934d2f494adff25203,NONE; preserve original path if referenced by frozen manifest
data/images/week1_v3/616260230702.webp,KEEP_REPRODUCIBILITY,数据/图片/事实单元是复现附件；不提交Git、不移动冻结split,DATA,55714,False,0,,85b20e8f8dc10525c88fc87ee5c7c229dac6e370e8c59d40ca3a22a103eb5a7f,NONE; preserve original path if referenced by frozen manifest
data/images/week1_v3/616387000370.webp,KEEP_REPRODUCIBILITY,数据/图片/事实单元是复现附件；不提交Git、不移动冻结split,DATA,20054,False,0,,09bc1ad237962ffe44f1c9137f60007202024e7e5244e495298af001f9e10863,NONE; preserve original path if referenced by frozen manifest
data/images/week1_v3/616413073658.webp,KEEP_REPRODUCIBILITY,数据/图片/事实单元是复现附件；不提交Git、不移动冻结split,DATA,35446,False,0,,33668e736aa53cf34d559d4528c22dcd743388f7e927610e7ba711276e08d9dd,NONE; preserve original path if referenced by frozen manifest
data/images/week1_v3/616457679553.webp,KEEP_REPRODUCIBILITY,数据/图片/事实单元是复现附件；不提交Git、不移动冻结split,DATA,62164,False,0,,5da4f459894613cfa056f462ca75103d0781ea3dab53242a44ffd92a6d95da68,NONE; preserve original path if referenced by frozen manifest
data/images/week1_v3/616457691807.webp,KEEP_REPRODUCIBILITY,数据/图片/事实单元是复现附件；不提交Git、不移动冻结split,DATA,110870,False,0,,09e22d32adea41709e5b449bd44c6242de76cb3c8a3bdd9ab259a28a9bb44476,NONE; preserve original path if referenced by frozen manifest
data/images/week1_v3/616491355911.webp,KEEP_REPRODUCIBILITY,数据/图片/事实单元是复现附件；不提交Git、不移动冻结split,DATA,57080,False,0,,19417b40467896239461664090d2862d13d1a0508f4698fcdb1e3a98176bedd5,NONE; preserve original path if referenced by frozen manifest
data/images/week1_v3/616491619431.webp,KEEP_REPRODUCIBILITY,数据/图片/事实单元是复现附件；不提交Git、不移动冻结split,DATA,57302,False,0,,4ac0a6cd890058b9641f0015c5b9e3a7748dee1862a420fec48b3b157abb2266,NONE; preserve original path if referenced by frozen manifest
data/images/week1_v3/616519866490.webp,KEEP_REPRODUCIBILITY,数据/图片/事实单元是复现附件；不提交Git、不移动冻结split,DATA,161318,False,0,,146bd7f438215bf0a7835b13092d3e8f9cce29b3d97533409bc5381fdea38c5c,NONE; preserve original path if referenced by frozen manifest
data/images/week1_v3/616569845792.webp,KEEP_REPRODUCIBILITY,数据/图片/事实单元是复现附件；不提交Git、不移动冻结split,DATA,72520,False,0,,44f538d6ab0399cd9d952320e245f69194f896588c44b1f83aade83dd70e5016,NONE; preserve original path if referenced by frozen manifest
data/images/week1_v3/616572801651.webp,KEEP_REPRODUCIBILITY,数据/图片/事实单元是复现附件；不提交Git、不移动冻结split,DATA,63854,False,0,,4d55719ce5bec8fa67e3a719970f9e7da8152b0d9ee694619b8ac55cfbccc894,NONE; preserve original path if referenced by frozen manifest
data/images/week1_v3/616599262670.webp,KEEP_REPRODUCIBILITY,数据/图片/事实单元是复现附件；不提交Git、不移动冻结split,DATA,90358,False,0,,0a1f041358ef6bb3e69a8103f86eceb029005cdaccedaf5cb869a8e06b736d05,NONE; preserve original path if referenced by frozen manifest
data/images/week1_v3/616619666268.png,KEEP_REPRODUCIBILITY,数据/图片/事实单元是复现附件；不提交Git、不移动冻结split,DATA,624785,False,0,,60ac85591ce3e3e40bce556baaf4cf3e8a6c45f4d80151e74dd811df340e85ca,NONE; preserve original path if referenced by frozen manifest
data/images/week1_v3/616644291033.webp,KEEP_REPRODUCIBILITY,数据/图片/事实单元是复现附件；不提交Git、不移动冻结split,DATA,34620,False,0,,96af0f8e663440392fe41a843ea5338d58cd4c6f697957d9d7a2e8cd19a53ff8,NONE; preserve original path if referenced by frozen manifest
data/images/week1_v3/616655535465.webp,KEEP_REPRODUCIBILITY,数据/图片/事实单元是复现附件；不提交Git、不移动冻结split,DATA,93864,False,0,,864963f5b2519da505af36170c6968ca213ca4492c2f26d884d0d4291e7145f2,NONE; preserve original path if referenced by frozen manifest
data/images/week1_v3/616655611311.webp,KEEP_REPRODUCIBILITY,数据/图片/事实单元是复现附件；不提交Git、不移动冻结split,DATA,180624,False,0,,29000ffa161631ea5cf356f49007bb9b61f8513a50f17de83655e676283deaa5,NONE; preserve original path if referenced by frozen manifest
data/images/week1_v3/616655671226.webp,KEEP_REPRODUCIBILITY,数据/图片/事实单元是复现附件；不提交Git、不移动冻结split,DATA,118848,False,0,,be294e7d65f574f79d8390227b96c0316d98a53de0a31f2441bb9e6d1a831e3c,NONE; preserve original path if referenced by frozen manifest
data/images/week1_v3/616732731311.webp,KEEP_REPRODUCIBILITY,数据/图片/事实单元是复现附件；不提交Git、不移动冻结split,DATA,162258,False,0,,c1d78eec63d22c373ae3eeca75221ffb617f0c77f2eea8cff6d06adf71757833,NONE; preserve original path if referenced by frozen manifest
data/images/week1_v3/616789087471.webp,KEEP_REPRODUCIBILITY,数据/图片/事实单元是复现附件；不提交Git、不移动冻结split,DATA,65142,False,0,,b95ebdefb4ba67c2b652e5a8e242fbe799acdd255a44c4d80900eb81db7e208c,NONE; preserve original path if referenced by frozen manifest
data/images/week1_v3/616807778876.webp,KEEP_REPRODUCIBILITY,数据/图片/事实单元是复现附件；不提交Git、不移动冻结split,DATA,114124,False,0,,1663beaa09ccce5100ec7deb87dea11ed7f1c6d0ecf2abf955606a9a3509f2d8,NONE; preserve original path if referenced by frozen manifest
data/images/week1_v3/616811890136.webp,KEEP_REPRODUCIBILITY,数据/图片/事实单元是复现附件；不提交Git、不移动冻结split,DATA,18084,False,0,,b9bb3bbc5429e7a6db9a2a3ed718f4ae883cfef64be7619f0c9b1419cf064f42,NONE; preserve original path if referenced by frozen manifest
data/images/week1_v3/616817666850.webp,KEEP_REPRODUCIBILITY,数据/图片/事实单元是复现附件；不提交Git、不移动冻结split,DATA,80444,False,0,,1d83e7234083d1cf8de68f0f08db7d693b59a04d94657ee07162e84f50934a9c,NONE; preserve original path if referenced by frozen manifest
data/images/week1_v3/616819184648.webp,KEEP_REPRODUCIBILITY,数据/图片/事实单元是复现附件；不提交Git、不移动冻结split,DATA,75462,False,0,,383a096c0c719e6b7452be2b6bd647bc2a04c9b31c63bc92f1d8c802f5d3d75d,NONE; preserve original path if referenced by frozen manifest
data/images/week1_v3/616853015046.webp,KEEP_REPRODUCIBILITY,数据/图片/事实单元是复现附件；不提交Git、不移动冻结split,DATA,129288,False,0,,93c9b7de50465215f5a8e4df568d7ada44a97eb85a971b4f97e77a90fd8385cd,NONE; preserve original path if referenced by frozen manifest
data/images/week1_v3/616853539765.webp,KEEP_REPRODUCIBILITY,数据/图片/事实单元是复现附件；不提交Git、不移动冻结split,DATA,42956,False,0,,6b4ba446525c424624e2873058ca2e5fdb9443cf3181daf6b9ea49a5947b4e26,NONE; preserve original path if referenced by frozen manifest
data/images/week1_v3/616873523298.webp,KEEP_REPRODUCIBILITY,数据/图片/事实单元是复现附件；不提交Git、不移动冻结split,DATA,106726,False,0,,e9a6fa282faf2f81a767844706f994b9ac2f1fbfeee207a62247c918fb8e3ff7,NONE; preserve original path if referenced by frozen manifest
data/images/week1_v3/616914231244.webp,KEEP_REPRODUCIBILITY,数据/图片/事实单元是复现附件；不提交Git、不移动冻结split,DATA,81930,False,0,,17942c79d87e2ea3b5036ec98ce35794f046db3d94f0f3e09394151ec5c85770,NONE; preserve original path if referenced by frozen manifest
data/images/week1_v3/616952964754.webp,KEEP_REPRODUCIBILITY,数据/图片/事实单元是复现附件；不提交Git、不移动冻结split,DATA,57454,False,0,,7840016af41ce7a5644945a0a16ce0e8650d971b91a2e3d771d75b21ca259cb9,NONE; preserve original path if referenced by frozen manifest
data/images/week1_v3/616953921013.webp,KEEP_REPRODUCIBILITY,数据/图片/事实单元是复现附件；不提交Git、不移动冻结split,DATA,64866,False,0,,fd18865559ee7a09b827596672d2cd8f43377fa10a2aab7e8b59a00b59db71ef,NONE; preserve original path if referenced by frozen manifest
data/images/week1_v3/616958105865.webp,KEEP_REPRODUCIBILITY,数据/图片/事实单元是复现附件；不提交Git、不移动冻结split,DATA,51696,False,0,,2743a58afbf72d6b6e8dead759e9caeaace03f83aafe8dfcdba198f0606bdc1b,NONE; preserve original path if referenced by frozen manifest
data/images/week1_v3/617001709178.webp,KEEP_REPRODUCIBILITY,数据/图片/事实单元是复现附件；不提交Git、不移动冻结split,DATA,97268,False,0,,169412f5ea8b72f1a277af1294110f58f31969e6917ef89e3b15fb567883f571,NONE; preserve original path if referenced by frozen manifest
data/images/week1_v3/617038063431.webp,KEEP_REPRODUCIBILITY,数据/图片/事实单元是复现附件；不提交Git、不移动冻结split,DATA,44884,False,0,,b9bda7bd2ac35a69c15b11a4c25406a72f0f399b5b4fef612843a28966124e6b,NONE; preserve original path if referenced by frozen manifest
data/images/week1_v3/617178272187.webp,KEEP_REPRODUCIBILITY,数据/图片/事实单元是复现附件；不提交Git、不移动冻结split,DATA,66610,False,0,,236ae990498538a285e23372d7670c301ce35d3fb3b12416740d67a67fd514d5,NONE; preserve original path if referenced by frozen manifest
data/images/week1_v3/617219746831.webp,KEEP_REPRODUCIBILITY,数据/图片/事实单元是复现附件；不提交Git、不移动冻结split,DATA,95438,False,0,,d1547022ab0e670090f87a70c4be5d4f813886ee856ed19bf147bd7c32bceedd,NONE; preserve original path if referenced by frozen manifest
data/images/week1_v3/617238019231.jpg,KEEP_REPRODUCIBILITY,数据/图片/事实单元是复现附件；不提交Git、不移动冻结split,DATA,146304,False,0,,df470b5f8dbb69c78b4b4a1eea483f33657910f8768efcef5d2c747cd04e34bb,NONE; preserve original path if referenced by frozen manifest
data/images/week1_v3/617286225405.webp,KEEP_REPRODUCIBILITY,数据/图片/事实单元是复现附件；不提交Git、不移动冻结split,DATA,20848,False,0,,b17bbcc6256af839fe011428e29ee66da8cba9e6e0131ca22216566ae18f2b09,NONE; preserve original path if referenced by frozen manifest
data/images/week1_v3/617289362811.webp,KEEP_REPRODUCIBILITY,数据/图片/事实单元是复现附件；不提交Git、不移动冻结split,DATA,64772,False,0,,9f2df3588fc35ab7b5007a930ccf046a956717bfc98549448abf6a80f075adac,NONE; preserve original path if referenced by frozen manifest
data/images/week1_v3/617295153966.webp,KEEP_REPRODUCIBILITY,数据/图片/事实单元是复现附件；不提交Git、不移动冻结split,DATA,56052,False,0,,32d04f319b8d0b05ee6c005965d34addd6f63036a0109485ae0544ecb0f7ae65,NONE; preserve original path if referenced by frozen manifest
data/images/week1_v3/617299493337.webp,KEEP_REPRODUCIBILITY,数据/图片/事实单元是复现附件；不提交Git、不移动冻结split,DATA,44420,False,0,,16d0c50e04efdd71c37bea1afd405b88f8c3e1396e40fef667aa1818bd733d24,NONE; preserve original path if referenced by frozen manifest
data/images/week1_v3/617300397884.webp,KEEP_REPRODUCIBILITY,数据/图片/事实单元是复现附件；不提交Git、不移动冻结split,DATA,54906,False,0,,821152d68b7db5f367ecdc60a184cd9354d107e6c6e2a88dadb7bd04486dd541,NONE; preserve original path if referenced by frozen manifest
data/images/week1_v3/617312923135.webp,KEEP_REPRODUCIBILITY,数据/图片/事实单元是复现附件；不提交Git、不移动冻结split,DATA,108580,False,0,,1de29b03bec6a661e24974e7a2245bce69088caa01d6b257a7e707275b88f69b,NONE; preserve original path if referenced by frozen manifest
data/images/week1_v3/617361888092.webp,KEEP_REPRODUCIBILITY,数据/图片/事实单元是复现附件；不提交Git、不移动冻结split,DATA,80950,False,0,,3058df10f9fd67a22b7213192a7e4321460ed7579edf18c5565023ed0475f600,NONE; preserve original path if referenced by frozen manifest
data/images/week1_v3/617379556582.webp,KEEP_REPRODUCIBILITY,数据/图片/事实单元是复现附件；不提交Git、不移动冻结split,DATA,65602,False,0,,812c190580643b6177f714cdb9e3b5da115a90476ed9cb0bba63fd2af1d9203d,NONE; preserve original path if referenced by frozen manifest
data/images/week1_v3/617399669095.webp,KEEP_REPRODUCIBILITY,数据/图片/事实单元是复现附件；不提交Git、不移动冻结split,DATA,178932,False,0,,b9c8a539e933a071b096428dd45175592f368c7448693a2ef5181035b8959117,NONE; preserve original path if referenced by frozen manifest
data/images/week1_v3/617425544078.webp,KEEP_REPRODUCIBILITY,数据/图片/事实单元是复现附件；不提交Git、不移动冻结split,DATA,69206,False,0,,70e979490623e93a242009d8347e7a8f67b7e05ed917365105e20efefcd0e20c,NONE; preserve original path if referenced by frozen manifest
data/images/week1_v3/617437604526.webp,KEEP_REPRODUCIBILITY,数据/图片/事实单元是复现附件；不提交Git、不移动冻结split,DATA,103032,False,0,,36ca6667e2c97bc5c86c1480e0fab2b094ab36177b8b1030bd82cfaa1f3af093,NONE; preserve original path if referenced by frozen manifest
data/images/week1_v3/617444664281.webp,KEEP_REPRODUCIBILITY,数据/图片/事实单元是复现附件；不提交Git、不移动冻结split,DATA,89786,False,0,,ffaf9c805980416580e947cc6d734de8b2c64a563ad2753f6e855149f9a2d21d,NONE; preserve original path if referenced by frozen manifest
data/images/week1_v3/617449593016.webp,KEEP_REPRODUCIBILITY,数据/图片/事实单元是复现附件；不提交Git、不移动冻结split,DATA,103436,False,0,,9aab0c0a521040c5a624be5f4ceeb652facdfe2a89d14afee3a4d33955686aea,NONE; preserve original path if referenced by frozen manifest
data/images/week1_v3/617461712013.webp,KEEP_REPRODUCIBILITY,数据/图片/事实单元是复现附件；不提交Git、不移动冻结split,DATA,72680,False,0,,5e6b03c8233b7f1f9228a30ec0d6383083bf672ea7f27b3f19703b5a09260812,NONE; preserve original path if referenced by frozen manifest
data/images/week1_v3/617484319274.webp,KEEP_REPRODUCIBILITY,数据/图片/事实单元是复现附件；不提交Git、不移动冻结split,DATA,92024,False,0,,c16b10d1f5fd79c38e7a2bfd8919f733c0c09078e76f58f20e810bf43baaf578,NONE; preserve original path if referenced by frozen manifest
data/images/week1_v3/617493601089.webp,KEEP_REPRODUCIBILITY,数据/图片/事实单元是复现附件；不提交Git、不移动冻结split,DATA,34726,False,0,,a850228b61cbe0d703c33400eb1edc2c4289069f2da3eb93ca5acdf92858b3d1,NONE; preserve original path if referenced by frozen manifest
data/images/week1_v3/617505333926.webp,KEEP_REPRODUCIBILITY,数据/图片/事实单元是复现附件；不提交Git、不移动冻结split,DATA,93872,False,0,,8ecfab1d02f60cba2b7a81f3fc851eeef5c10b8f0ea9644b9ace61c774cc6878,NONE; preserve original path if referenced by frozen manifest
data/images/week1_v3/617509167159.webp,KEEP_REPRODUCIBILITY,数据/图片/事实单元是复现附件；不提交Git、不移动冻结split,DATA,59842,False,0,,bd34db3c16fce6d17ceaf9a27b99a6aa53cf4264bb74cb51f84f8eee3767620b,NONE; preserve original path if referenced by frozen manifest
data/images/week1_v3/617513044209.webp,KEEP_REPRODUCIBILITY,数据/图片/事实单元是复现附件；不提交Git、不移动冻结split,DATA,121922,False,0,,e98bcf0d6367d452f8b8c7457f556387414836a28d2889bfcacf7939dd46d1f8,NONE; preserve original path if referenced by frozen manifest
data/images/week1_v3/617526860874.webp,KEEP_REPRODUCIBILITY,数据/图片/事实单元是复现附件；不提交Git、不移动冻结split,DATA,196882,False,0,,b54f4a7fd99b255dbdffb64f88fa2ef478b69a1600ccf76077fb23ffbeefd47a,NONE; preserve original path if referenced by frozen manifest
data/images/week1_v3/617528122221.webp,KEEP_REPRODUCIBILITY,数据/图片/事实单元是复现附件；不提交Git、不移动冻结split,DATA,106492,False,0,,ac76e5320a7f4a314cf2bc8f211e78e05e9676872942aefefb4b1af251ed04c5,NONE; preserve original path if referenced by frozen manifest
data/images/week1_v3/617573499537.webp,KEEP_REPRODUCIBILITY,数据/图片/事实单元是复现附件；不提交Git、不移动冻结split,DATA,93100,False,0,,3d416e17d26f3f6f91533b3bf2654e3d5b3b50539243cfd7efb8fb2356b3fdb1,NONE; preserve original path if referenced by frozen manifest
data/images/week1_v3/617608860391.jpg,KEEP_REPRODUCIBILITY,数据/图片/事实单元是复现附件；不提交Git、不移动冻结split,DATA,105452,False,0,,e08b28b1de949795bc72524536c49908b81399fbc761a501223d6fcb9d70adc3,NONE; preserve original path if referenced by frozen manifest
data/images/week1_v3/617614464594.webp,KEEP_REPRODUCIBILITY,数据/图片/事实单元是复现附件；不提交Git、不移动冻结split,DATA,82594,False,0,,5f57a68c6d28f3efabe13c6129a84f51e0b1363f30d1502ac1d15a7739973415,NONE; preserve original path if referenced by frozen manifest
data/images/week1_v3/617615517533.webp,KEEP_REPRODUCIBILITY,数据/图片/事实单元是复现附件；不提交Git、不移动冻结split,DATA,66742,False,0,,7ecb6e4ecfbe12593a73f41402663752f7d4d9c17e8a24e5c0c9ee98ec0175e2,NONE; preserve original path if referenced by frozen manifest
data/images/week1_v3/617624176956.webp,KEEP_REPRODUCIBILITY,数据/图片/事实单元是复现附件；不提交Git、不移动冻结split,DATA,116892,False,0,,b0243ad47bf970d5a958a8fdb740e66848b9f0d4abc0a27a0425e57cecfd3590,NONE; preserve original path if referenced by frozen manifest
data/images/week1_v3/617657050711.webp,KEEP_REPRODUCIBILITY,数据/图片/事实单元是复现附件；不提交Git、不移动冻结split,DATA,48314,False,0,,ab5ecaa01eba9de55bc75112d4b48281a84b86193e47977bc2acd2dfd1bfb477,NONE; preserve original path if referenced by frozen manifest
data/images/week1_v3/617672436986.webp,KEEP_REPRODUCIBILITY,数据/图片/事实单元是复现附件；不提交Git、不移动冻结split,DATA,72368,False,0,,dbf179813210d64e7a872fd3c7f706ebd84bd0c97a1b50d8c310f02527f94d44,NONE; preserve original path if referenced by frozen manifest
data/images/week1_v3/617676912915.webp,KEEP_REPRODUCIBILITY,数据/图片/事实单元是复现附件；不提交Git、不移动冻结split,DATA,46760,False,0,,33b92c760b478523dcfd9f3e1fb320d830252101b11ecf2b695cc6535af920dd,NONE; preserve original path if referenced by frozen manifest
data/images/week1_v3/617689832388.webp,KEEP_REPRODUCIBILITY,数据/图片/事实单元是复现附件；不提交Git、不移动冻结split,DATA,65134,False,0,,908aeb0700aef086dc029d9fc7eb6a2d232f65ceefee77ca599ab779f737d3ea,NONE; preserve original path if referenced by frozen manifest
data/images/week1_v3/617696703138.webp,KEEP_REPRODUCIBILITY,数据/图片/事实单元是复现附件；不提交Git、不移动冻结split,DATA,79066,False,0,,25f8c018dd423cc92bc1db179badcdf38499d8870f6431c8c417dadc5a94f3d1,NONE; preserve original path if referenced by frozen manifest
data/images/week1_v3/617719084712.webp,KEEP_REPRODUCIBILITY,数据/图片/事实单元是复现附件；不提交Git、不移动冻结split,DATA,39106,False,0,,63aaddf42b4bcc855cab46e01a3f86caa5546a2e16ba95ef474e13c6af3935d6,NONE; preserve original path if referenced by frozen manifest
data/images/week1_v3/617726128899.webp,KEEP_REPRODUCIBILITY,数据/图片/事实单元是复现附件；不提交Git、不移动冻结split,DATA,220556,False,0,,53b147f5893186ce7d2a1d9f4f5840cf172a2ac7fbdde496a30b0802cd303675,NONE; preserve original path if referenced by frozen manifest
data/images/week1_v3/617752681829.webp,KEEP_REPRODUCIBILITY,数据/图片/事实单元是复现附件；不提交Git、不移动冻结split,DATA,139142,False,0,,9928e7a0159aeb41be06cfef3c76a9c56027c686cc2a32952fd70f1fb54b166f,NONE; preserve original path if referenced by frozen manifest
data/images/week1_v3/617768058077.webp,KEEP_REPRODUCIBILITY,数据/图片/事实单元是复现附件；不提交Git、不移动冻结split,DATA,124030,False,0,,895595dd8085c2d425bf71d68bfff9aaadbdb3afdbcf865ee7659284ddc5de36,NONE; preserve original path if referenced by frozen manifest
data/images/week1_v3/617777678378.webp,KEEP_REPRODUCIBILITY,数据/图片/事实单元是复现附件；不提交Git、不移动冻结split,DATA,60738,False,0,,b0ba92e2dec5b4a19b252e1371a76c0a8eb55dd90c5261cd4f35162bec3d55f7,NONE; preserve original path if referenced by frozen manifest
data/images/week1_v3/617800198455.webp,KEEP_REPRODUCIBILITY,数据/图片/事实单元是复现附件；不提交Git、不移动冻结split,DATA,87388,False,0,,b23c23e411990335e5c33e0642c76f03d74ecf52f4a666cb59b5d2e2a2ce7040,NONE; preserve original path if referenced by frozen manifest
data/images/week1_v3/617802691900.webp,KEEP_REPRODUCIBILITY,数据/图片/事实单元是复现附件；不提交Git、不移动冻结split,DATA,84446,False,0,,82ecb8e1fab77e5f318572cea1b9d936fd91112869e2e39787ad40c46d2ab019,NONE; preserve original path if referenced by frozen manifest
data/images/week1_v3/617882275200.webp,KEEP_REPRODUCIBILITY,数据/图片/事实单元是复现附件；不提交Git、不移动冻结split,DATA,84540,False,0,,2932ff00073ab4d0084b37f64091b14ccd75af2449946ea2402d695accd7723d,NONE; preserve original path if referenced by frozen manifest
data/images/week1_v3/617920658390.webp,KEEP_REPRODUCIBILITY,数据/图片/事实单元是复现附件；不提交Git、不移动冻结split,DATA,130078,False,0,,006dd155b4d9857b0daf7a66440f2feecbf558079d9ae773f3aa332aba777e37,NONE; preserve original path if referenced by frozen manifest
data/images/week1_v3/617920718617.jpg,KEEP_REPRODUCIBILITY,数据/图片/事实单元是复现附件；不提交Git、不移动冻结split,DATA,223639,False,0,,04489c101be2a770fa6ebd19dc953e11128b0ed4d46de9257d0a6a6dffc58981,NONE; preserve original path if referenced by frozen manifest
data/images/week1_v3/617932778552.webp,KEEP_REPRODUCIBILITY,数据/图片/事实单元是复现附件；不提交Git、不移动冻结split,DATA,52104,False,0,,4574e85ce136de41e0a835813d898fd151c479d020759e786fbc996f3be6d659,NONE; preserve original path if referenced by frozen manifest
data/images/week1_v3/617971118913.webp,KEEP_REPRODUCIBILITY,数据/图片/事实单元是复现附件；不提交Git、不移动冻结split,DATA,120652,False,0,,2eba8d80a41c59f65653eeee7bbca1473372c811343a5031d0b26481e1cdc07a,NONE; preserve original path if referenced by frozen manifest
data/images/week1_v3/617973030363.webp,KEEP_REPRODUCIBILITY,数据/图片/事实单元是复现附件；不提交Git、不移动冻结split,DATA,131526,False,0,,2a9c3c3044724c97702fe6e670f9da16c478cae0a552d1e4d84b6a56b5b8016c,NONE; preserve original path if referenced by frozen manifest
data/images/week1_v3/618006447701.webp,KEEP_REPRODUCIBILITY,数据/图片/事实单元是复现附件；不提交Git、不移动冻结split,DATA,30710,False,0,,290daaea38728dfe79b7a9b8a865aafc340b6b0c60e66fdc227a53f13d336ce9,NONE; preserve original path if referenced by frozen manifest
data/images/week1_v3/618038302738.webp,KEEP_REPRODUCIBILITY,数据/图片/事实单元是复现附件；不提交Git、不移动冻结split,DATA,95992,False,0,,1fcb9d166ecc200726355787b3204673d0a911d6b52e8704bfff56ad8e428dfe,NONE; preserve original path if referenced by frozen manifest
data/images/week1_v3/618041426459.webp,KEEP_REPRODUCIBILITY,数据/图片/事实单元是复现附件；不提交Git、不移动冻结split,DATA,128218,False,0,,44c5e35978587ae7b9d25816b2b0f7ee5d66a6558a491f7cccae9a6732764b92,NONE; preserve original path if referenced by frozen manifest
data/images/week1_v3/618070906394.webp,KEEP_REPRODUCIBILITY,数据/图片/事实单元是复现附件；不提交Git、不移动冻结split,DATA,96768,False,0,,c2a5edef7959182898bf0d9a8c177d69780e39933851662e712bb1d488b84083,NONE; preserve original path if referenced by frozen manifest
data/images/week1_v3/618078064462.webp,KEEP_REPRODUCIBILITY,数据/图片/事实单元是复现附件；不提交Git、不移动冻结split,DATA,61320,False,0,,b53c8393b8deb2da4a8c2f4f850f2c2bbeb01724c4718aa774bdee72660623f7,NONE; preserve original path if referenced by frozen manifest
data/images/week1_v3/618097112440.webp,KEEP_REPRODUCIBILITY,数据/图片/事实单元是复现附件；不提交Git、不移动冻结split,DATA,67868,False,0,,ec1076496be7449d79f26c3fbb42ff06e8ce5fbc11ced89be2f4f67ad05266dd,NONE; preserve original path if referenced by frozen manifest
data/images/week1_v3/618103619494.webp,KEEP_REPRODUCIBILITY,数据/图片/事实单元是复现附件；不提交Git、不移动冻结split,DATA,55242,False,0,,2846650a431233fa275db622e5846fea34467b592004ffb509803b9e60e8a330,NONE; preserve original path if referenced by frozen manifest
data/images/week1_v3/618108097851.webp,KEEP_REPRODUCIBILITY,数据/图片/事实单元是复现附件；不提交Git、不移动冻结split,DATA,46376,False,0,,12379929368aebfa305a729358a466d87ffa8368dd9fbf42b35c26172e0f88f0,NONE; preserve original path if referenced by frozen manifest
data/images/week1_v3/618126763705.png,KEEP_REPRODUCIBILITY,数据/图片/事实单元是复现附件；不提交Git、不移动冻结split,DATA,137951,False,0,,479387a30fc46fa76e91e2f5f83d056fbde3a415b7fbc68bd496f0466f77be1b,NONE; preserve original path if referenced by frozen manifest
data/images/week1_v3/618130938543.webp,KEEP_REPRODUCIBILITY,数据/图片/事实单元是复现附件；不提交Git、不移动冻结split,DATA,63898,False,0,,a40b5635d912a55420d58c889b154a18e134a7534391f8c8b70b103188c76cfc,NONE; preserve original path if referenced by frozen manifest
data/images/week1_v3/618151673608.webp,KEEP_REPRODUCIBILITY,数据/图片/事实单元是复现附件；不提交Git、不移动冻结split,DATA,76800,False,0,,7bb251f378aa7c72b2cc0eb92928b5264bc2c8d9cc5a6d22dd7a5ab44272b333,NONE; preserve original path if referenced by frozen manifest
data/images/week1_v3/618156540282.webp,KEEP_REPRODUCIBILITY,数据/图片/事实单元是复现附件；不提交Git、不移动冻结split,DATA,135694,False,0,,e8e37f2c89bfdbe0763878cd439507c237a26f86a5f354e76a7459524946c214,NONE; preserve original path if referenced by frozen manifest
data/images/week1_v3/618163324030.webp,KEEP_REPRODUCIBILITY,数据/图片/事实单元是复现附件；不提交Git、不移动冻结split,DATA,195722,False,0,,3dcec9e2f38aabc811e6c4ea70c8048df1245c648609a8a8366157e5bafd625a,NONE; preserve original path if referenced by frozen manifest
data/images/week1_v3/618173057392.webp,KEEP_REPRODUCIBILITY,数据/图片/事实单元是复现附件；不提交Git、不移动冻结split,DATA,85204,False,0,,d0bded5d463077869f97f21643e7e756cbf29a48f3b87006da9b02c2e819e689,NONE; preserve original path if referenced by frozen manifest
data/images/week1_v3/618174756566.webp,KEEP_REPRODUCIBILITY,数据/图片/事实单元是复现附件；不提交Git、不移动冻结split,DATA,144856,False,0,,1ee0180552a95721e5ed5b408564b484096b5f358630de12428443b9cb7fbaf6,NONE; preserve original path if referenced by frozen manifest
data/images/week1_v3/618185075194.webp,KEEP_REPRODUCIBILITY,数据/图片/事实单元是复现附件；不提交Git、不移动冻结split,DATA,127408,False,0,,072eb01fdd87170d18135bc9ab175e735677162e4e3489aff254ec31a85a350a,NONE; preserve original path if referenced by frozen manifest
data/images/week1_v3/618208632390.webp,KEEP_REPRODUCIBILITY,数据/图片/事实单元是复现附件；不提交Git、不移动冻结split,DATA,55812,False,0,,562f4f0655d740befc41b562ace60d26004e880b71fd7ff185cb303e74b34c3a,NONE; preserve original path if referenced by frozen manifest
data/images/week1_v3/618230558865.webp,KEEP_REPRODUCIBILITY,数据/图片/事实单元是复现附件；不提交Git、不移动冻结split,DATA,74616,False,0,,1c13936c4b235ee5fd7a00c2ae36706c44a94f066ec23f3ad0a249d58f638344,NONE; preserve original path if referenced by frozen manifest
data/images/week1_v3/618263479034.webp,KEEP_REPRODUCIBILITY,数据/图片/事实单元是复现附件；不提交Git、不移动冻结split,DATA,31086,False,0,,6cf6c28636e2e785d90da4595628ba6cd68f0a29d03f5bda5a08e599161058f6,NONE; preserve original path if referenced by frozen manifest
data/images/week1_v3/618267914267.webp,KEEP_REPRODUCIBILITY,数据/图片/事实单元是复现附件；不提交Git、不移动冻结split,DATA,40778,False,0,,232d2185e865e74043a1662159d47cd9276ffbf56a7f113cde31b7bbec7b18dc,NONE; preserve original path if referenced by frozen manifest
data/images/week1_v3/618270380972.webp,KEEP_REPRODUCIBILITY,数据/图片/事实单元是复现附件；不提交Git、不移动冻结split,DATA,134674,False,0,,f01899d4508e18d22d2f2da951ca193f1368a47ac268288bb0471495236ba511,NONE; preserve original path if referenced by frozen manifest
data/images/week1_v3/618274242436.webp,KEEP_REPRODUCIBILITY,数据/图片/事实单元是复现附件；不提交Git、不移动冻结split,DATA,28678,False,0,,4b8f5f5cfe273d82759fcafe020fe3c517b6b1359701d6e7e57145b3e369c225,NONE; preserve original path if referenced by frozen manifest
data/images/week1_v3/618279444027.webp,KEEP_REPRODUCIBILITY,数据/图片/事实单元是复现附件；不提交Git、不移动冻结split,DATA,40350,False,0,,f17e2451b0bbfd968be35495d5d33fea839d6abda11b89f8232375491f2d0609,NONE; preserve original path if referenced by frozen manifest
data/images/week1_v3/618287189510.webp,KEEP_REPRODUCIBILITY,数据/图片/事实单元是复现附件；不提交Git、不移动冻结split,DATA,117846,False,0,,2c535a83293d06a848b5dd4785368015b2173692001e2490b45f4b6a7c61b446,NONE; preserve original path if referenced by frozen manifest
data/images/week1_v3/618303408271.webp,KEEP_REPRODUCIBILITY,数据/图片/事实单元是复现附件；不提交Git、不移动冻结split,DATA,40122,False,0,,bb85ab6da3c4bf6292d90ad6516a1d05a133d6120101ca516a3c60c863015458,NONE; preserve original path if referenced by frozen manifest
data/images/week1_v3/618360430042.webp,KEEP_REPRODUCIBILITY,数据/图片/事实单元是复现附件；不提交Git、不移动冻结split,DATA,94016,False,0,,274d2bfa01da01af2208e37fb109279f0bc2e3083ed2579cfa606a1b1e1ff11e,NONE; preserve original path if referenced by frozen manifest
data/images/week1_v3/618379166068.webp,KEEP_REPRODUCIBILITY,数据/图片/事实单元是复现附件；不提交Git、不移动冻结split,DATA,56078,False,0,,5375a9023e83429752eb9fc8e90c0aba4af41af1b46bda75f84c78132aadf822,NONE; preserve original path if referenced by frozen manifest
data/images/week1_v3/618389526095.webp,KEEP_REPRODUCIBILITY,数据/图片/事实单元是复现附件；不提交Git、不移动冻结split,DATA,70018,False,0,,3ffd7a6edc0fa6dfc6ee7a288a247c95bc507880c346af20d60b1a6aea91b8a8,NONE; preserve original path if referenced by frozen manifest
data/images/week1_v3/618416951039.webp,KEEP_REPRODUCIBILITY,数据/图片/事实单元是复现附件；不提交Git、不移动冻结split,DATA,86820,False,0,,1784a1868f59e6d768d9bb07958f015b7d23cc85f6db2af1d9cbece589447364,NONE; preserve original path if referenced by frozen manifest
data/images/week1_v3/618457835323.webp,KEEP_REPRODUCIBILITY,数据/图片/事实单元是复现附件；不提交Git、不移动冻结split,DATA,27262,False,0,,1d8f30396eec6a966e2d1a7816ec1c87ad8bd3747026ce17bd718c34de5f637e,NONE; preserve original path if referenced by frozen manifest
data/images/week1_v3/618461689948.webp,KEEP_REPRODUCIBILITY,数据/图片/事实单元是复现附件；不提交Git、不移动冻结split,DATA,117506,False,0,,519d3c6d8f6e4a2c6cd2dce1f22f0f91642418f5d9c5a3cdd8064a156af95e78,NONE; preserve original path if referenced by frozen manifest
data/images/week1_v3/618461813716.webp,KEEP_REPRODUCIBILITY,数据/图片/事实单元是复现附件；不提交Git、不移动冻结split,DATA,129196,False,0,,cb37f343b99add75dbce2750f3bbe91d18bd4592a71345b2a22a51031ca959b1,NONE; preserve original path if referenced by frozen manifest
data/images/week1_v3/618461849786.webp,KEEP_REPRODUCIBILITY,数据/图片/事实单元是复现附件；不提交Git、不移动冻结split,DATA,171352,False,0,,21a4728aeb55eb45492ef08cfbbafb0c4bfd81598e1c6da445b38d0d5953797b,NONE; preserve original path if referenced by frozen manifest
data/images/week1_v3/618461997495.webp,KEEP_REPRODUCIBILITY,数据/图片/事实单元是复现附件；不提交Git、不移动冻结split,DATA,82740,False,0,,dfb3805e1c0a3408bdb70f654347f24bb7dd9d4c6037e2cbdaafe302255fa9b4,NONE; preserve original path if referenced by frozen manifest
data/images/week1_v3/618473853699.webp,KEEP_REPRODUCIBILITY,数据/图片/事实单元是复现附件；不提交Git、不移动冻结split,DATA,96074,False,0,,805d60cf90199b00d8fc28988432dc0c1926f1d3a000ed490933566edae91fdc,NONE; preserve original path if referenced by frozen manifest
data/images/week1_v3/618483666008.webp,KEEP_REPRODUCIBILITY,数据/图片/事实单元是复现附件；不提交Git、不移动冻结split,DATA,87946,False,0,,5125541b5f20ec6b580a1d3bd5c928b093c6672d03af226c0b7b06da1a6923fc,NONE; preserve original path if referenced by frozen manifest
data/images/week1_v3/618500896496.webp,KEEP_REPRODUCIBILITY,数据/图片/事实单元是复现附件；不提交Git、不移动冻结split,DATA,108366,False,0,,82be8e6a4d9b684dd3ded0d8ebfa7fc27a445206892eeef96ee51adf4885ce65,NONE; preserve original path if referenced by frozen manifest
data/images/week1_v3/618501690579.webp,KEEP_REPRODUCIBILITY,数据/图片/事实单元是复现附件；不提交Git、不移动冻结split,DATA,23972,False,0,,38f3f29633971e0d05bc50ca31dded860852907fb9187133b8a78541c1c4f001,NONE; preserve original path if referenced by frozen manifest
data/images/week1_v3/618507995247.webp,KEEP_REPRODUCIBILITY,数据/图片/事实单元是复现附件；不提交Git、不移动冻结split,DATA,68668,False,0,,f4e1548077a9bec650fef9a5e0591e6a6bb82e236fffefe54e344cd16a4c4bea,NONE; preserve original path if referenced by frozen manifest
data/images/week1_v3/618536149888.webp,KEEP_REPRODUCIBILITY,数据/图片/事实单元是复现附件；不提交Git、不移动冻结split,DATA,44978,False,0,,94c911a767d8364c958c332ec18fc75f443b0e9233c5b11270b0a3031509b317,NONE; preserve original path if referenced by frozen manifest
data/images/week1_v3/618544472871.webp,KEEP_REPRODUCIBILITY,数据/图片/事实单元是复现附件；不提交Git、不移动冻结split,DATA,21552,False,0,,2a6037bbf2323aafa8e60f4835a9f25234fc0a1dfb7b04f7ba95b1ba443d1db1,NONE; preserve original path if referenced by frozen manifest
data/images/week1_v3/618548581512.webp,KEEP_REPRODUCIBILITY,数据/图片/事实单元是复现附件；不提交Git、不移动冻结split,DATA,60602,False,0,,adeddd9659876c514f8700739b8515a21d9b042a274e54efc6069347d6bb585d,NONE; preserve original path if referenced by frozen manifest
data/images/week1_v3/618548633452.webp,KEEP_REPRODUCIBILITY,数据/图片/事实单元是复现附件；不提交Git、不移动冻结split,DATA,102678,False,0,,85a080d6f8eb82b1e1a409fc1d210b509564082227f37876c6420f5c349b047b,NONE; preserve original path if referenced by frozen manifest
data/images/week1_v3/618578432968.webp,KEEP_REPRODUCIBILITY,数据/图片/事实单元是复现附件；不提交Git、不移动冻结split,DATA,39854,False,0,,c0462faf3f708d273ae590445bdd06a9124b2108089dddbf54cf00313d90af0f,NONE; preserve original path if referenced by frozen manifest
data/images/week1_v3/618588336099.webp,KEEP_REPRODUCIBILITY,数据/图片/事实单元是复现附件；不提交Git、不移动冻结split,DATA,151638,False,0,,1e4dd97d661113404da420b95e7f86aaec03002d20df0303603718afe4070cb0,NONE; preserve original path if referenced by frozen manifest
data/images/week1_v3/618596229153.webp,KEEP_REPRODUCIBILITY,数据/图片/事实单元是复现附件；不提交Git、不移动冻结split,DATA,80202,False,0,,2c9f11d8ffdae787856eff8907965841e36487daea13bb0ecb551a9a680b8442,NONE; preserve original path if referenced by frozen manifest
data/images/week1_v3/618601045779.webp,KEEP_REPRODUCIBILITY,数据/图片/事实单元是复现附件；不提交Git、不移动冻结split,DATA,60734,False,0,,492d15df171e8f0b858e3731d69a2bd62951065b5bd243cc35f0c52129121223,NONE; preserve original path if referenced by frozen manifest
data/images/week1_v3/6186235629.webp,KEEP_REPRODUCIBILITY,数据/图片/事实单元是复现附件；不提交Git、不移动冻结split,DATA,41308,False,0,,38b00f3ddc977e607a30397984dc7dca4c63b974b19a711ee28719236d8e7b45,NONE; preserve original path if referenced by frozen manifest
data/images/week1_v3/618644815563.webp,KEEP_REPRODUCIBILITY,数据/图片/事实单元是复现附件；不提交Git、不移动冻结split,DATA,96780,False,0,,609a29d154638f1b0140cfe8167c0638d2136282fc531762f53c69306d995f9b,NONE; preserve original path if referenced by frozen manifest
data/images/week1_v3/618702189849.webp,KEEP_REPRODUCIBILITY,数据/图片/事实单元是复现附件；不提交Git、不移动冻结split,DATA,20960,False,0,,4194201f5057a28241185dd03337a61f0f6c794bc0f66a187e86b853d8e0d651,NONE; preserve original path if referenced by frozen manifest
data/images/week1_v3/618706864946.webp,KEEP_REPRODUCIBILITY,数据/图片/事实单元是复现附件；不提交Git、不移动冻结split,DATA,62578,False,0,,352789f0c0a4e97159ad5581069cf9bb1e7ba3c1cc77f964e836596e22743519,NONE; preserve original path if referenced by frozen manifest
data/images/week1_v3/618721330274.webp,KEEP_REPRODUCIBILITY,数据/图片/事实单元是复现附件；不提交Git、不移动冻结split,DATA,124818,False,0,,00088070454b791f9b386b4b043e27ce3822fb6c6f0db7a42108bfced16fac74,NONE; preserve original path if referenced by frozen manifest
data/images/week1_v3/618733106466.webp,KEEP_REPRODUCIBILITY,数据/图片/事实单元是复现附件；不提交Git、不移动冻结split,DATA,134732,False,0,,79c476a68b9186b5e8b9754bdf61199f066474a61bd4d1000bcddcd2c9ee0cb0,NONE; preserve original path if referenced by frozen manifest
data/images/week1_v3/618747216107.webp,KEEP_REPRODUCIBILITY,数据/图片/事实单元是复现附件；不提交Git、不移动冻结split,DATA,65324,False,0,,a688d9edd66afea030985cde3cea095bcbbc6284eef7d425e68abbdc825877db,NONE; preserve original path if referenced by frozen manifest
data/images/week1_v3/618752883206.webp,KEEP_REPRODUCIBILITY,数据/图片/事实单元是复现附件；不提交Git、不移动冻结split,DATA,194808,False,0,,7c31a6387090770f2d1c155af8534978141b49609c66bcee2ed496a91429a0a2,NONE; preserve original path if referenced by frozen manifest
data/images/week1_v3/618753568717.webp,KEEP_REPRODUCIBILITY,数据/图片/事实单元是复现附件；不提交Git、不移动冻结split,DATA,72662,False,0,,e80df9d81a0834265800cbcdcda59018fb53a5430f78ec96f94425fd3d8c4c43,NONE; preserve original path if referenced by frozen manifest
data/images/week1_v3/618780864100.webp,KEEP_REPRODUCIBILITY,数据/图片/事实单元是复现附件；不提交Git、不移动冻结split,DATA,74246,False,0,,ab085e57fe53c8f214746235323ec6be75b0751ad3c61c149ab48b53ea2e30cd,NONE; preserve original path if referenced by frozen manifest
data/images/week1_v3/618801434042.webp,KEEP_REPRODUCIBILITY,数据/图片/事实单元是复现附件；不提交Git、不移动冻结split,DATA,64210,False,0,,488bba6cd399cb47c83bf8fb862065d7ab296a1c4b02afcb12a8530533eebdee,NONE; preserve original path if referenced by frozen manifest
data/images/week1_v3/618804531282.webp,KEEP_REPRODUCIBILITY,数据/图片/事实单元是复现附件；不提交Git、不移动冻结split,DATA,61312,False,0,,9da85d5115e491a50cb04a71301b167cb6f141d8defed91ad5c55bcaf10e67e7,NONE; preserve original path if referenced by frozen manifest
data/images/week1_v3/618804897016.webp,KEEP_REPRODUCIBILITY,数据/图片/事实单元是复现附件；不提交Git、不移动冻结split,DATA,137748,False,0,,3e44b13d2fadf1b562edcbff7d0104ef8041622022699e7e256c0ff70bf1b622,NONE; preserve original path if referenced by frozen manifest
data/images/week1_v3/618805786381.webp,KEEP_REPRODUCIBILITY,数据/图片/事实单元是复现附件；不提交Git、不移动冻结split,DATA,59806,False,0,,eb07f04c21c92328f9a0ef37507e2af515583c44566eb3eaca8ebb130630e6d1,NONE; preserve original path if referenced by frozen manifest
data/images/week1_v3/618817587663.webp,KEEP_REPRODUCIBILITY,数据/图片/事实单元是复现附件；不提交Git、不移动冻结split,DATA,51780,False,0,,c2acb587f437a014e4e28db44957410210a2fd4c495fbeeed109cc347aa5c13e,NONE; preserve original path if referenced by frozen manifest
data/images/week1_v3/618820646060.webp,KEEP_REPRODUCIBILITY,数据/图片/事实单元是复现附件；不提交Git、不移动冻结split,DATA,15710,False,0,,806b55520013ebac3ac4048ab93cf159c4b9f1240f89681329a95cf5e64dd8ba,NONE; preserve original path if referenced by frozen manifest
data/images/week1_v3/618832075257.webp,KEEP_REPRODUCIBILITY,数据/图片/事实单元是复现附件；不提交Git、不移动冻结split,DATA,31662,False,0,,5fcdb88cc8351916094d0d84d03fd8bfa007a117376012f6fa2351710184a13c,NONE; preserve original path if referenced by frozen manifest
data/images/week1_v3/618846993537.webp,KEEP_REPRODUCIBILITY,数据/图片/事实单元是复现附件；不提交Git、不移动冻结split,DATA,128052,False,0,,14d5876aabf7ffcc5b932fa259064dc779e708f949c500eedec2b5e666f1d2c7,NONE; preserve original path if referenced by frozen manifest
data/images/week1_v3/618850064992.webp,KEEP_REPRODUCIBILITY,数据/图片/事实单元是复现附件；不提交Git、不移动冻结split,DATA,83458,False,0,,ef14afaaafe12fe774345b041edb67fb52093483c1f24d7438cab9e3e405fdb4,NONE; preserve original path if referenced by frozen manifest
data/images/week1_v3/618886641886.webp,KEEP_REPRODUCIBILITY,数据/图片/事实单元是复现附件；不提交Git、不移动冻结split,DATA,69780,False,0,,484cf85c0be1ea0280a08692988f9f69f8590b042fa64ed768414e540ff0993e,NONE; preserve original path if referenced by frozen manifest
data/images/week1_v3/618918851076.webp,KEEP_REPRODUCIBILITY,数据/图片/事实单元是复现附件；不提交Git、不移动冻结split,DATA,43902,False,0,,c451925c969f0e5a16e010ef48ce0136cf5dc1a2a921d3a65c88f8504f48fb76,NONE; preserve original path if referenced by frozen manifest
data/images/week1_v3/618919901376.webp,KEEP_REPRODUCIBILITY,数据/图片/事实单元是复现附件；不提交Git、不移动冻结split,DATA,24650,False,0,,791a6be502006b6a4cec7f44cf0b4b6a37a5487813090ad4c030e8f4a4695be0,NONE; preserve original path if referenced by frozen manifest
data/images/week1_v3/618920091441.webp,KEEP_REPRODUCIBILITY,数据/图片/事实单元是复现附件；不提交Git、不移动冻结split,DATA,58568,False,0,,7f3a2eb88a0dc1e1e1cba77ff8c7db7db551d95d8423b05bcaf1d80b2eb76a19,NONE; preserve original path if referenced by frozen manifest
data/images/week1_v3/618922207097.webp,KEEP_REPRODUCIBILITY,数据/图片/事实单元是复现附件；不提交Git、不移动冻结split,DATA,69256,False,0,,8e082434812884b3e81d3e6e98198b72378e9a7733cdc061cab14f65802fe457,NONE; preserve original path if referenced by frozen manifest
data/images/week1_v3/618951172727.webp,KEEP_REPRODUCIBILITY,数据/图片/事实单元是复现附件；不提交Git、不移动冻结split,DATA,39044,False,0,,48b714a65fdb53977840844e814b40d5e2a456aeb2a1609c3aacc1545f21c48f,NONE; preserve original path if referenced by frozen manifest
data/images/week1_v3/618961518501.webp,KEEP_REPRODUCIBILITY,数据/图片/事实单元是复现附件；不提交Git、不移动冻结split,DATA,49246,False,0,,2df57be0503e53e2e06a1a2e0b3b1b90ccacac50c1b765021f4c3c38c32a5aa4,NONE; preserve original path if referenced by frozen manifest
data/images/week1_v3/618979967988.webp,KEEP_REPRODUCIBILITY,数据/图片/事实单元是复现附件；不提交Git、不移动冻结split,DATA,121514,False,0,,aaaf925443b7eac78df45bb7a2b967daaf995b51a47e58cee0a00630d225a293,NONE; preserve original path if referenced by frozen manifest
data/images/week1_v3/618982416510.webp,KEEP_REPRODUCIBILITY,数据/图片/事实单元是复现附件；不提交Git、不移动冻结split,DATA,58502,False,0,,fc30ebc8787febbb29cc78fbdf2a61930857aea9fd1c09fab111ac433cc94f43,NONE; preserve original path if referenced by frozen manifest
data/images/week1_v3/618984354940.webp,KEEP_REPRODUCIBILITY,数据/图片/事实单元是复现附件；不提交Git、不移动冻结split,DATA,39206,False,0,,20b49e03ba0c7df2953b163d337a21e2021572bfe7781f488d19f74c26bd03af,NONE; preserve original path if referenced by frozen manifest
data/images/week1_v3/618994731997.webp,KEEP_REPRODUCIBILITY,数据/图片/事实单元是复现附件；不提交Git、不移动冻结split,DATA,8346,False,0,,d13524120525108bdd9bf500bd3e28931baa15fa19f6a41f35127a9af8be2791,NONE; preserve original path if referenced by frozen manifest
data/images/week1_v3/619001269290.webp,KEEP_REPRODUCIBILITY,数据/图片/事实单元是复现附件；不提交Git、不移动冻结split,DATA,78264,False,0,,dfdeff9f68bdf43d5d2e4d41714c54ebdae5f62cc34c94db8290bf8ad3b876b4,NONE; preserve original path if referenced by frozen manifest
data/images/week1_v3/619014721267.webp,KEEP_REPRODUCIBILITY,数据/图片/事实单元是复现附件；不提交Git、不移动冻结split,DATA,17232,False,0,,481546ada6675e6658f5d7a87d527e70a4635c0d64a18783089c38aa8336e968,NONE; preserve original path if referenced by frozen manifest
data/images/week1_v3/619051976347.webp,KEEP_REPRODUCIBILITY,数据/图片/事实单元是复现附件；不提交Git、不移动冻结split,DATA,72484,False,0,,5d413af4b1740a30679c35f1bcb2a26f13d498451878d8486aa2859c8a015072,NONE; preserve original path if referenced by frozen manifest
data/images/week1_v3/619052140191.webp,KEEP_REPRODUCIBILITY,数据/图片/事实单元是复现附件；不提交Git、不移动冻结split,DATA,120956,False,0,,a0f738a94047596f08667c738bf3e15d342cacb66e98215c6f2a22f310bfcbad,NONE; preserve original path if referenced by frozen manifest
data/images/week1_v3/619068287235.webp,KEEP_REPRODUCIBILITY,数据/图片/事实单元是复现附件；不提交Git、不移动冻结split,DATA,149106,False,0,,c9103c03db1ab914230c7e290010b8d640ac2df9f66ac0dc0591ed28ee669a62,NONE; preserve original path if referenced by frozen manifest
data/images/week1_v3/619073813109.webp,KEEP_REPRODUCIBILITY,数据/图片/事实单元是复现附件；不提交Git、不移动冻结split,DATA,27766,False,0,,9cf8d8933c95d4fd5c5d236c973fbab50cb3c767980274defb53d625a4796720,NONE; preserve original path if referenced by frozen manifest
data/images/week1_v3/619083195268.webp,KEEP_REPRODUCIBILITY,数据/图片/事实单元是复现附件；不提交Git、不移动冻结split,DATA,37520,False,0,,1e884b987b348403efd806b31a097002cbb9181c9f853a6f7178a0a4797442fd,NONE; preserve original path if referenced by frozen manifest
data/images/week1_v3/619085598337.webp,KEEP_REPRODUCIBILITY,数据/图片/事实单元是复现附件；不提交Git、不移动冻结split,DATA,77988,False,0,,490b228181388113e67b6735558e12e782c61b303d1ebc3e0a4cdbca800bf573,NONE; preserve original path if referenced by frozen manifest
data/images/week1_v3/619086821555.webp,KEEP_REPRODUCIBILITY,数据/图片/事实单元是复现附件；不提交Git、不移动冻结split,DATA,12426,False,0,,4946f8590b57e1a7f9f20282947e06a44f97dd86f51945d92ea46a06a8f32a7a,NONE; preserve original path if referenced by frozen manifest
data/images/week1_v3/619089396823.webp,KEEP_REPRODUCIBILITY,数据/图片/事实单元是复现附件；不提交Git、不移动冻结split,DATA,51972,False,0,,df907b3b5fe4a53325cbfd04d2183abfcae06ad2933aa511b10635b2c6a4bfdd,NONE; preserve original path if referenced by frozen manifest
data/images/week1_v3/619093722949.webp,KEEP_REPRODUCIBILITY,数据/图片/事实单元是复现附件；不提交Git、不移动冻结split,DATA,128964,False,0,,2f3bc723003ce0c76d147356ee556fcb732ed2c1d6e0889bb29fc133533c1948,NONE; preserve original path if referenced by frozen manifest
data/images/week1_v3/619157127371.webp,KEEP_REPRODUCIBILITY,数据/图片/事实单元是复现附件；不提交Git、不移动冻结split,DATA,44846,False,0,,d78329355ef7a73074d68ba25512f0b3c4f412fa38ab2a256b800ad878f15225,NONE; preserve original path if referenced by frozen manifest
data/images/week1_v3/619231434600.jpg,KEEP_REPRODUCIBILITY,数据/图片/事实单元是复现附件；不提交Git、不移动冻结split,DATA,133550,False,0,,459920327fb48ec1a50ecb9d2f9e3bdbd2afc2447a77a8af141ab994173b5303,NONE; preserve original path if referenced by frozen manifest
data/images/week1_v3/619270494279.webp,KEEP_REPRODUCIBILITY,数据/图片/事实单元是复现附件；不提交Git、不移动冻结split,DATA,90330,False,0,,0a548d160ba3599b2167e9fe8d39f99b6c6b8031ac722a9fde974a921e81425a,NONE; preserve original path if referenced by frozen manifest
data/images/week1_v3/619318675721.webp,KEEP_REPRODUCIBILITY,数据/图片/事实单元是复现附件；不提交Git、不移动冻结split,DATA,56906,False,0,,9fe42a0062b92dc9090cb4baad6a6ab78d5ce0369f67d999d4a8340269f7cb10,NONE; preserve original path if referenced by frozen manifest
data/images/week1_v3/619319640875.webp,KEEP_REPRODUCIBILITY,数据/图片/事实单元是复现附件；不提交Git、不移动冻结split,DATA,58924,False,0,,b02fea3cd964205f619fe7be7297e0e038cebe62a1b87c2fed9de5ef4df0f1a2,NONE; preserve original path if referenced by frozen manifest
data/images/week1_v3/619344209499.webp,KEEP_REPRODUCIBILITY,数据/图片/事实单元是复现附件；不提交Git、不移动冻结split,DATA,191028,False,0,,359a18dd146950e14881e8434d7a33ed85f87310d83dd974d05adcdf3136c61a,NONE; preserve original path if referenced by frozen manifest
data/images/week1_v3/619386017190.webp,KEEP_REPRODUCIBILITY,数据/图片/事实单元是复现附件；不提交Git、不移动冻结split,DATA,57542,False,0,,875f5fca0fe927da277f6c55e8affaf1c92c366664aee1a012afd5287a6bd421,NONE; preserve original path if referenced by frozen manifest
data/images/week1_v3/619396946369.webp,KEEP_REPRODUCIBILITY,数据/图片/事实单元是复现附件；不提交Git、不移动冻结split,DATA,231398,False,0,,6549a84a252ae3d9340c5514d6022a772a3f106559c47125ffd1c7905c846aa8,NONE; preserve original path if referenced by frozen manifest
data/images/week1_v3/619418622227.webp,KEEP_REPRODUCIBILITY,数据/图片/事实单元是复现附件；不提交Git、不移动冻结split,DATA,81778,False,0,,68dee1d7aff52c6e03bcd67acd7f8c34a94968a003abe02245fac17ddf15329d,NONE; preserve original path if referenced by frozen manifest
data/images/week1_v3/619476363831.webp,KEEP_REPRODUCIBILITY,数据/图片/事实单元是复现附件；不提交Git、不移动冻结split,DATA,129308,False,0,,82a76170e9d3b58d26ec30404b7f6b6ecec7ca45112d54f37d0f34ec703ade55,NONE; preserve original path if referenced by frozen manifest
data/images/week1_v3/619480134884.webp,KEEP_REPRODUCIBILITY,数据/图片/事实单元是复现附件；不提交Git、不移动冻结split,DATA,47796,False,0,,67918db2e51e057d17baaf7148a4901b93148d9bb26696c25e673a498a2f8853,NONE; preserve original path if referenced by frozen manifest
data/images/week1_v3/619500630957.webp,KEEP_REPRODUCIBILITY,数据/图片/事实单元是复现附件；不提交Git、不移动冻结split,DATA,54374,False,0,,96f57a57ff5b93631959a9e894fb406831e6130511ef1c795b897bf7047d4bf5,NONE; preserve original path if referenced by frozen manifest
data/images/week1_v3/619501332263.webp,KEEP_REPRODUCIBILITY,数据/图片/事实单元是复现附件；不提交Git、不移动冻结split,DATA,41594,False,0,,a6e99bbe60ff0fd49f62ba86dc6a122d2f0de8b7378a16dabb79be4e0023819d,NONE; preserve original path if referenced by frozen manifest
data/images/week1_v3/619518651001.webp,KEEP_REPRODUCIBILITY,数据/图片/事实单元是复现附件；不提交Git、不移动冻结split,DATA,43684,False,0,,be234e9ebf10e38d3d6ea82967a8f9fed11c0dfc6d43fc20b5a8abc92fee388f,NONE; preserve original path if referenced by frozen manifest
data/images/week1_v3/619523367974.webp,KEEP_REPRODUCIBILITY,数据/图片/事实单元是复现附件；不提交Git、不移动冻结split,DATA,125450,False,0,,60d5e90fe85e3df8364354eae76fac9b87eac620ba1615005499e8598ae35290,NONE; preserve original path if referenced by frozen manifest
data/images/week1_v3/619598651152.jpg,KEEP_REPRODUCIBILITY,数据/图片/事实单元是复现附件；不提交Git、不移动冻结split,DATA,52845,False,0,,e4a03ef1b584ca0588675a471c8252f576db5f255b01aca040c31b94be8a5d56,NONE; preserve original path if referenced by frozen manifest
data/images/week1_v3/619612626862.webp,KEEP_REPRODUCIBILITY,数据/图片/事实单元是复现附件；不提交Git、不移动冻结split,DATA,58116,False,0,,2361ab7c2221da6d3f2a58a84feb924b3d65c6d20adc59c036b75e7f446a932b,NONE; preserve original path if referenced by frozen manifest
data/images/week1_v3/619634747474.webp,KEEP_REPRODUCIBILITY,数据/图片/事实单元是复现附件；不提交Git、不移动冻结split,DATA,117942,False,0,,2711b456a2f8e536d0b73fdad3adc832d5259abe09f5017984dc737db320ed4a,NONE; preserve original path if referenced by frozen manifest
data/images/week1_v3/619636184496.webp,KEEP_REPRODUCIBILITY,数据/图片/事实单元是复现附件；不提交Git、不移动冻结split,DATA,76182,False,0,,bdc9b0be3adf052acfc21d0dbe30a9bf5135a3114a3c94c0c50b352a9c622997,NONE; preserve original path if referenced by frozen manifest
data/images/week1_v3/619640846103.webp,KEEP_REPRODUCIBILITY,数据/图片/事实单元是复现附件；不提交Git、不移动冻结split,DATA,58616,False,0,,5345436b7271e4a78eba37f82be63bf9d06b060f6dc7fce7dfe8a3f9dbb0c687,NONE; preserve original path if referenced by frozen manifest
data/images/week1_v3/619645387646.webp,KEEP_REPRODUCIBILITY,数据/图片/事实单元是复现附件；不提交Git、不移动冻结split,DATA,113868,False,0,,e0e5695eb1e2634513f0960e8351f6df8315056b457136aa5ac878e7c53a104e,NONE; preserve original path if referenced by frozen manifest
data/images/week1_v3/619658025471.webp,KEEP_REPRODUCIBILITY,数据/图片/事实单元是复现附件；不提交Git、不移动冻结split,DATA,68878,False,0,,67975cf1f5ecb1cb4528793079fd870acb1979b165cd82714c78bf4852091422,NONE; preserve original path if referenced by frozen manifest
data/images/week1_v3/619677609805.webp,KEEP_REPRODUCIBILITY,数据/图片/事实单元是复现附件；不提交Git、不移动冻结split,DATA,64450,False,0,,1c58e6a222fb966fb104d8e9ce903ad7af56d4a3919673e7c2482825ca0a452d,NONE; preserve original path if referenced by frozen manifest
data/images/week1_v3/619718862513.webp,KEEP_REPRODUCIBILITY,数据/图片/事实单元是复现附件；不提交Git、不移动冻结split,DATA,74360,False,0,,c134ecb274115860bc56f2bde232eb921ffed16b8cfdc143b7719b2fd5497bc0,NONE; preserve original path if referenced by frozen manifest
data/images/week1_v3/619765960840.webp,KEEP_REPRODUCIBILITY,数据/图片/事实单元是复现附件；不提交Git、不移动冻结split,DATA,178584,False,0,,ea4155b350cf962a1868623215906537db8a3ed759ff3a0a4b3d99db0a929c98,NONE; preserve original path if referenced by frozen manifest
data/images/week1_v3/619806539571.webp,KEEP_REPRODUCIBILITY,数据/图片/事实单元是复现附件；不提交Git、不移动冻结split,DATA,94752,False,0,,657aee463185233a6fb185fa6de1bf8a03e611afcadef8656019efd8c54f43cb,NONE; preserve original path if referenced by frozen manifest
data/images/week1_v3/619817567468.webp,KEEP_REPRODUCIBILITY,数据/图片/事实单元是复现附件；不提交Git、不移动冻结split,DATA,107282,False,0,,c96a9000f65d9919f3f29d71e78f6f34b971a5d24eff5664c2d558975f76b2f1,NONE; preserve original path if referenced by frozen manifest
data/images/week1_v3/619879857875.webp,KEEP_REPRODUCIBILITY,数据/图片/事实单元是复现附件；不提交Git、不移动冻结split,DATA,60956,False,0,,4e2a98a52ebed4e7486806082c8d782226785a0526e92a1e6dc23a4e8d817a27,NONE; preserve original path if referenced by frozen manifest
data/images/week1_v3/619941129652.webp,KEEP_REPRODUCIBILITY,数据/图片/事实单元是复现附件；不提交Git、不移动冻结split,DATA,83768,False,0,,d0c46c8fd7e3ff8c58c3b05f6f925c7663a48d918121edb1157a2024001189ac,NONE; preserve original path if referenced by frozen manifest
data/images/week1_v3/620001702473.webp,KEEP_REPRODUCIBILITY,数据/图片/事实单元是复现附件；不提交Git、不移动冻结split,DATA,175258,False,0,,3528b252335ad4435868a1371cf04d9461184a2391be4081f3dbcefdcb1d402f,NONE; preserve original path if referenced by frozen manifest
data/images/week1_v3/620004973618.webp,KEEP_REPRODUCIBILITY,数据/图片/事实单元是复现附件；不提交Git、不移动冻结split,DATA,31404,False,0,,52a5764eb90497a4f5312f748a571e5b6ae42c84cc65bed57135915abb343b83,NONE; preserve original path if referenced by frozen manifest
data/images/week1_v3/620013550789.webp,KEEP_REPRODUCIBILITY,数据/图片/事实单元是复现附件；不提交Git、不移动冻结split,DATA,55310,False,0,,0814164459ef4b64aef83893a7650c54c41b1b1556166890ff4f83a8d4f89644,NONE; preserve original path if referenced by frozen manifest
data/images/week1_v3/620021617730.png,KEEP_REPRODUCIBILITY,数据/图片/事实单元是复现附件；不提交Git、不移动冻结split,DATA,249671,False,0,,a63de97bba3e5799e98478ab49f9c39c21625f1fb9be95fe14a2cdb5b0b8d2b8,NONE; preserve original path if referenced by frozen manifest
data/images/week1_v3/620062860791.webp,KEEP_REPRODUCIBILITY,数据/图片/事实单元是复现附件；不提交Git、不移动冻结split,DATA,63854,False,0,,fe74a2b19c130a9a242caa9f5515b4294dfc1817069b80068cd9664be32e3807,NONE; preserve original path if referenced by frozen manifest
data/images/week1_v3/620082904293.webp,KEEP_REPRODUCIBILITY,数据/图片/事实单元是复现附件；不提交Git、不移动冻结split,DATA,83126,False,0,,ddb8526ff6c43654d8a8960960911df37b14001f8dd8b398331eaebac2c34b28,NONE; preserve original path if referenced by frozen manifest
data/images/week1_v3/620091723029.webp,KEEP_REPRODUCIBILITY,数据/图片/事实单元是复现附件；不提交Git、不移动冻结split,DATA,52610,False,0,,5946748f1190398da97db4b6d69c846f2a7cb0a2ec643327a671287caf3cded3,NONE; preserve original path if referenced by frozen manifest
data/images/week1_v3/620092020178.webp,KEEP_REPRODUCIBILITY,数据/图片/事实单元是复现附件；不提交Git、不移动冻结split,DATA,42942,False,0,,224eeb4d9dc34b3a2f4272c397e9401a6cb581854f7d4931935c115698474690,NONE; preserve original path if referenced by frozen manifest
data/images/week1_v3/620117709792.webp,KEEP_REPRODUCIBILITY,数据/图片/事实单元是复现附件；不提交Git、不移动冻结split,DATA,47646,False,0,,12121389d36d4225faf7033b0ea3764db850486a73adf6c8a6ce8330016230f0,NONE; preserve original path if referenced by frozen manifest
data/images/week1_v3/620119090618.webp,KEEP_REPRODUCIBILITY,数据/图片/事实单元是复现附件；不提交Git、不移动冻结split,DATA,81150,False,0,,59c419649051a79649b9d8fbcd9f57f5caf940c90055f70ee4e80ee6b9bf3fe1,NONE; preserve original path if referenced by frozen manifest
data/images/week1_v3/620122613713.webp,KEEP_REPRODUCIBILITY,数据/图片/事实单元是复现附件；不提交Git、不移动冻结split,DATA,64008,False,0,,e347bfdca8eafdbce5f0e74871ec8f786181769d1aa8b92819fed791d1bf5028,NONE; preserve original path if referenced by frozen manifest
data/images/week1_v3/620130716068.webp,KEEP_REPRODUCIBILITY,数据/图片/事实单元是复现附件；不提交Git、不移动冻结split,DATA,71086,False,0,,e6c6d884d58daedabf553c5daf8378e905d1e308aca8ec5d843dc6188e4df65f,NONE; preserve original path if referenced by frozen manifest
data/images/week1_v3/620165221976.webp,KEEP_REPRODUCIBILITY,数据/图片/事实单元是复现附件；不提交Git、不移动冻结split,DATA,99078,False,0,,23ee166e9223bc4cf47c9e470fdf24c40ec2dc06a778b74d593f2a85a3dc6eaf,NONE; preserve original path if referenced by frozen manifest
data/images/week1_v3/620252766255.webp,KEEP_REPRODUCIBILITY,数据/图片/事实单元是复现附件；不提交Git、不移动冻结split,DATA,86016,False,0,,56b6b35bab7ec7c1899a414f9b97737f1af710fc658c5c60b1c3ff19e116bb15,NONE; preserve original path if referenced by frozen manifest
data/images/week1_v3/620263779404.webp,KEEP_REPRODUCIBILITY,数据/图片/事实单元是复现附件；不提交Git、不移动冻结split,DATA,60420,False,0,,049c057c499ba4bf3faaedba4c9594b508c4f5504049185f186b6568fe5af271,NONE; preserve original path if referenced by frozen manifest
data/images/week1_v3/620263828441.webp,KEEP_REPRODUCIBILITY,数据/图片/事实单元是复现附件；不提交Git、不移动冻结split,DATA,61368,False,0,,4d4ccf43ea0f86b9c4e183a771ae8ab1cadaed8aa26c0070e447e76fe1e078aa,NONE; preserve original path if referenced by frozen manifest
data/images/week1_v3/620268445557.webp,KEEP_REPRODUCIBILITY,数据/图片/事实单元是复现附件；不提交Git、不移动冻结split,DATA,112726,False,0,,9f79ffc86474e787a25f2bfd0938cc91de0478490b3cbe97ac1131515755e402,NONE; preserve original path if referenced by frozen manifest
data/images/week1_v3/620390135093.webp,KEEP_REPRODUCIBILITY,数据/图片/事实单元是复现附件；不提交Git、不移动冻结split,DATA,45522,False,0,,22f46a55872e9a17c40190841d3f5d6b3170102697f021447655d6158f3b74c1,NONE; preserve original path if referenced by frozen manifest
data/images/week1_v3/620417756319.webp,KEEP_REPRODUCIBILITY,数据/图片/事实单元是复现附件；不提交Git、不移动冻结split,DATA,44040,False,0,,414a273e0ffd1850b255bc5ebf316aefd80387aa1db0df6e6f964d01d700fab6,NONE; preserve original path if referenced by frozen manifest
data/images/week1_v3/620488672878.webp,KEEP_REPRODUCIBILITY,数据/图片/事实单元是复现附件；不提交Git、不移动冻结split,DATA,69860,False,0,,a72e25dc4f809c4f38fe672a280195f1f17ca45ecbc961bb228f5b7d2f4e78f1,NONE; preserve original path if referenced by frozen manifest
data/images/week1_v3/620502771858.webp,KEEP_REPRODUCIBILITY,数据/图片/事实单元是复现附件；不提交Git、不移动冻结split,DATA,39868,False,0,,0cb62f435622c34b018198a75375c42cfed4195cb591f2cd290a93c32d0ea67e,NONE; preserve original path if referenced by frozen manifest
data/images/week1_v3/620503412327.webp,KEEP_REPRODUCIBILITY,数据/图片/事实单元是复现附件；不提交Git、不移动冻结split,DATA,57046,False,0,,ce58cd0152fc4bfa15e0e736544db670ca1bdbce4f5203f880ffaff1fce3e6d1,NONE; preserve original path if referenced by frozen manifest
data/images/week1_v3/620529768812.webp,KEEP_REPRODUCIBILITY,数据/图片/事实单元是复现附件；不提交Git、不移动冻结split,DATA,56884,False,0,,c41bceb76e0ea22b12928a61994ec49f8d551d9d08af4ed25a32f4c2112619b5,NONE; preserve original path if referenced by frozen manifest
data/images/week1_v3/620551879533.webp,KEEP_REPRODUCIBILITY,数据/图片/事实单元是复现附件；不提交Git、不移动冻结split,DATA,47980,False,0,,c8ccf1ac808c5a83fcd9d42da6918d595a08bb54a8cb911d6b74ef2f8b4ad642,NONE; preserve original path if referenced by frozen manifest
data/images/week1_v3/620559887770.png,KEEP_REPRODUCIBILITY,数据/图片/事实单元是复现附件；不提交Git、不移动冻结split,DATA,75133,False,0,,160beddbb3ce471f6ad884ada774d14b93cab1f8dd188e443745c74b2598d7c1,NONE; preserve original path if referenced by frozen manifest
data/images/week1_v3/620565721994.webp,KEEP_REPRODUCIBILITY,数据/图片/事实单元是复现附件；不提交Git、不移动冻结split,DATA,21514,False,0,,e5a0faea7c664fbeb970460af0ea2df812f27bdfdeaf5201a5fb45c6c8569f16,NONE; preserve original path if referenced by frozen manifest
data/images/week1_v3/620568015946.webp,KEEP_REPRODUCIBILITY,数据/图片/事实单元是复现附件；不提交Git、不移动冻结split,DATA,37650,False,0,,67fcf65b8f416c7d53f0d53bc4b5f08309332a208e5e37488e0e7fc38792963e,NONE; preserve original path if referenced by frozen manifest
data/images/week1_v3/620625786758.jpg,KEEP_REPRODUCIBILITY,数据/图片/事实单元是复现附件；不提交Git、不移动冻结split,DATA,90358,False,0,,abc523073604ef4cf6b4356e99d0a94bc72c8eb14f88ac27808351a7c0d4aadf,NONE; preserve original path if referenced by frozen manifest
data/images/week1_v3/620664269094.webp,KEEP_REPRODUCIBILITY,数据/图片/事实单元是复现附件；不提交Git、不移动冻结split,DATA,91422,False,0,,13e97978113478f6ea44613e345ab072de179660d59e4e470e90cf1063c981b8,NONE; preserve original path if referenced by frozen manifest
data/images/week1_v3/620717105231.webp,KEEP_REPRODUCIBILITY,数据/图片/事实单元是复现附件；不提交Git、不移动冻结split,DATA,62732,False,0,,aa7926887aa526feb63e89d18216244994a24b5b4be11cce3a1428b183ba76fc,NONE; preserve original path if referenced by frozen manifest
data/images/week1_v3/620749912858.webp,KEEP_REPRODUCIBILITY,数据/图片/事实单元是复现附件；不提交Git、不移动冻结split,DATA,47784,False,0,,05103aa2b650e0755846b32c0b912c9a8b4fcda554fa62c0612dc7e99cf10cbf,NONE; preserve original path if referenced by frozen manifest
data/images/week1_v3/620750812452.webp,KEEP_REPRODUCIBILITY,数据/图片/事实单元是复现附件；不提交Git、不移动冻结split,DATA,105770,False,0,,4764f5aa39f333e0375fcf825a61dee0620628c4047f9173dc85fe8f8a597e7a,NONE; preserve original path if referenced by frozen manifest
data/images/week1_v3/620792197593.webp,KEEP_REPRODUCIBILITY,数据/图片/事实单元是复现附件；不提交Git、不移动冻结split,DATA,65162,False,0,,bc48f7468f6c01193acc80d76d33c30123872fcb11ed70babc94d34483c7410b,NONE; preserve original path if referenced by frozen manifest
data/images/week1_v3/620832202002.webp,KEEP_REPRODUCIBILITY,数据/图片/事实单元是复现附件；不提交Git、不移动冻结split,DATA,60152,False,0,,5ca226954fa5b42611ce2a333582594b480120db15dc34e5e39538ef1b14a03a,NONE; preserve original path if referenced by frozen manifest
data/images/week1_v3/620868481954.webp,KEEP_REPRODUCIBILITY,数据/图片/事实单元是复现附件；不提交Git、不移动冻结split,DATA,57068,False,0,,99714ced8731c4ae91096df39bcf54f8bdd5662d89520f9d296a0ec5230b7559,NONE; preserve original path if referenced by frozen manifest
data/images/week1_v3/620889825985.webp,KEEP_REPRODUCIBILITY,数据/图片/事实单元是复现附件；不提交Git、不移动冻结split,DATA,63926,False,0,,99c39b700455dac94422c37920b8385269a02f73ab7d6d77671ec1150e377d54,NONE; preserve original path if referenced by frozen manifest
data/images/week1_v3/620908378312.webp,KEEP_REPRODUCIBILITY,数据/图片/事实单元是复现附件；不提交Git、不移动冻结split,DATA,38080,False,0,,c6fab53ecd00800251c31140e8923ba06ce0ad65f956b2e9da435a4d26f7cf7a,NONE; preserve original path if referenced by frozen manifest
data/images/week1_v3/620961254460.webp,KEEP_REPRODUCIBILITY,数据/图片/事实单元是复现附件；不提交Git、不移动冻结split,DATA,92860,False,0,,f8d3fa635c7be8d9025a623d0f64568f1176f62e768455f9206cb8918fab71f7,NONE; preserve original path if referenced by frozen manifest
data/images/week1_v3/620966626791.jpg,KEEP_REPRODUCIBILITY,数据/图片/事实单元是复现附件；不提交Git、不移动冻结split,DATA,116271,False,0,,288961a09e00399045e4d8ebaabeb70b523cf604b0c7e1ae59b7764fa815c692,NONE; preserve original path if referenced by frozen manifest
data/images/week1_v3/620974057102.webp,KEEP_REPRODUCIBILITY,数据/图片/事实单元是复现附件；不提交Git、不移动冻结split,DATA,19586,False,0,,a71cdca5b45cf091e871b5ceec0da6de5a44270b44b2b6baf99792076f573d64,NONE; preserve original path if referenced by frozen manifest
data/images/week1_v3/621052633101.webp,KEEP_REPRODUCIBILITY,数据/图片/事实单元是复现附件；不提交Git、不移动冻结split,DATA,180516,False,0,,d5697c38f3bcaaa80ac8804c0170e579496494f97f8245c4558ca242158ba577,NONE; preserve original path if referenced by frozen manifest
data/images/week1_v3/621173570641.webp,KEEP_REPRODUCIBILITY,数据/图片/事实单元是复现附件；不提交Git、不移动冻结split,DATA,43890,False,0,,c78729d835643ffd56d46b8bf92ae07315f082f7937e1df49261e25cd6576864,NONE; preserve original path if referenced by frozen manifest
data/images/week1_v3/621226000109.webp,KEEP_REPRODUCIBILITY,数据/图片/事实单元是复现附件；不提交Git、不移动冻结split,DATA,60030,False,0,,1b7245e290e77085b060cd50e69eb183896e1a69ad870b9c4ead8317e2c47237,NONE; preserve original path if referenced by frozen manifest
data/images/week1_v3/621246373997.webp,KEEP_REPRODUCIBILITY,数据/图片/事实单元是复现附件；不提交Git、不移动冻结split,DATA,97940,False,0,,c14db3896f77c47cbe72a48f7615a7fe650d2ff00c772f839a9b9a83ad8e29ba,NONE; preserve original path if referenced by frozen manifest
data/images/week1_v3/621274450068.webp,KEEP_REPRODUCIBILITY,数据/图片/事实单元是复现附件；不提交Git、不移动冻结split,DATA,60732,False,0,,313d212d950b845825cd43ec464fafed3078fbbc8080a761ca272e119541f2de,NONE; preserve original path if referenced by frozen manifest
data/images/week1_v3/621326718016.webp,KEEP_REPRODUCIBILITY,数据/图片/事实单元是复现附件；不提交Git、不移动冻结split,DATA,56028,False,0,,311f58c141ad58355ad896729e3ca2416ae616464ad36df27a0b671d87b5e25e,NONE; preserve original path if referenced by frozen manifest
data/images/week1_v3/621341696263.webp,KEEP_REPRODUCIBILITY,数据/图片/事实单元是复现附件；不提交Git、不移动冻结split,DATA,171450,False,0,,df20fb26f6f6674032443fd7f3769fba3f379a1798203e5576abe2923d67f194,NONE; preserve original path if referenced by frozen manifest
data/images/week1_v3/621341804075.webp,KEEP_REPRODUCIBILITY,数据/图片/事实单元是复现附件；不提交Git、不移动冻结split,DATA,168712,False,0,,5a3c6a0bb4031cbd68df51ae5bcc22d4d6b52af42b9dce0ef7d7106ce9d53134,NONE; preserve original path if referenced by frozen manifest
data/images/week1_v3/621360527079.webp,KEEP_REPRODUCIBILITY,数据/图片/事实单元是复现附件；不提交Git、不移动冻结split,DATA,24118,False,0,,ffd14603d471eb25c1b7d25da8dbe78d8282f5d21b9c65a922458974806e3eff,NONE; preserve original path if referenced by frozen manifest
data/images/week1_v3/621400991855.webp,KEEP_REPRODUCIBILITY,数据/图片/事实单元是复现附件；不提交Git、不移动冻结split,DATA,42910,False,0,,3ebf7405463ea07a54b171987e1d2d64cfc4c94064a23a436af1dea5579e352b,NONE; preserve original path if referenced by frozen manifest
data/images/week1_v3/621479038368.webp,KEEP_REPRODUCIBILITY,数据/图片/事实单元是复现附件；不提交Git、不移动冻结split,DATA,69894,False,0,,49738634d454e19db54a7d48779f2203de3e92ac757f61696ff21cd1392e936d,NONE; preserve original path if referenced by frozen manifest
data/images/week1_v3/621486621986.webp,KEEP_REPRODUCIBILITY,数据/图片/事实单元是复现附件；不提交Git、不移动冻结split,DATA,77480,False,0,,c9b9891ef1607ee66b5e3356fd6028332553017844fc296d5675496287f2be51,NONE; preserve original path if referenced by frozen manifest
data/images/week1_v3/621547898854.webp,KEEP_REPRODUCIBILITY,数据/图片/事实单元是复现附件；不提交Git、不移动冻结split,DATA,55368,False,0,,216c356b549f8dde007fee031ffab8477bef942bfc066a74b9d2107b3a431359,NONE; preserve original path if referenced by frozen manifest
data/images/week1_v3/621591735940.webp,KEEP_REPRODUCIBILITY,数据/图片/事实单元是复现附件；不提交Git、不移动冻结split,DATA,50646,False,0,,2a8dfdbf6170e7801c39ab0b4799285193acf07cb2be7908b8850b452c186616,NONE; preserve original path if referenced by frozen manifest
data/images/week1_v3/621592467720.webp,KEEP_REPRODUCIBILITY,数据/图片/事实单元是复现附件；不提交Git、不移动冻结split,DATA,49272,False,0,,d462aec33e4d2a0835b5706ba7a931cd4e251e20e29bd40043fe69c24ac65bae,NONE; preserve original path if referenced by frozen manifest
data/images/week1_v3/621593539222.webp,KEEP_REPRODUCIBILITY,数据/图片/事实单元是复现附件；不提交Git、不移动冻结split,DATA,166530,False,0,,829c67ede708a0093cb9ef145d8ea2066cb46866bd42920670aa7bca11cfc720,NONE; preserve original path if referenced by frozen manifest
data/images/week1_v3/621593611171.webp,KEEP_REPRODUCIBILITY,数据/图片/事实单元是复现附件；不提交Git、不移动冻结split,DATA,63806,False,0,,175a4684e0512ae63aba71e9d21c99e7b9390ca67a2e1ddfe0aa4c374085fdf5,NONE; preserve original path if referenced by frozen manifest
data/images/week1_v3/621593691152.webp,KEEP_REPRODUCIBILITY,数据/图片/事实单元是复现附件；不提交Git、不移动冻结split,DATA,135618,False,0,,234947cb9c7744adbca5495f787707d229293c48eff634fca80d47bca37de0e1,NONE; preserve original path if referenced by frozen manifest
data/images/week1_v3/621593735132.webp,KEEP_REPRODUCIBILITY,数据/图片/事实单元是复现附件；不提交Git、不移动冻结split,DATA,170490,False,0,,cf31f81b4f76cc3c753c7ccc1aaf3d2f4fdd8175b243a0ec234a0c6aafba40b6,NONE; preserve original path if referenced by frozen manifest
data/images/week1_v3/621634954264.webp,KEEP_REPRODUCIBILITY,数据/图片/事实单元是复现附件；不提交Git、不移动冻结split,DATA,72446,False,0,,afe34196ec9eabd871b7f89eb65969c8690103339728164072b8377899ca0483,NONE; preserve original path if referenced by frozen manifest
data/images/week1_v3/621646369685.webp,KEEP_REPRODUCIBILITY,数据/图片/事实单元是复现附件；不提交Git、不移动冻结split,DATA,53630,False,0,,d72ef644b3f491a23ef74be7aedcbf933b02f92133edc48b16609d2c5ff2e07f,NONE; preserve original path if referenced by frozen manifest
data/images/week1_v3/621646553392.webp,KEEP_REPRODUCIBILITY,数据/图片/事实单元是复现附件；不提交Git、不移动冻结split,DATA,26654,False,0,,1686bbc376327616edf05f7ec37b57b9ce03af68b0c309b1afe22debcd8a2526,NONE; preserve original path if referenced by frozen manifest
data/images/week1_v3/621646793043.webp,KEEP_REPRODUCIBILITY,数据/图片/事实单元是复现附件；不提交Git、不移动冻结split,DATA,37828,False,0,,f997973d8e77415d14983d4df10e9c1116d0de446bca71e49d96e26c09897533,NONE; preserve original path if referenced by frozen manifest
data/images/week1_v3/621649149061.webp,KEEP_REPRODUCIBILITY,数据/图片/事实单元是复现附件；不提交Git、不移动冻结split,DATA,49350,False,0,,0dcf09207eb15af4ab4099d061213d59410ce6754ea4cb519e9303575885c629,NONE; preserve original path if referenced by frozen manifest
data/images/week1_v3/621656965008.webp,KEEP_REPRODUCIBILITY,数据/图片/事实单元是复现附件；不提交Git、不移动冻结split,DATA,42786,False,0,,162026e222708a5e6edce327dfb17e0656f9cc83f8ece4db50ae06241f27d7e7,NONE; preserve original path if referenced by frozen manifest
data/images/week1_v3/621662260209.webp,KEEP_REPRODUCIBILITY,数据/图片/事实单元是复现附件；不提交Git、不移动冻结split,DATA,63662,False,0,,58d505e505e0de61f8c6c62967bfcc7bd8a3b49d5160eef12626eeb7a16b9af6,NONE; preserve original path if referenced by frozen manifest
data/images/week1_v3/621667964155.webp,KEEP_REPRODUCIBILITY,数据/图片/事实单元是复现附件；不提交Git、不移动冻结split,DATA,141922,False,0,,5f8ee1ed59ad4c1f3bd7a921d798581d12bddc8a6d1f348cfd2c13787cc4294c,NONE; preserve original path if referenced by frozen manifest
data/images/week1_v3/621674505221.webp,KEEP_REPRODUCIBILITY,数据/图片/事实单元是复现附件；不提交Git、不移动冻结split,DATA,23208,False,0,,9ede0ed9bf121ba46bd70f3d3785b08ad8c8208468ae805f7006927bff035d59,NONE; preserve original path if referenced by frozen manifest
data/images/week1_v3/621676544999.webp,KEEP_REPRODUCIBILITY,数据/图片/事实单元是复现附件；不提交Git、不移动冻结split,DATA,30840,False,0,,5f318f1507281135dd31f69ec269a92e97d5a22f67b68d229803a396195d988a,NONE; preserve original path if referenced by frozen manifest
data/images/week1_v3/621687125899.webp,KEEP_REPRODUCIBILITY,数据/图片/事实单元是复现附件；不提交Git、不移动冻结split,DATA,132952,False,0,,28155b8294cd0b198f09831d95956ef64f1bf3824bbebd97de1fbc16f6bb5f60,NONE; preserve original path if referenced by frozen manifest
data/images/week1_v3/621727244338.webp,KEEP_REPRODUCIBILITY,数据/图片/事实单元是复现附件；不提交Git、不移动冻结split,DATA,124178,False,0,,83c5ee3b3962dd01e0f78eca2cca4d3425be6dbf52775337296052322395a01a,NONE; preserve original path if referenced by frozen manifest
data/images/week1_v3/621771774320.webp,KEEP_REPRODUCIBILITY,数据/图片/事实单元是复现附件；不提交Git、不移动冻结split,DATA,44066,False,0,,1634e26006a7e7b0e1da3b66a05ae4342b2ef84852d099d68f6a72e3adf7f9c9,NONE; preserve original path if referenced by frozen manifest
data/images/week1_v3/621792496636.webp,KEEP_REPRODUCIBILITY,数据/图片/事实单元是复现附件；不提交Git、不移动冻结split,DATA,80930,False,0,,782fe82e6ca29fbbcf215ee7a0de39aef6c34727b4bb9f28567d3272ed28eb52,NONE; preserve original path if referenced by frozen manifest
data/images/week1_v3/621815403783.webp,KEEP_REPRODUCIBILITY,数据/图片/事实单元是复现附件；不提交Git、不移动冻结split,DATA,44328,False,0,,6aa4f2eca2ee687d90a2fde99434ce60606ebef3c4cb8560f2e70d8545e5919c,NONE; preserve original path if referenced by frozen manifest
data/images/week1_v3/621846828786.webp,KEEP_REPRODUCIBILITY,数据/图片/事实单元是复现附件；不提交Git、不移动冻结split,DATA,83106,False,0,,7770f5891ab2aedf52878d2c947e639578b5aa3c61bd77bc9810183417dc77c3,NONE; preserve original path if referenced by frozen manifest
data/images/week1_v3/621850168133.webp,KEEP_REPRODUCIBILITY,数据/图片/事实单元是复现附件；不提交Git、不移动冻结split,DATA,116376,False,0,,378d4540fc2d82744607807b86d307c9dee5e878a4d384b201bfe7fbccb84905,NONE; preserve original path if referenced by frozen manifest
data/images/week1_v3/621886559374.webp,KEEP_REPRODUCIBILITY,数据/图片/事实单元是复现附件；不提交Git、不移动冻结split,DATA,38404,False,0,,769d42b418d30ef6f05bea618791c611fd1bfc2ffd52ab470dd2bf0541bbb28c,NONE; preserve original path if referenced by frozen manifest
data/images/week1_v3/621923958732.webp,KEEP_REPRODUCIBILITY,数据/图片/事实单元是复现附件；不提交Git、不移动冻结split,DATA,149388,False,0,,d77e280e53e02af7ee8c007f5bc5e6d0dcb54e342fbd12979fddd86281a90541,NONE; preserve original path if referenced by frozen manifest
data/images/week1_v3/621923970734.webp,KEEP_REPRODUCIBILITY,数据/图片/事实单元是复现附件；不提交Git、不移动冻结split,DATA,64672,False,0,,244de53b37a6f834766aec4b74bb83af169a32d69865dbac20c6eb92977ea89e,NONE; preserve original path if referenced by frozen manifest
data/images/week1_v3/621924430118.webp,KEEP_REPRODUCIBILITY,数据/图片/事实单元是复现附件；不提交Git、不移动冻结split,DATA,69392,False,0,,97e5a0b27201a49c36355a36e05a0dc9c6e6753db30ea7700de827f2a61cfba5,NONE; preserve original path if referenced by frozen manifest
data/images/week1_v3/621941817827.webp,KEEP_REPRODUCIBILITY,数据/图片/事实单元是复现附件；不提交Git、不移动冻结split,DATA,85524,False,0,,fd7f6c13110d65587ad9297f8aa0a05d94b16b6b1db9ae27ec1e30bd6de142d0,NONE; preserve original path if referenced by frozen manifest
data/images/week1_v3/621946386369.webp,KEEP_REPRODUCIBILITY,数据/图片/事实单元是复现附件；不提交Git、不移动冻结split,DATA,30428,False,0,,92f17f8a0dfe873611357c5e9e9d383f11221db90eb58472102cb72dddf67734,NONE; preserve original path if referenced by frozen manifest
data/images/week1_v3/621956695623.webp,KEEP_REPRODUCIBILITY,数据/图片/事实单元是复现附件；不提交Git、不移动冻结split,DATA,47410,False,0,,6dd0c3c91ae5bc2366441b3b9b6227f6a291b483d324b6d6d2acd1ac24e83ab7,NONE; preserve original path if referenced by frozen manifest
data/images/week1_v3/621987088659.webp,KEEP_REPRODUCIBILITY,数据/图片/事实单元是复现附件；不提交Git、不移动冻结split,DATA,81166,False,0,,6a4d184a7acc6e80ffc18a214197bd1bab646b5e142e8581fecd9b0eaa0e3cd7,NONE; preserve original path if referenced by frozen manifest
data/images/week1_v3/622038246795.webp,KEEP_REPRODUCIBILITY,数据/图片/事实单元是复现附件；不提交Git、不移动冻结split,DATA,128274,False,0,,d51e0714221cd93fe4acccd5c2ac2ce3af5c9775fe5db198ef556718f9b8030c,NONE; preserve original path if referenced by frozen manifest
data/images/week1_v3/622051166406.webp,KEEP_REPRODUCIBILITY,数据/图片/事实单元是复现附件；不提交Git、不移动冻结split,DATA,250246,False,0,,5cb65fbd1de3676a60f6ac110319d3474143f3bdb1e284addd5a4dd330bd83e6,NONE; preserve original path if referenced by frozen manifest
data/images/week1_v3/622054504049.webp,KEEP_REPRODUCIBILITY,数据/图片/事实单元是复现附件；不提交Git、不移动冻结split,DATA,61240,False,0,,29df6ebce7f8ce53c6badd492afc21e7fc0232cfdb836c0fb092a6f9f7d284d5,NONE; preserve original path if referenced by frozen manifest
data/images/week1_v3/622065259051.webp,KEEP_REPRODUCIBILITY,数据/图片/事实单元是复现附件；不提交Git、不移动冻结split,DATA,83920,False,0,,faa5dc27e03b3267a408c2bf9e5870f5f179d6d675949528ca08867c15ef6443,NONE; preserve original path if referenced by frozen manifest
data/images/week1_v3/622137408205.webp,KEEP_REPRODUCIBILITY,数据/图片/事实单元是复现附件；不提交Git、不移动冻结split,DATA,113306,False,0,,06c4a57c76e81a08b43df15abed57b5dd049733e0ca611dab51106997dadc0be,NONE; preserve original path if referenced by frozen manifest
data/images/week1_v3/622147332171.webp,KEEP_REPRODUCIBILITY,数据/图片/事实单元是复现附件；不提交Git、不移动冻结split,DATA,86816,False,0,,40f7c6ef5b4b706f5346786d43d795101f90129a2efca6739bf4820f91ebfea7,NONE; preserve original path if referenced by frozen manifest
data/images/week1_v3/622178042546.webp,KEEP_REPRODUCIBILITY,数据/图片/事实单元是复现附件；不提交Git、不移动冻结split,DATA,47324,False,0,,7e66f9b207312eea1fd95506dc835f1b54fbd0a03475b31b4b22c0bced7143fe,NONE; preserve original path if referenced by frozen manifest
data/images/week1_v3/622180290668.webp,KEEP_REPRODUCIBILITY,数据/图片/事实单元是复现附件；不提交Git、不移动冻结split,DATA,138406,False,0,,d65796f43290b77bbc931e3691f866f35d1c4a269b76b45b19356ca9e8b8d666,NONE; preserve original path if referenced by frozen manifest
data/images/week1_v3/622189743894.webp,KEEP_REPRODUCIBILITY,数据/图片/事实单元是复现附件；不提交Git、不移动冻结split,DATA,44480,False,0,,090d8379b452cff2656a265d33da5ab8453155737850c06f28ad835eabbd87aa,NONE; preserve original path if referenced by frozen manifest
data/images/week1_v3/622189803860.webp,KEEP_REPRODUCIBILITY,数据/图片/事实单元是复现附件；不提交Git、不移动冻结split,DATA,98892,False,0,,e824eb529e3844f80e44d33f325820bf761e50f09a8bcc5849391438f21311c4,NONE; preserve original path if referenced by frozen manifest
data/images/week1_v3/622210018676.webp,KEEP_REPRODUCIBILITY,数据/图片/事实单元是复现附件；不提交Git、不移动冻结split,DATA,12440,False,0,,89681d9e596bca8ad955b43c66b616b1554881aabbef6ce6ffc1d6511e1ddf17,NONE; preserve original path if referenced by frozen manifest
data/images/week1_v3/622279551272.webp,KEEP_REPRODUCIBILITY,数据/图片/事实单元是复现附件；不提交Git、不移动冻结split,DATA,105598,False,0,,5c27fcdb8f3ea5d4d477562ef106fcdbb8eee3470964268046fc44a25a27e1f0,NONE; preserve original path if referenced by frozen manifest
data/images/week1_v3/622289802415.webp,KEEP_REPRODUCIBILITY,数据/图片/事实单元是复现附件；不提交Git、不移动冻结split,DATA,103278,False,0,,36eb7d23869b3cd7de927c5596372efd7c280e0aea556b4463afa3244963424f,NONE; preserve original path if referenced by frozen manifest
data/images/week1_v3/622298798961.webp,KEEP_REPRODUCIBILITY,数据/图片/事实单元是复现附件；不提交Git、不移动冻结split,DATA,135092,False,0,,ecb08f1c549e31f17986d6a348d58d1fa4dde7821d422a68e29f3efda3a82a25,NONE; preserve original path if referenced by frozen manifest
data/images/week1_v3/622308119511.webp,KEEP_REPRODUCIBILITY,数据/图片/事实单元是复现附件；不提交Git、不移动冻结split,DATA,108826,False,0,,064b0b5ec8b7f828fca27e56fb2781d3f9fbb83d4bea78e3a45b2abbda9fa9d6,NONE; preserve original path if referenced by frozen manifest
data/images/week1_v3/622365791108.webp,KEEP_REPRODUCIBILITY,数据/图片/事实单元是复现附件；不提交Git、不移动冻结split,DATA,73910,False,0,,e21757762627162ede7dff7c685ab7ded267b66fe1823ba6924ada8643e82e2d,NONE; preserve original path if referenced by frozen manifest
data/images/week1_v3/622413048079.webp,KEEP_REPRODUCIBILITY,数据/图片/事实单元是复现附件；不提交Git、不移动冻结split,DATA,75698,False,0,,ae619ad2cf73748bf0e823dbd30c5d9fae65b06611a2e2cc6fadb95e74360e78,NONE; preserve original path if referenced by frozen manifest
data/images/week1_v3/622417320350.webp,KEEP_REPRODUCIBILITY,数据/图片/事实单元是复现附件；不提交Git、不移动冻结split,DATA,190024,False,0,,42f8c3d3f36818ad7d30f0531d2b11c96873682ba5ee557a0edefad94d7662f0,NONE; preserve original path if referenced by frozen manifest
data/images/week1_v3/622433254974.webp,KEEP_REPRODUCIBILITY,数据/图片/事实单元是复现附件；不提交Git、不移动冻结split,DATA,105238,False,0,,b707be323762dff29ac8d3c8ee6e0da96f5f7089065839002ccd3fe133d26a72,NONE; preserve original path if referenced by frozen manifest
data/images/week1_v3/622438849116.webp,KEEP_REPRODUCIBILITY,数据/图片/事实单元是复现附件；不提交Git、不移动冻结split,DATA,50576,False,0,,5a19069e582ff2f518156093bb99fde18dd318b90ad6152d21bacbcc8c200eee,NONE; preserve original path if referenced by frozen manifest
data/images/week1_v3/622456570686.webp,KEEP_REPRODUCIBILITY,数据/图片/事实单元是复现附件；不提交Git、不移动冻结split,DATA,132834,False,0,,7f0ca5155284aafafb00ebb802ee6d6cc07c5953faaa351c1fc5df2afc5603a5,NONE; preserve original path if referenced by frozen manifest
data/images/week1_v3/622461234752.webp,KEEP_REPRODUCIBILITY,数据/图片/事实单元是复现附件；不提交Git、不移动冻结split,DATA,12518,False,0,,9f8d424f85ed38329fa4224e56a02684fd333a32511b77fb9b4252f05b0b5816,NONE; preserve original path if referenced by frozen manifest
data/images/week1_v3/622494812796.webp,KEEP_REPRODUCIBILITY,数据/图片/事实单元是复现附件；不提交Git、不移动冻结split,DATA,191702,False,0,,ff14ec8f1f3c30b3a915c2fc9df9c99f9ec713f25553eec75b418f89bc977dca,NONE; preserve original path if referenced by frozen manifest
data/images/week1_v3/622497095666.webp,KEEP_REPRODUCIBILITY,数据/图片/事实单元是复现附件；不提交Git、不移动冻结split,DATA,32596,False,0,,d2720dbbe693b87ca9837c65ff456969f1b635058f507001109e883a0b45815b,NONE; preserve original path if referenced by frozen manifest
data/images/week1_v3/622535352988.webp,KEEP_REPRODUCIBILITY,数据/图片/事实单元是复现附件；不提交Git、不移动冻结split,DATA,72746,False,0,,f4b48bc18243fe307bc0d0d363cb81c0cbd638fcf7f67114bf1f5b57e0535686,NONE; preserve original path if referenced by frozen manifest
data/images/week1_v3/622541672084.webp,KEEP_REPRODUCIBILITY,数据/图片/事实单元是复现附件；不提交Git、不移动冻结split,DATA,60780,False,0,,d9191a434cf78db21c1d1b25938bf98b3bcecd2b8b10e8578812c5c9ca8699c8,NONE; preserve original path if referenced by frozen manifest
data/images/week1_v3/622557613745.webp,KEEP_REPRODUCIBILITY,数据/图片/事实单元是复现附件；不提交Git、不移动冻结split,DATA,71208,False,0,,836299b41bb62b676b440dcfdc808ebbd457e7afb51ac3a3d745c8459613bf63,NONE; preserve original path if referenced by frozen manifest
data/images/week1_v3/622569059300.webp,KEEP_REPRODUCIBILITY,数据/图片/事实单元是复现附件；不提交Git、不移动冻结split,DATA,42160,False,0,,007e183eb976f15154819d01f8de4d9c08998ddde3f337ace813b7bcc25572fd,NONE; preserve original path if referenced by frozen manifest
data/images/week1_v3/622571004813.webp,KEEP_REPRODUCIBILITY,数据/图片/事实单元是复现附件；不提交Git、不移动冻结split,DATA,53494,False,0,,f13fb5bfb876993d2b3aea955013a12a52af2f396fe5288d22adb3c6e21f1727,NONE; preserve original path if referenced by frozen manifest
data/images/week1_v3/622585857475.webp,KEEP_REPRODUCIBILITY,数据/图片/事实单元是复现附件；不提交Git、不移动冻结split,DATA,20266,False,0,,9103224a86179a3e33f5096664d93bd203b8d2b136ee806bb65fee3abde40eba,NONE; preserve original path if referenced by frozen manifest
data/images/week1_v3/622673585164.webp,KEEP_REPRODUCIBILITY,数据/图片/事实单元是复现附件；不提交Git、不移动冻结split,DATA,79762,False,0,,fc83237cd6a180ae54eb9f514fa5105d03a8bb129ccff3e3c11c0e88c0940b2f,NONE; preserve original path if referenced by frozen manifest
data/images/week1_v3/622694110700.webp,KEEP_REPRODUCIBILITY,数据/图片/事实单元是复现附件；不提交Git、不移动冻结split,DATA,277200,False,0,,dfbf96a18f78928c9b9f90756b0bd6f1588b765fe71dd94b42347ea05a33d62d,NONE; preserve original path if referenced by frozen manifest
data/images/week1_v3/622713303489.webp,KEEP_REPRODUCIBILITY,数据/图片/事实单元是复现附件；不提交Git、不移动冻结split,DATA,39618,False,0,,c23ae4b3a3ee672db88687e4acb81e05b1eaa49d98d261008d807b6308e2a20b,NONE; preserve original path if referenced by frozen manifest
data/images/week1_v3/622716143859.webp,KEEP_REPRODUCIBILITY,数据/图片/事实单元是复现附件；不提交Git、不移动冻结split,DATA,45960,False,0,,f98c77eb6b2b79ce691f7cffe88191ae33067b97f32a752616e344f8b7929187,NONE; preserve original path if referenced by frozen manifest
data/images/week1_v3/622728576163.webp,KEEP_REPRODUCIBILITY,数据/图片/事实单元是复现附件；不提交Git、不移动冻结split,DATA,66942,False,0,,a77137e5bdc1fe13c1f23283d492ebeff4a6a57fb8239fbdf539026974b949fc,NONE; preserve original path if referenced by frozen manifest
data/images/week1_v3/622750271078.webp,KEEP_REPRODUCIBILITY,数据/图片/事实单元是复现附件；不提交Git、不移动冻结split,DATA,29534,False,0,,31ebd86017ae1793c8029c0b808bb1992465867e89a63f45c14b037138841911,NONE; preserve original path if referenced by frozen manifest
data/images/week1_v3/622752995912.webp,KEEP_REPRODUCIBILITY,数据/图片/事实单元是复现附件；不提交Git、不移动冻结split,DATA,64306,False,0,,6458109e6963d8d210fb8597d957f7ad1914a6390d9f6bc21b1457e0197f1d8f,NONE; preserve original path if referenced by frozen manifest
data/images/week1_v3/622768612047.webp,KEEP_REPRODUCIBILITY,数据/图片/事实单元是复现附件；不提交Git、不移动冻结split,DATA,76594,False,0,,fbbac2f87f74f50fa7f22f3d999a9bdf80d655e79f6243804794b351f74227f3,NONE; preserve original path if referenced by frozen manifest
data/images/week1_v3/622794460343.webp,KEEP_REPRODUCIBILITY,数据/图片/事实单元是复现附件；不提交Git、不移动冻结split,DATA,65818,False,0,,55420896e9ae24ce6c332320ea1c02fdddaa561f487d08586fb667b44bf5197a,NONE; preserve original path if referenced by frozen manifest
data/images/week1_v3/622797464258.webp,KEEP_REPRODUCIBILITY,数据/图片/事实单元是复现附件；不提交Git、不移动冻结split,DATA,142492,False,0,,ea6463ccf2ae81be6780e40726119d9d2b94e44d1a2a6e4a37335e4e7ae543af,NONE; preserve original path if referenced by frozen manifest
data/images/week1_v3/622823729959.webp,KEEP_REPRODUCIBILITY,数据/图片/事实单元是复现附件；不提交Git、不移动冻结split,DATA,147854,False,0,,f22d7f91f819a16fe4ee95be804ae5c7a71181209d79d4eecbab2a3797bd0ce8,NONE; preserve original path if referenced by frozen manifest
data/images/week1_v3/622825335688.webp,KEEP_REPRODUCIBILITY,数据/图片/事实单元是复现附件；不提交Git、不移动冻结split,DATA,68310,False,0,,6de5d90e393106faf0c9e1a542672660f2d8885ffb48168f13b8884d1a6c5cc0,NONE; preserve original path if referenced by frozen manifest
data/images/week1_v3/622927580525.webp,KEEP_REPRODUCIBILITY,数据/图片/事实单元是复现附件；不提交Git、不移动冻结split,DATA,73718,False,0,,93164d7f72fa14a1de9bcab9c093afca653b1fc5f862e0283c2a298f691f46cb,NONE; preserve original path if referenced by frozen manifest
data/images/week1_v3/622931911272.webp,KEEP_REPRODUCIBILITY,数据/图片/事实单元是复现附件；不提交Git、不移动冻结split,DATA,72408,False,0,,4ce2826a169bbfe6e4e849317b76c71eefec6e84eb1ef21c40569b02bf6b87ce,NONE; preserve original path if referenced by frozen manifest
data/images/week1_v3/622952163359.webp,KEEP_REPRODUCIBILITY,数据/图片/事实单元是复现附件；不提交Git、不移动冻结split,DATA,169988,False,0,,6414a27535dba12e7ea61450ccc48c6b0ce192a25e0d790cef9092b22489c977,NONE; preserve original path if referenced by frozen manifest
data/images/week1_v3/622960722839.webp,KEEP_REPRODUCIBILITY,数据/图片/事实单元是复现附件；不提交Git、不移动冻结split,DATA,65948,False,0,,ab61d0858b357a6457cfb700f8a6ff1d98e9bf3a05325fa723016efa5cb66550,NONE; preserve original path if referenced by frozen manifest
data/images/week1_v3/622990752649.webp,KEEP_REPRODUCIBILITY,数据/图片/事实单元是复现附件；不提交Git、不移动冻结split,DATA,112756,False,0,,855ad24a1888f48e16fbe18bf21ebdaf983b0d6d3ffedf5bdc518a82023b06e3,NONE; preserve original path if referenced by frozen manifest
data/images/week1_v3/623002122394.webp,KEEP_REPRODUCIBILITY,数据/图片/事实单元是复现附件；不提交Git、不移动冻结split,DATA,84980,False,0,,c9b95b974d4209685de150ebed05136b673f3672a97c2a64c6d79c03122e072d,NONE; preserve original path if referenced by frozen manifest
data/images/week1_v3/623058172059.webp,KEEP_REPRODUCIBILITY,数据/图片/事实单元是复现附件；不提交Git、不移动冻结split,DATA,145290,False,0,,6d650259a5dda84ed8142e7fb85df97eda900e0a2b084de60ff31fed4f6d7abe,NONE; preserve original path if referenced by frozen manifest
data/images/week1_v3/623087210667.webp,KEEP_REPRODUCIBILITY,数据/图片/事实单元是复现附件；不提交Git、不移动冻结split,DATA,43364,False,0,,e8f7ea1576272dbeae9279e597aed593fb6800a385773c56396dc2e4e2299ccc,NONE; preserve original path if referenced by frozen manifest
data/images/week1_v3/623106416242.webp,KEEP_REPRODUCIBILITY,数据/图片/事实单元是复现附件；不提交Git、不移动冻结split,DATA,94068,False,0,,d095400e6f669168b8fec3cf198777d0fc9119cf4a9c9b15a3fd613d88ec5072,NONE; preserve original path if referenced by frozen manifest
data/images/week1_v3/623126145078.webp,KEEP_REPRODUCIBILITY,数据/图片/事实单元是复现附件；不提交Git、不移动冻结split,DATA,27760,False,0,,6d5adba14711cfdb9148d70b93e0dcc954845413975f8995013a6eb0a62c0d9f,NONE; preserve original path if referenced by frozen manifest
data/images/week1_v3/623141060702.webp,KEEP_REPRODUCIBILITY,数据/图片/事实单元是复现附件；不提交Git、不移动冻结split,DATA,33458,False,0,,af75e9e2450d241cfbef940cb715cf6c6bb2064008990d3d0d3f674061764429,NONE; preserve original path if referenced by frozen manifest
data/images/week1_v3/623146056728.webp,KEEP_REPRODUCIBILITY,数据/图片/事实单元是复现附件；不提交Git、不移动冻结split,DATA,121692,False,0,,221d55ff43a50825e0242dc259684e9a7e0638398fa94157b90af47fb8bdf2d2,NONE; preserve original path if referenced by frozen manifest
data/images/week1_v3/623218803612.webp,KEEP_REPRODUCIBILITY,数据/图片/事实单元是复现附件；不提交Git、不移动冻结split,DATA,44584,False,0,,40f9aa3f144ae0a17f2da84516cb4b12d5868e11f1d059051c12e47195ef5b56,NONE; preserve original path if referenced by frozen manifest
data/images/week1_v3/623258266483.webp,KEEP_REPRODUCIBILITY,数据/图片/事实单元是复现附件；不提交Git、不移动冻结split,DATA,47902,False,0,,e794730f343d9fe88c83ccd99ad3145033a4e2e7afcf3b170dbf3740280818a3,NONE; preserve original path if referenced by frozen manifest
data/images/week1_v3/623280834523.webp,KEEP_REPRODUCIBILITY,数据/图片/事实单元是复现附件；不提交Git、不移动冻结split,DATA,26704,False,0,,04c1388f7fc92fbab70819dc2279324c97ce0e7cdbef566aff97ba0540124a96,NONE; preserve original path if referenced by frozen manifest
data/images/week1_v3/623313109039.webp,KEEP_REPRODUCIBILITY,数据/图片/事实单元是复现附件；不提交Git、不移动冻结split,DATA,56326,False,0,,352f37c4c01345e0e1b3db6af8b763505a4d4fa683b4e600623c47103751e728,NONE; preserve original path if referenced by frozen manifest
data/images/week1_v3/623350125420.webp,KEEP_REPRODUCIBILITY,数据/图片/事实单元是复现附件；不提交Git、不移动冻结split,DATA,125374,False,0,,e9ddbe1d6441a4f77650636596207918a82fc7e09d7a1aa823c087d537becc3a,NONE; preserve original path if referenced by frozen manifest
data/images/week1_v3/623432260895.webp,KEEP_REPRODUCIBILITY,数据/图片/事实单元是复现附件；不提交Git、不移动冻结split,DATA,101912,False,0,,3610a6408386bbe4f774585de0ad4f61092dd8c7f3f0bf36bed54baedc617886,NONE; preserve original path if referenced by frozen manifest
data/images/week1_v3/623443259283.jpg,KEEP_REPRODUCIBILITY,数据/图片/事实单元是复现附件；不提交Git、不移动冻结split,DATA,152589,False,0,,7e0e7c15259ce5a2d0bfd7bde52469134a1e7e721285c0801dde9e40b9f441e7,NONE; preserve original path if referenced by frozen manifest
data/images/week1_v3/623447617428.webp,KEEP_REPRODUCIBILITY,数据/图片/事实单元是复现附件；不提交Git、不移动冻结split,DATA,71528,False,0,,b1e16daa9fcc4b05789402c7960b039142d80b38d6549e65d580a852e474d6d8,NONE; preserve original path if referenced by frozen manifest
data/images/week1_v3/623465919056.webp,KEEP_REPRODUCIBILITY,数据/图片/事实单元是复现附件；不提交Git、不移动冻结split,DATA,154636,False,0,,1c682207ea16cb6f51f612c0cd8cda212f579bad99a1e31e51bd1e31be6711f1,NONE; preserve original path if referenced by frozen manifest
data/images/week1_v3/623497021404.webp,KEEP_REPRODUCIBILITY,数据/图片/事实单元是复现附件；不提交Git、不移动冻结split,DATA,83432,False,0,,83042d58dfc9dbf5e472986bae69eb57bc9083493a4487f05fa57fd1b9a07332,NONE; preserve original path if referenced by frozen manifest
data/images/week1_v3/623511309783.webp,KEEP_REPRODUCIBILITY,数据/图片/事实单元是复现附件；不提交Git、不移动冻结split,DATA,44892,False,0,,4a333d2ca23ae79201fdf188caa59d50ae04a7fc098ea1939ca4ae4c21727cea,NONE; preserve original path if referenced by frozen manifest
data/images/week1_v3/623519132471.webp,KEEP_REPRODUCIBILITY,数据/图片/事实单元是复现附件；不提交Git、不移动冻结split,DATA,29326,False,0,,56466bcb21e9f795ebbbc40d2f7bba50bea3b1557cfe233f9dffd20d6673575d,NONE; preserve original path if referenced by frozen manifest
data/images/week1_v3/623588728868.webp,KEEP_REPRODUCIBILITY,数据/图片/事实单元是复现附件；不提交Git、不移动冻结split,DATA,66466,False,0,,6f28028e6ff07d542b2933333aedf58e877d3fce6fa57b73c15cc863aaa42bac,NONE; preserve original path if referenced by frozen manifest
data/images/week1_v3/623600716657.webp,KEEP_REPRODUCIBILITY,数据/图片/事实单元是复现附件；不提交Git、不移动冻结split,DATA,473878,False,0,,0b44e5a5efee1889c3a6b8ef896286b6f8949f37853eb09d5e80b0eadd6c8de3,NONE; preserve original path if referenced by frozen manifest
data/images/week1_v3/623601047460.jpg,KEEP_REPRODUCIBILITY,数据/图片/事实单元是复现附件；不提交Git、不移动冻结split,DATA,185427,False,0,,3b73ee5bbddaf97c605ea3bb65b79d621fa8f0cc0944cc8e7820cfd710f97fbb,NONE; preserve original path if referenced by frozen manifest
data/images/week1_v3/623667365866.webp,KEEP_REPRODUCIBILITY,数据/图片/事实单元是复现附件；不提交Git、不移动冻结split,DATA,36902,False,0,,34ff0a1b1ea00b39fca7d7c2eeaae7d9202db3e890a9a7a0904c88d5e007e3c4,NONE; preserve original path if referenced by frozen manifest
data/images/week1_v3/623673614217.webp,KEEP_REPRODUCIBILITY,数据/图片/事实单元是复现附件；不提交Git、不移动冻结split,DATA,101180,False,0,,5f07a8f0bb4d47ca38d048f4708ad8ed3e1eecb77c66855f7cafc3e1a5048f42,NONE; preserve original path if referenced by frozen manifest
data/images/week1_v3/623707518662.webp,KEEP_REPRODUCIBILITY,数据/图片/事实单元是复现附件；不提交Git、不移动冻结split,DATA,146648,False,0,,b823d43cf597758c147e7be7318aba60df15590938f4c0b20a9675a59deea1fd,NONE; preserve original path if referenced by frozen manifest
data/images/week1_v3/623712490126.webp,KEEP_REPRODUCIBILITY,数据/图片/事实单元是复现附件；不提交Git、不移动冻结split,DATA,34868,False,0,,2c7ce99bcf79d8ddf5470f65cb299f33ae12bda450bd4be860377cc836cbac3e,NONE; preserve original path if referenced by frozen manifest
data/images/week1_v3/623736692042.jpg,KEEP_REPRODUCIBILITY,数据/图片/事实单元是复现附件；不提交Git、不移动冻结split,DATA,264413,False,0,,91515a026c1feedfbee213bb1e1392d96428de4c976f5698391ec9f5a97a4b4f,NONE; preserve original path if referenced by frozen manifest
data/images/week1_v3/623740421357.webp,KEEP_REPRODUCIBILITY,数据/图片/事实单元是复现附件；不提交Git、不移动冻结split,DATA,88962,False,0,,e19d93bbdfb1b6c28278211c8517e9bd2e50001b26e46fd4db39332c73277a9c,NONE; preserve original path if referenced by frozen manifest
data/images/week1_v3/623746359616.png,KEEP_REPRODUCIBILITY,数据/图片/事实单元是复现附件；不提交Git、不移动冻结split,DATA,646732,False,0,,1472cc0906b0092d7a5330e46a828493cc1f6ea78442a6c14a174f635a9f7cc9,NONE; preserve original path if referenced by frozen manifest
data/images/week1_v3/623752954950.webp,KEEP_REPRODUCIBILITY,数据/图片/事实单元是复现附件；不提交Git、不移动冻结split,DATA,248292,False,0,,6c0baf3cef8dbda10f12dd033d12853d737da28ab9ac0d1483cf6120c042e20a,NONE; preserve original path if referenced by frozen manifest
data/images/week1_v3/623773386367.webp,KEEP_REPRODUCIBILITY,数据/图片/事实单元是复现附件；不提交Git、不移动冻结split,DATA,46414,False,0,,1411354dd5f68d9483a3a4c52da0bcf593b0392386be42dc7fd3b8d73a99c815,NONE; preserve original path if referenced by frozen manifest
data/images/week1_v3/623796291171.webp,KEEP_REPRODUCIBILITY,数据/图片/事实单元是复现附件；不提交Git、不移动冻结split,DATA,39340,False,0,,0584de5d3fe411a972dabbb7607199423c4de1ba9d0a5069a47932bf8533e874,NONE; preserve original path if referenced by frozen manifest
data/images/week1_v3/623807390875.webp,KEEP_REPRODUCIBILITY,数据/图片/事实单元是复现附件；不提交Git、不移动冻结split,DATA,358844,False,0,,08ac10eb7fc6bcab38756339d5a339b42b3513b45fd097dc82b6a4e2d8bfe254,NONE; preserve original path if referenced by frozen manifest
data/images/week1_v3/623818856264.webp,KEEP_REPRODUCIBILITY,数据/图片/事实单元是复现附件；不提交Git、不移动冻结split,DATA,48572,False,0,,d66bed6573ec7b9fdce23ec6de7ca0c21fedeb371040ebfa8d8720a7d02ae62c,NONE; preserve original path if referenced by frozen manifest
data/images/week1_v3/623834322952.webp,KEEP_REPRODUCIBILITY,数据/图片/事实单元是复现附件；不提交Git、不移动冻结split,DATA,86116,False,0,,a0ccc34d1a3912ea86ca4d7b71d2936305b57d5cf3fcdc0f82ef24de0e8a5391,NONE; preserve original path if referenced by frozen manifest
data/images/week1_v3/623868438520.webp,KEEP_REPRODUCIBILITY,数据/图片/事实单元是复现附件；不提交Git、不移动冻结split,DATA,86322,False,0,,d399bd48651067203e7bae15461b1987292b57c9faf73eab7deee1b056ccfcb4,NONE; preserve original path if referenced by frozen manifest
data/images/week1_v3/623882882335.webp,KEEP_REPRODUCIBILITY,数据/图片/事实单元是复现附件；不提交Git、不移动冻结split,DATA,22840,False,0,,820b7ca426e3e3210eba1bdc9fd63fdd22571b72a0943b054933b5f4ce98132a,NONE; preserve original path if referenced by frozen manifest
data/images/week1_v3/623901382852.webp,KEEP_REPRODUCIBILITY,数据/图片/事实单元是复现附件；不提交Git、不移动冻结split,DATA,90696,False,0,,09aeaeac9c35e54a0d2503637b6f5b51af650f49ed842d98e73726302b2c2cd2,NONE; preserve original path if referenced by frozen manifest
data/images/week1_v3/623904153961.webp,KEEP_REPRODUCIBILITY,数据/图片/事实单元是复现附件；不提交Git、不移动冻结split,DATA,75712,False,0,,236cf917cbf733d7c065aede85a927b412ddee410be7c9fd1d6eb54f391a14c8,NONE; preserve original path if referenced by frozen manifest
data/images/week1_v3/623912186013.webp,KEEP_REPRODUCIBILITY,数据/图片/事实单元是复现附件；不提交Git、不移动冻结split,DATA,156866,False,0,,963d8d12ea9b218617ed3eb48ac87207c101cd6dc6126be3008276b4c3615069,NONE; preserve original path if referenced by frozen manifest
data/images/week1_v3/623912576470.webp,KEEP_REPRODUCIBILITY,数据/图片/事实单元是复现附件；不提交Git、不移动冻结split,DATA,72600,False,0,,6b8ecf78974be2eea1e6310c289c756d8b5a5e1f36fb494c43eb1bffe402f68a,NONE; preserve original path if referenced by frozen manifest
data/images/week1_v3/623943672120.webp,KEEP_REPRODUCIBILITY,数据/图片/事实单元是复现附件；不提交Git、不移动冻结split,DATA,108770,False,0,,bf8e40fcc37b059703dff7a58a21a556ff9c3104605644c99e1f9efd721182cc,NONE; preserve original path if referenced by frozen manifest
data/images/week1_v3/623960161106.webp,KEEP_REPRODUCIBILITY,数据/图片/事实单元是复现附件；不提交Git、不移动冻结split,DATA,147046,False,0,,348fe9aa6afce0dc621ad13850764ffe6c1afdafc20be2dbc37627bb9f2c451c,NONE; preserve original path if referenced by frozen manifest
data/images/week1_v3/624000064339.webp,KEEP_REPRODUCIBILITY,数据/图片/事实单元是复现附件；不提交Git、不移动冻结split,DATA,30386,False,0,,531af7765a1af76cbb6ca593270d6bc8ddaf4f4f9162968952469cbbe7c58412,NONE; preserve original path if referenced by frozen manifest
data/images/week1_v3/624032361313.webp,KEEP_REPRODUCIBILITY,数据/图片/事实单元是复现附件；不提交Git、不移动冻结split,DATA,76828,False,0,,fa9ed954315c67970e144f4c6eee5ba3706099a8b0bb9ae794fcb0679b38483a,NONE; preserve original path if referenced by frozen manifest
data/images/week1_v3/624042084078.webp,KEEP_REPRODUCIBILITY,数据/图片/事实单元是复现附件；不提交Git、不移动冻结split,DATA,84422,False,0,,cb8ce91e9f04e21b079767d5522c910cd80d9967c2d9644ebba806cd15872876,NONE; preserve original path if referenced by frozen manifest
data/images/week1_v3/624045706761.webp,KEEP_REPRODUCIBILITY,数据/图片/事实单元是复现附件；不提交Git、不移动冻结split,DATA,68976,False,0,,57c56cee6a9a9c192165920a0c32aa4f54119aa445fd334da4bb432ac921c00a,NONE; preserve original path if referenced by frozen manifest
data/images/week1_v3/624074515805.webp,KEEP_REPRODUCIBILITY,数据/图片/事实单元是复现附件；不提交Git、不移动冻结split,DATA,64672,False,0,,59fc098baccd65e18297d02b5383e9244a8637a0a98cade3a553e8ae773a423c,NONE; preserve original path if referenced by frozen manifest
data/images/week1_v3/624090152309.webp,KEEP_REPRODUCIBILITY,数据/图片/事实单元是复现附件；不提交Git、不移动冻结split,DATA,52118,False,0,,331b3d30a6cfce51ca87c94495a48139baaa9ab5acfc4e3ab31b2f2497b9bd25,NONE; preserve original path if referenced by frozen manifest
data/images/week1_v3/624095436207.webp,KEEP_REPRODUCIBILITY,数据/图片/事实单元是复现附件；不提交Git、不移动冻结split,DATA,52250,False,0,,8c89ac28803200c2e8c1f9a5c5effcd038dc4ef4581a5625f215dd657dbb3dd6,NONE; preserve original path if referenced by frozen manifest
data/images/week1_v3/624105227976.webp,KEEP_REPRODUCIBILITY,数据/图片/事实单元是复现附件；不提交Git、不移动冻结split,DATA,170206,False,0,,bd80439c8899b00dfd87069affb361e0ee15ad19a08043c0780b43b122aa275c,NONE; preserve original path if referenced by frozen manifest
data/images/week1_v3/624110108481.webp,KEEP_REPRODUCIBILITY,数据/图片/事实单元是复现附件；不提交Git、不移动冻结split,DATA,30754,False,0,,9129e7b73a96f9eabd5f4ded2aa7e550fb3bc506b10436a5fb31edeb004d2894,NONE; preserve original path if referenced by frozen manifest
data/images/week1_v3/624112334484.webp,KEEP_REPRODUCIBILITY,数据/图片/事实单元是复现附件；不提交Git、不移动冻结split,DATA,22514,False,0,,293f782f47299e2c383aa8dd314e8193ddeec17a96b8c464f60950eb4a00b5b3,NONE; preserve original path if referenced by frozen manifest
data/images/week1_v3/624112977090.webp,KEEP_REPRODUCIBILITY,数据/图片/事实单元是复现附件；不提交Git、不移动冻结split,DATA,23260,False,0,,a7420fc6511bb2925c355a42b899474f9f707da7ed696fae62fb427ae9ba495e,NONE; preserve original path if referenced by frozen manifest
data/images/week1_v3/624141516056.webp,KEEP_REPRODUCIBILITY,数据/图片/事实单元是复现附件；不提交Git、不移动冻结split,DATA,120386,False,0,,1520f152333afa90297643fbbfb53557c7899d9b1b2fec0bf7c143d829facb60,NONE; preserve original path if referenced by frozen manifest
data/images/week1_v3/624150705784.webp,KEEP_REPRODUCIBILITY,数据/图片/事实单元是复现附件；不提交Git、不移动冻结split,DATA,51392,False,0,,30b4637e07abd5fea7aa26e6bdce6b934314e668e3e96258d859aece9f2f0057,NONE; preserve original path if referenced by frozen manifest
data/images/week1_v3/624159359549.webp,KEEP_REPRODUCIBILITY,数据/图片/事实单元是复现附件；不提交Git、不移动冻结split,DATA,122668,False,0,,2973f4a611dc0879443689de7abe49811de7c2fc0f2170115474d43173adae7b,NONE; preserve original path if referenced by frozen manifest
data/images/week1_v3/624221754131.webp,KEEP_REPRODUCIBILITY,数据/图片/事实单元是复现附件；不提交Git、不移动冻结split,DATA,59410,False,0,,8f3fe79b968e18931864b5ca47b7715386332aa78b0178ede2d65ceb7f37fa28,NONE; preserve original path if referenced by frozen manifest
data/images/week1_v3/624231029965.webp,KEEP_REPRODUCIBILITY,数据/图片/事实单元是复现附件；不提交Git、不移动冻结split,DATA,89646,False,0,,b8abfeac0f611272dac28f6ee6c8c1d5cf471357c5bf1327d49b31e36ba18f99,NONE; preserve original path if referenced by frozen manifest
data/images/week1_v3/624250510289.webp,KEEP_REPRODUCIBILITY,数据/图片/事实单元是复现附件；不提交Git、不移动冻结split,DATA,51538,False,0,,f1dfac484ecd5ebdd9ca47b6a1a408963e4941cdae2875d9900b50bb0a9eba0d,NONE; preserve original path if referenced by frozen manifest
data/images/week1_v3/624341283098.webp,KEEP_REPRODUCIBILITY,数据/图片/事实单元是复现附件；不提交Git、不移动冻结split,DATA,57564,False,0,,601e929355d594f5ea1578753acfd60edb4fda5c47e970df0fdf822cc73414cd,NONE; preserve original path if referenced by frozen manifest
data/images/week1_v3/624381044177.webp,KEEP_REPRODUCIBILITY,数据/图片/事实单元是复现附件；不提交Git、不移动冻结split,DATA,84718,False,0,,841957ef51b5e0f31c9a4af3bda55a926d5108928a29d917c7631a8d358f1df6,NONE; preserve original path if referenced by frozen manifest
data/images/week1_v3/624392441174.webp,KEEP_REPRODUCIBILITY,数据/图片/事实单元是复现附件；不提交Git、不移动冻结split,DATA,136304,False,0,,0243cc1916fd34f5a78d463345bdb9f000ddd7dbfa69929283a626749751f9fe,NONE; preserve original path if referenced by frozen manifest
data/images/week1_v3/624407147383.webp,KEEP_REPRODUCIBILITY,数据/图片/事实单元是复现附件；不提交Git、不移动冻结split,DATA,71130,False,0,,2c92f3f67101d06282dfa237fa6c0f6bdf9b568044c4985f344a24ef145f2baf,NONE; preserve original path if referenced by frozen manifest
data/images/week1_v3/624420889036.webp,KEEP_REPRODUCIBILITY,数据/图片/事实单元是复现附件；不提交Git、不移动冻结split,DATA,83610,False,0,,18460a8d43b25abeeb10d64d982ab4bb62dd3703e221a43b8ae54fdd8dd56b17,NONE; preserve original path if referenced by frozen manifest
data/images/week1_v3/624458993816.webp,KEEP_REPRODUCIBILITY,数据/图片/事实单元是复现附件；不提交Git、不移动冻结split,DATA,111342,False,0,,4a24e7c69ac6f55808dfa651515de968a80f108f50e5f03236f6ab315f1d3c4c,NONE; preserve original path if referenced by frozen manifest
data/images/week1_v3/624462375684.webp,KEEP_REPRODUCIBILITY,数据/图片/事实单元是复现附件；不提交Git、不移动冻结split,DATA,40346,False,0,,7d8919f00a5dc9708451f2244f0ca365fc9850ad93829be28d30a8d490c4a9df,NONE; preserve original path if referenced by frozen manifest
data/images/week1_v3/624511194641.png,KEEP_REPRODUCIBILITY,数据/图片/事实单元是复现附件；不提交Git、不移动冻结split,DATA,359386,False,0,,174e844def1d3649b30f5d78a7df5c4b1fc389412d9c7a3746bae8e83bd296b8,NONE; preserve original path if referenced by frozen manifest
data/images/week1_v3/624625554486.webp,KEEP_REPRODUCIBILITY,数据/图片/事实单元是复现附件；不提交Git、不移动冻结split,DATA,28464,False,0,,585291053321759137bf63edc2da3c2ece81c048907d3278c35d381f8a73f6d6,NONE; preserve original path if referenced by frozen manifest
data/images/week1_v3/624735723187.webp,KEEP_REPRODUCIBILITY,数据/图片/事实单元是复现附件；不提交Git、不移动冻结split,DATA,70040,False,0,,62e1ce46aa9509b3deb5edb3509aab62a256a2884be8f33bf9d039955d0d88b8,NONE; preserve original path if referenced by frozen manifest
data/images/week1_v3/624771967831.webp,KEEP_REPRODUCIBILITY,数据/图片/事实单元是复现附件；不提交Git、不移动冻结split,DATA,90066,False,0,,e3209995aa92ba977b70c8940bfb3276fb7a81df788ff5de572a3cd564f1d4b4,NONE; preserve original path if referenced by frozen manifest
data/images/week1_v3/624821931387.jpg,KEEP_REPRODUCIBILITY,数据/图片/事实单元是复现附件；不提交Git、不移动冻结split,DATA,55643,False,0,,aab96d490b49ad59264d4701ac1f0270bbf9aaa3c8e6bd27fe54f5386503382a,NONE; preserve original path if referenced by frozen manifest
data/images/week1_v3/624831651928.webp,KEEP_REPRODUCIBILITY,数据/图片/事实单元是复现附件；不提交Git、不移动冻结split,DATA,124512,False,0,,718756c4815f06740bd13b2a65278ab271dcf8ed902059d43fadf8de8d0fe55e,NONE; preserve original path if referenced by frozen manifest
data/images/week1_v3/624859235942.webp,KEEP_REPRODUCIBILITY,数据/图片/事实单元是复现附件；不提交Git、不移动冻结split,DATA,87598,False,0,,37a9d2cf3c8ae669ab87c727bbc74fd6ff31423ab8fb54a53605c05f41c971db,NONE; preserve original path if referenced by frozen manifest
data/images/week1_v3/624888398501.webp,KEEP_REPRODUCIBILITY,数据/图片/事实单元是复现附件；不提交Git、不移动冻结split,DATA,51744,False,0,,6e05e763335164cb3c6166a795b4ec67523263fa22e37aacda48c2b1f1e70daa,NONE; preserve original path if referenced by frozen manifest
data/images/week1_v3/624975843304.webp,KEEP_REPRODUCIBILITY,数据/图片/事实单元是复现附件；不提交Git、不移动冻结split,DATA,98678,False,0,,d487004669893ccd0e0058505e6f0f8f2ce6b87892f405468f84ea4c8eaff562,NONE; preserve original path if referenced by frozen manifest
data/images/week1_v3/625017006444.webp,KEEP_REPRODUCIBILITY,数据/图片/事实单元是复现附件；不提交Git、不移动冻结split,DATA,220224,False,0,,fd6d043e81471129676bb83bb1bfdf40ccde710bc9eeef030e100f7e901e4b06,NONE; preserve original path if referenced by frozen manifest
data/images/week1_v3/625030283254.webp,KEEP_REPRODUCIBILITY,数据/图片/事实单元是复现附件；不提交Git、不移动冻结split,DATA,54668,False,0,,d7a7f00293c62be52ba696ac68390e3b9f4c3453f58945e84bb3bdbf946c5c42,NONE; preserve original path if referenced by frozen manifest
data/images/week1_v3/625037263815.webp,KEEP_REPRODUCIBILITY,数据/图片/事实单元是复现附件；不提交Git、不移动冻结split,DATA,32536,False,0,,8cd9e12343fbc702abd8a4ecba77979bf100af9116c73dd94d67baa7571fc833,NONE; preserve original path if referenced by frozen manifest
data/images/week1_v3/625039115218.webp,KEEP_REPRODUCIBILITY,数据/图片/事实单元是复现附件；不提交Git、不移动冻结split,DATA,99736,False,0,,301ada028a811a6baa2953b6f7dbce2992732b3639208cdd5f8ae0272e624e71,NONE; preserve original path if referenced by frozen manifest
data/images/week1_v3/625098863652.webp,KEEP_REPRODUCIBILITY,数据/图片/事实单元是复现附件；不提交Git、不移动冻结split,DATA,51674,False,0,,71313906051e7ca91377c49083439d1612d0d8bcf24e58a23377299e64cc059f,NONE; preserve original path if referenced by frozen manifest
data/images/week1_v3/625111755737.webp,KEEP_REPRODUCIBILITY,数据/图片/事实单元是复现附件；不提交Git、不移动冻结split,DATA,46456,False,0,,0d2c6d67d0b9e215568fff7ff6a5043569d230a5bfdd78b93cad6bbe891213fb,NONE; preserve original path if referenced by frozen manifest
data/images/week1_v3/625264903930.webp,KEEP_REPRODUCIBILITY,数据/图片/事实单元是复现附件；不提交Git、不移动冻结split,DATA,105170,False,0,,11941238fc43cb9a70c93c3a40babf6219cc08d34b353b427dade5ee0f842cac,NONE; preserve original path if referenced by frozen manifest
data/images/week1_v3/625309591565.webp,KEEP_REPRODUCIBILITY,数据/图片/事实单元是复现附件；不提交Git、不移动冻结split,DATA,81066,False,0,,1b11c3c8e95e79698efc558792a6e8b4465e68d6c761eea5642b695daac8262b,NONE; preserve original path if referenced by frozen manifest
data/images/week1_v3/8443620439.webp,KEEP_REPRODUCIBILITY,数据/图片/事实单元是复现附件；不提交Git、不移动冻结split,DATA,38696,False,0,,a47a10033115fdaea410a0cc13e97c8350dda0225ee06d3c1e2b195be00ae34a,NONE; preserve original path if referenced by frozen manifest
data/images/week1_v3/9693373322.webp,KEEP_REPRODUCIBILITY,数据/图片/事实单元是复现附件；不提交Git、不移动冻结split,DATA,57076,False,0,,f9f9e0915e5953018d7d01bf55d9de78b36006c4bb8128a43e3ca7e71ecc0241,NONE; preserve original path if referenced by frozen manifest
data/processed/lora_instruction_data_v1/excluded_products.jsonl,KEEP_REPRODUCIBILITY,数据/图片/事实单元是复现附件；不提交Git、不移动冻结split,DATA,37413,False,1,reports/generation/lora/lora_instruction_data_v1_final_manifest.json,da0e69078a3ddeb474952ccbe68d48c0c219f1ba946b47161f82e044457cc4d2,NONE; preserve original path if referenced by frozen manifest
data/processed/lora_instruction_data_v1/products.jsonl,KEEP_REPRODUCIBILITY,数据/图片/事实单元是复现附件；不提交Git、不移动冻结split,DATA,2512144,False,1,reports/generation/lora/lora_instruction_data_v1_final_manifest.json,1156e8f8466927c1ece4cb89577ee534ccdd66856f640512bd56f0c164d72868,NONE; preserve original path if referenced by frozen manifest
data/processed/lora_instruction_data_v1/summary.json,KEEP_REPRODUCIBILITY,数据/图片/事实单元是复现附件；不提交Git、不移动冻结split,DATA,3447,False,1,reports/generation/lora/lora_instruction_data_v1_final_manifest.json,1ce2c8d9a08483989d620def30bfa825c51a4f84bc2c71bf3ef9df9113bafd79,NONE; preserve original path if referenced by frozen manifest
data/processed/lora_instruction_data_v1/train.jsonl,KEEP_REPRODUCIBILITY,数据/图片/事实单元是复现附件；不提交Git、不移动冻结split,DATA,11251044,False,9,reports/generation/lora/lora_instruction_data_v1_final_manifest.json | reports/generation/lora/lora_v1_pretraining_manifest.json | reports/generation/lora/lora_v1_training/final_manifest.json | reports/generation/lora/project_validation_v1/delivery_manifest.json | reports/generation/lora/project_validation_v1/protocol_manifest.json | reports/generation/lora_rag/lora_rag_project_test100_v1/final_review_manifest.json | reports/generation/lora_rag/lora_rag_project_test100_v1/protocol_manifest.json | reports/generation/lora_rag/lora_rag_v2_development24_v1/final_review_manifest.json | reports/generation/lora_rag/lora_rag_v2_development24_v1/protocol_manifest.json,c31b00f3d19d503b3f7c7529cc2ce7e115143214b0d9ab40f07412becd6a5434,NONE; preserve original path if referenced by frozen manifest
data/processed/lora_instruction_data_v1/validation.jsonl,KEEP_REPRODUCIBILITY,数据/图片/事实单元是复现附件；不提交Git、不移动冻结split,DATA,1241600,False,9,reports/generation/lora/lora_instruction_data_v1_final_manifest.json | reports/generation/lora/lora_v1_pretraining_manifest.json | reports/generation/lora/lora_v1_training/final_manifest.json | reports/generation/lora/project_validation_v1/delivery_manifest.json | reports/generation/lora/project_validation_v1/protocol_manifest.json | reports/generation/lora_rag/lora_rag_project_test100_v1/final_review_manifest.json | reports/generation/lora_rag/lora_rag_project_test100_v1/protocol_manifest.json | reports/generation/lora_rag/lora_rag_v2_development24_v1/final_review_manifest.json | reports/generation/lora_rag/lora_rag_v2_development24_v1/protocol_manifest.json,20a32d5f67a8ac6dd0743bb90445522fe28cd4099ed318e71a4f0e8e33fa0a94,NONE; preserve original path if referenced by frozen manifest
data/processed/week1_v3/config.json,KEEP_REPRODUCIBILITY,数据/图片/事实单元是复现附件；不提交Git、不移动冻结split,DATA,3110,False,0,,abb8b5a0705b37454d495ed0e9d416730c1dfc6fc5cdf01ba96190276dd20ec2,NONE; preserve original path if referenced by frozen manifest
data/processed/week1_v3/generation_evaluation_samples.jsonl,KEEP_REPRODUCIBILITY,数据/图片/事实单元是复现附件；不提交Git、不移动冻结split,DATA,296348,False,6,reports/formal_baseline_manifest.json | reports/generation/lora/project_test100_v1/human_review_finalization_manifest.json | reports/generation/lora/project_test100_v1/protocol_manifest.json | reports/generation/lora_rag/lora_rag_project_test100_v1/final_review_manifest.json | reports/generation/lora_rag/lora_rag_project_test100_v1/protocol_manifest.json | reports/generation/rag/rag_v1_formal_manifest.json,ce057356a9a0c48e4298daac545fafb0c83ad07ae2f74f1b1211c834b048a557,NONE; preserve original path if referenced by frozen manifest
data/processed/week1_v3/inference_samples.jsonl,KEEP_REPRODUCIBILITY,数据/图片/事实单元是复现附件；不提交Git、不移动冻结split,DATA,11692,False,0,,fe8cd93bc81b3706fd11b877aa27b6654de3676b5222c25c5f2b2ebeae987a05,NONE; preserve original path if referenced by frozen manifest
data/processed/week1_v3/multimodal/image_manifest.jsonl,KEEP_REPRODUCIBILITY,数据/图片/事实单元是复现附件；不提交Git、不移动冻结split,DATA,714970,False,0,,d2889418ca1c4f902cd47c401bc5d946088f400cc3939917ddacba6bd8aaa420,NONE; preserve original path if referenced by frozen manifest
data/processed/week1_v3/multimodal/products.jsonl,KEEP_REPRODUCIBILITY,数据/图片/事实单元是复现附件；不提交Git、不移动冻结split,DATA,5406991,False,1,reports/retrieval/rerank/rerank_v1_formal_manifest.json,ba650e3d02bb38d0841210a615986439b71fe9b2a2db3dd6c16406302d33b586,NONE; preserve original path if referenced by frozen manifest
data/processed/week1_v3/multimodal/summary.json,KEEP_REPRODUCIBILITY,数据/图片/事实单元是复现附件；不提交Git、不移动冻结split,DATA,1586,False,0,,1a43640444d23ac191de31f3979c306df875b6632268691c61ffbf52c618645c,NONE; preserve original path if referenced by frozen manifest
data/processed/week1_v3/multimodal/test.jsonl,KEEP_REPRODUCIBILITY,数据/图片/事实单元是复现附件；不提交Git、不移动冻结split,DATA,525672,False,5,reports/formal_baseline_manifest.json | reports/generation/lora/project_test100_v1/human_review_finalization_manifest.json | reports/generation/lora/project_test100_v1/protocol_manifest.json | reports/generation/lora_rag/lora_rag_project_test100_v1/final_review_manifest.json | reports/generation/lora_rag/lora_rag_project_test100_v1/protocol_manifest.json,4afe6589d2f2a6b8d020ec3836128c6a83d00bf6acd3eff0c0b5f0a8a68076a5,NONE; preserve original path if referenced by frozen manifest
data/processed/week1_v3/multimodal/train.jsonl,KEEP_REPRODUCIBILITY,数据/图片/事实单元是复现附件；不提交Git、不移动冻结split,DATA,4336038,False,0,,34e1aeb203fb2cf28f109ba22c93863f5597a0340f2b14a28233be40ab2c5062,NONE; preserve original path if referenced by frozen manifest
data/processed/week1_v3/multimodal/validation.jsonl,KEEP_REPRODUCIBILITY,数据/图片/事实单元是复现附件；不提交Git、不移动冻结split,DATA,545281,False,8,reports/generation/lora/project_test100_v1/protocol_manifest.json | reports/generation/lora/project_validation_v1/delivery_manifest.json | reports/generation/lora/project_validation_v1/protocol_manifest.json | reports/generation/lora/project_validation_v1/quick32_v1/sampling_manifest.json | reports/generation/lora_rag/lora_rag_project_test100_v1/final_review_manifest.json | reports/generation/lora_rag/lora_rag_project_test100_v1/protocol_manifest.json | reports/generation/lora_rag/lora_rag_v2_development24_v1/final_review_manifest.json | reports/generation/lora_rag/lora_rag_v2_development24_v1/protocol_manifest.json,dd2bc1d6c21567176d95f5414bfd9304f48979b3bb39ab0b038627b1f346af0b,NONE; preserve original path if referenced by frozen manifest
data/processed/week1_v3/products.jsonl,KEEP_REPRODUCIBILITY,数据/图片/事实单元是复现附件；不提交Git、不移动冻结split,DATA,5101182,False,0,,c3db01a048bf9c94133a2b4832038cf17529b8045985a866b1b811c9544705fd,NONE; preserve original path if referenced by frozen manifest
data/processed/week1_v3/summary.json,KEEP_REPRODUCIBILITY,数据/图片/事实单元是复现附件；不提交Git、不移动冻结split,DATA,2673,False,0,,71437dc4bfc45e8c859aa35143ce92b794990fa0414acc24d5bb07ad723f7298,NONE; preserve original path if referenced by frozen manifest
data/processed/week1_v3/test.jsonl,KEEP_REPRODUCIBILITY,数据/图片/事实单元是复现附件；不提交Git、不移动冻结split,DATA,493080,False,0,,4cd357a65e1186ee68b900771d6a11c16dc8709a2550eb537bba60a89f790b2f,NONE; preserve original path if referenced by frozen manifest
data/processed/week1_v3/train.jsonl,KEEP_REPRODUCIBILITY,数据/图片/事实单元是复现附件；不提交Git、不移动冻结split,DATA,4095430,False,0,,3d9ba0e917e384418a13b34956fd06501698e0b8529d9d68eb3e3196d135fa8f,NONE; preserve original path if referenced by frozen manifest
data/processed/week1_v3/validation.jsonl,KEEP_REPRODUCIBILITY,数据/图片/事实单元是复现附件；不提交Git、不移动冻结split,DATA,512672,False,0,,4ab5ed1b5204af88053a645ec7d263fd5e1b32ce849882b9d0e7c9acaa567642,NONE; preserve original path if referenced by frozen manifest
data/processed/week2_rag_formal_v1/test100_fact_units.jsonl,KEEP_REPRODUCIBILITY,数据/图片/事实单元是复现附件；不提交Git、不移动冻结split,DATA,909188,False,1,reports/generation/rag/formal_rag_v1_test100_final_review_manifest.json,5deb2934bbe9500235c034a700d89ba0c5ea6920dd2c37cb3eaeeb051a94b3b8,NONE; preserve original path if referenced by frozen manifest
data/processed/week2_rag_mandatory_core_v2/validation_fact_units.jsonl,KEEP_REPRODUCIBILITY,数据/图片/事实单元是复现附件；不提交Git、不移动冻结split,DATA,2139091,False,9,reports/generation/lora/project_test100_v1/protocol_manifest.json | reports/generation/lora/project_validation_v1/delivery_manifest.json | reports/generation/lora/project_validation_v1/protocol_manifest.json | reports/generation/lora_rag/lora_rag_project_test100_v1/final_review_manifest.json | reports/generation/lora_rag/lora_rag_project_test100_v1/protocol_manifest.json | reports/generation/lora_rag/lora_rag_v2_development24_v1/final_review_manifest.json | reports/generation/lora_rag/lora_rag_v2_development24_v1/protocol_manifest.json | reports/generation/rag/rag_v2_p25_checkpoint_manifest_v1.json | reports/generation/rag/rag_v2_p2_phase_archive_v1.json,956cbb567d11c9d603d34f875895f64baa3bdabe584ba185de028f5a7869a798,NONE; preserve original path if referenced by frozen manifest
data/processed/week2_rag_v1/validation_fact_units.jsonl,KEEP_REPRODUCIBILITY,数据/图片/事实单元是复现附件；不提交Git、不移动冻结split,DATA,1775148,False,0,,2ace157456f65e65fe002d51625d3641037b0521889579543c607a5ee705dc9a,NONE; preserve original path if referenced by frozen manifest
data/processed/week2_rag_v2/validation_fact_units.jsonl,KEEP_REPRODUCIBILITY,数据/图片/事实单元是复现附件；不提交Git、不移动冻结split,DATA,1755672,False,1,reports/generation/rag/rag_v1_formal_manifest.json,8aab6cdaaed0f7e472869632681e3271c6fbf9fabd2da9be4cbf06c201c1feed,NONE; preserve original path if referenced by frozen manifest
data/processed/week2_train_v1/summary.json,KEEP_REPRODUCIBILITY,数据/图片/事实单元是复现附件；不提交Git、不移动冻结split,DATA,2065,False,0,,5494e69198fafc9b4d10b50388f7ef07f05dcaf9351bc5be6d61d2cb0b5ce39c,NONE; preserve original path if referenced by frozen manifest
data/processed/week2_train_v1/train.jsonl,KEEP_REPRODUCIBILITY,数据/图片/事实单元是复现附件；不提交Git、不移动冻结split,DATA,4233359,False,1,reports/generation/lora/lora_instruction_data_v1_final_manifest.json,6ba7179da3339c638aaace1a331cdc50648e58aa75c6a6852e33666bda512fb1,NONE; preserve original path if referenced by frozen manifest
docs/data.md,KEEP_FINAL,正式交付说明/协议或依赖声明；协议冻结，不随整理修改,RECOMMENDED,16191,True,0,,5f6a062bfa8217fd79ec31d13c9964133f711f9578a54d95e5b40c39adf728c0,NONE; preserve original path if referenced by frozen manifest
docs/delivery_audit.md,KEEP_FINAL,正式交付说明/协议或依赖声明；协议冻结，不随整理修改,RECOMMENDED,15942,False,0,,051a8091e290baee9e6a6652814c957434bbbae83f27e78d2470cc670c11d7d2,NONE; preserve original path if referenced by frozen manifest
docs/evaluation.md,KEEP_FINAL,正式交付说明/协议或依赖声明；协议冻结，不随整理修改,RECOMMENDED,10395,True,0,,7e6b678f54cbc2db3833856a593c08927c7563311fb848d0b587b7cd46ac6b11,NONE; preserve original path if referenced by frozen manifest
docs/generation.md,KEEP_FINAL,正式交付说明/协议或依赖声明；协议冻结，不随整理修改,RECOMMENDED,13856,True,0,,3264a8b22d05da1c72b7ed8dff13f51fe9fdbaacc619f411eb0b695a7e0913c7,NONE; preserve original path if referenced by frozen manifest
docs/lora_project_test100_v1_protocol.md,KEEP_FINAL,正式交付说明/协议或依赖声明；协议冻结，不随整理修改,RECOMMENDED,4363,False,4,reports/generation/lora/project_test100_v1/human_review_finalization_manifest.json | reports/generation/lora/project_test100_v1/protocol_manifest.json | reports/generation/lora_rag/lora_rag_project_test100_v1/final_review_manifest.json | reports/generation/lora_rag/lora_rag_project_test100_v1/protocol_manifest.json,922ddab6e45230275f88114bf1fadcb7cc1b0289a95eac9d76d599d0e2a5bd98,NONE; preserve original path if referenced by frozen manifest
docs/lora_project_validation_quick32_v1.md,KEEP_FINAL,正式交付说明/协议或依赖声明；协议冻结，不随整理修改,RECOMMENDED,4221,False,3,reports/generation/lora/project_validation_v1/automatic_phase_manifest.json | reports/generation/lora/project_validation_v1/delivery_manifest.json | reports/generation/lora/project_validation_v1/quick32_v1/sampling_manifest.json,852e479890a0c1b17b1f6bb58cfd77c91259e58633f8c7cc3e0dcdd9d78bac70,NONE; preserve original path if referenced by frozen manifest
docs/lora_project_validation_v1_protocol.md,KEEP_FINAL,正式交付说明/协议或依赖声明；协议冻结，不随整理修改,RECOMMENDED,8099,False,6,reports/generation/lora/project_validation_v1/delivery_manifest.json | reports/generation/lora/project_validation_v1/protocol_manifest.json | reports/generation/lora_rag/lora_rag_project_test100_v1/final_review_manifest.json | reports/generation/lora_rag/lora_rag_project_test100_v1/protocol_manifest.json | reports/generation/lora_rag/lora_rag_v2_development24_v1/final_review_manifest.json | reports/generation/lora_rag/lora_rag_v2_development24_v1/protocol_manifest.json,58e729fe1f8aa9a484eec43a76412581d3307cbed175d402aa609e530f31bf3e,NONE; preserve original path if referenced by frozen manifest
docs/lora_rag_project_test100_v1_protocol.md,KEEP_FINAL,正式交付说明/协议或依赖声明；协议冻结，不随整理修改,RECOMMENDED,5049,False,2,reports/generation/lora_rag/lora_rag_project_test100_v1/final_review_manifest.json | reports/generation/lora_rag/lora_rag_project_test100_v1/protocol_manifest.json,7a6921acf9f9fda6fb896029a36d2cd368f07749341fe1da70eb42c05c777767,NONE; preserve original path if referenced by frozen manifest
docs/lora_rag_v2_development24_v1_protocol.md,KEEP_FINAL,正式交付说明/协议或依赖声明；协议冻结，不随整理修改,RECOMMENDED,4982,False,4,reports/generation/lora_rag/lora_rag_project_test100_v1/final_review_manifest.json | reports/generation/lora_rag/lora_rag_project_test100_v1/protocol_manifest.json | reports/generation/lora_rag/lora_rag_v2_development24_v1/final_review_manifest.json | reports/generation/lora_rag/lora_rag_v2_development24_v1/protocol_manifest.json,ddb8cb1f18bfa1d096b1421955c66c8ba556c0d47eba3889ac5aa3f32a36de1b,NONE; preserve original path if referenced by frozen manifest
docs/retrieval.md,KEEP_FINAL,正式交付说明/协议或依赖声明；协议冻结，不随整理修改,RECOMMENDED,8374,True,0,,1a94ce0f7d762b42a135ba41d1c855e06468659f92ae082f9962216ee48c1b83,NONE; preserve original path if referenced by frozen manifest
handoff.md,ARCHIVE,本地计划/迁移/交接或其他辅助材料，具体交付用途待人工确认；不删除,LEGACY,26624,False,0,,c57ff82f9250f371654210ae594433b06e6da3562f47fb9bf8f7f203b8264eea,NONE; preserve original path if referenced by frozen manifest
Plan.md,ARCHIVE,本地计划/迁移/交接或其他辅助材料，具体交付用途待人工确认；不删除,LEGACY,19369,False,0,,929ecef3f4fd0dcd9598a91c0fbfbd08f58ef50834b0aba84899eb36eb321f55,NONE; preserve original path if referenced by frozen manifest
README.md,KEEP_FINAL,正式交付说明/协议或依赖声明；协议冻结，不随整理修改,RECOMMENDED,10134,True,0,,da6e124da2650bdb6b5e85df3e5491f37e0914046181aa59604cc8cc085cab72,NONE; preserve original path if referenced by frozen manifest
reports/data/category_review.csv,KEEP_REPRODUCIBILITY,原始输出、人工标签、环境、hash、manifest及数据审核证据,FROZEN_EVIDENCE,39051,True,0,,3643292aaf0d118c31e53dedd5d07138c7df4a37ff98e00a80bef240e84c8c9e,NONE; preserve original path if referenced by frozen manifest
reports/data/census/label_counts.csv,KEEP_REPRODUCIBILITY,原始输出、人工标签、环境、hash、manifest及数据审核证据,FROZEN_EVIDENCE,128190,True,0,,6d95f71ea88e20d3e20ad2c8cd72220edf6f66ef42492c70fdc0e1be4fe7a7a5,NONE; preserve original path if referenced by frozen manifest
reports/data/census/summary.json,KEEP_REPRODUCIBILITY,原始输出、人工标签、环境、hash、manifest及数据审核证据,FROZEN_EVIDENCE,404,True,0,,0330a817045ff93d8b8e00ad9abb74fecbf1f801c9b26de246f9433aa7f274fe,NONE; preserve original path if referenced by frozen manifest
reports/data/duplicate_audit.json,KEEP_REPRODUCIBILITY,原始输出、人工标签、环境、hash、manifest及数据审核证据,FROZEN_EVIDENCE,1960,True,0,,a270b79b1175e2b650c3fea37f552cd27c9b418aae41096f1fdf305c37474e16,NONE; preserve original path if referenced by frozen manifest
reports/data/images.json,KEEP_REPRODUCIBILITY,原始输出、人工标签、环境、hash、manifest及数据审核证据,FROZEN_EVIDENCE,1586,True,0,,1a43640444d23ac191de31f3979c306df875b6632268691c61ffbf52c618645c,NONE; preserve original path if referenced by frozen manifest
reports/data/preprocessing.json,KEEP_REPRODUCIBILITY,原始输出、人工标签、环境、hash、manifest及数据审核证据,FROZEN_EVIDENCE,2673,True,0,,71437dc4bfc45e8c859aa35143ce92b794990fa0414acc24d5bb07ad723f7298,NONE; preserve original path if referenced by frozen manifest
reports/data/training_deduplication_week2_v1.csv,KEEP_REPRODUCIBILITY,原始输出、人工标签、环境、hash、manifest及数据审核证据,FROZEN_EVIDENCE,7149,True,0,,801ca5e08fdf965f3df5d9c4d3eb97fd2014249fc041b130d11943b028d4f6d5,NONE; preserve original path if referenced by frozen manifest
reports/data/training_deduplication_week2_v1.json,KEEP_REPRODUCIBILITY,原始输出、人工标签、环境、hash、manifest及数据审核证据,FROZEN_EVIDENCE,2065,True,0,,5494e69198fafc9b4d10b50388f7ef07f05dcaf9351bc5be6d61d2cb0b5ce39c,NONE; preserve original path if referenced by frozen manifest
reports/data/validation.json,KEEP_REPRODUCIBILITY,原始输出、人工标签、环境、hash、manifest及数据审核证据,FROZEN_EVIDENCE,805,True,0,,7af881727d547507c3e7cf60a50b59c824f6d0b12d2fa5762e41069a305376dd,NONE; preserve original path if referenced by frozen manifest
reports/data/week2_rag_fact_quality_audit.csv,KEEP_REPRODUCIBILITY,原始输出、人工标签、环境、hash、manifest及数据审核证据,FROZEN_EVIDENCE,365077,True,6,reports/generation/lora/project_test100_v1/human_review_finalization_manifest.json | reports/generation/lora/project_test100_v1/protocol_manifest.json | reports/generation/lora_rag/lora_rag_project_test100_v1/final_review_manifest.json | reports/generation/lora_rag/lora_rag_project_test100_v1/protocol_manifest.json | reports/generation/rag/formal_rag_v1_test100_final_review_manifest.json | reports/generation/rag/rag_v1_formal_manifest.json,887ca944c9725f92b213687f1fbebbed82effd8f2bf3f3ae8734eb3e8e290ce0,NONE; preserve original path if referenced by frozen manifest
reports/data/week2_rag_fact_quality_audit.md,KEEP_REPRODUCIBILITY,原始输出、人工标签、环境、hash、manifest及数据审核证据,FROZEN_EVIDENCE,11808,True,0,,586823e12e7ef9d6017e041a9f0840fe8c48eeb85f11836944c0e79dca65d8ce,NONE; preserve original path if referenced by frozen manifest
reports/data/week2_train_consistency_review.csv,KEEP_REPRODUCIBILITY,原始输出、人工标签、环境、hash、manifest及数据审核证据,FROZEN_EVIDENCE,12389,True,1,reports/generation/lora/lora_instruction_data_v1_final_manifest.json,d39ac8eadb1c59eaca298f234dfe5c3924fcc94dd9bc299b41c10848ae0a680f,NONE; preserve original path if referenced by frozen manifest
reports/data/week2_train_consistency_review.md,KEEP_REPRODUCIBILITY,原始输出、人工标签、环境、hash、manifest及数据审核证据,FROZEN_EVIDENCE,4898,True,0,,9f715a336f8741f2397f8f8007ba233e0a168da797a8fb2157771741464614a4,NONE; preserve original path if referenced by frozen manifest
reports/experiment_log.csv,KEEP_REPRODUCIBILITY,原始输出、人工标签、环境、hash、manifest及数据审核证据,FROZEN_EVIDENCE,7117,True,0,,62836996818818e52114eac22fb12146ba9e9ba99aa5ff1e907201a2e6bb7071,NONE; preserve original path if referenced by frozen manifest
reports/formal_baseline_manifest.json,KEEP_FINAL,正式指标/索引清单；不同评审语境不覆盖彼此,FINAL,26543,True,2,reports/generation/rag/rag_v1_formal_manifest.json | reports/retrieval/rerank/rerank_v1_formal_manifest.json,eaf4eeb826b31ce67203dab290cbfd51aa573f9e8dd41386149a8995f30a6871,NONE; preserve original path if referenced by frozen manifest
reports/formal_baseline_report.md,KEEP_FINAL,交付应展示的正式结论或终止阶段总结,FINAL,7087,True,0,,1a16b361dfe4e2995e20771713fe5f1a9b66affc44d9f608a00024235efada27,NONE; preserve original path if referenced by frozen manifest
reports/generation/baseline/decoding_benchmark.json,KEEP_REPRODUCIBILITY,原始输出、人工标签、环境、hash、manifest及数据审核证据,FROZEN_EVIDENCE,4817,True,0,,1dc1fd26eedf076b7f724cfce5285a2cdda12604641849f35057656cae4e26b0,NONE; preserve original path if referenced by frozen manifest
reports/generation/baseline/evaluation_outputs.json,KEEP_REPRODUCIBILITY,原始输出、人工标签、环境、hash、manifest及数据审核证据,FROZEN_EVIDENCE,204220,True,0,,8b0722c90b28ad126e90d8a627bfbb3c0c29dcac885658fed0c6d1dbfe0dc4d5,NONE; preserve original path if referenced by frozen manifest
reports/generation/baseline/evaluation_outputs_sampling_v2.json,KEEP_REPRODUCIBILITY,原始输出、人工标签、环境、hash、manifest及数据审核证据,FROZEN_EVIDENCE,202677,True,0,,9b1b26f30d814e7903b5b5887f3af927f5aee0c938033d9474d58ef4b8d14a01,NONE; preserve original path if referenced by frozen manifest
reports/generation/baseline/smoke_test.json,ARCHIVE,开发/工程/人工诊断历史材料；只逻辑归档，不能破坏已有manifest,EXPERIMENT,10282,True,0,,84eb406439de1dfbfe6a78598bc599bf0c20a7c1d32b537d62c40d265f70390e,NONE; preserve original path if referenced by frozen manifest
reports/generation/baseline/smoke_test_sampling.json,ARCHIVE,开发/工程/人工诊断历史材料；只逻辑归档，不能破坏已有manifest,EXPERIMENT,10017,True,0,,a3ec7d75c288508d9a0ca691d14c936f0fb6b6ac012ee4f0a56204f8dcafb256,NONE; preserve original path if referenced by frozen manifest
reports/generation/baseline/smoke_test_sampling_prompt_v2.json,ARCHIVE,开发/工程/人工诊断历史材料；只逻辑归档，不能破坏已有manifest,EXPERIMENT,10157,True,0,,d6bdfd203b5bce382dc0b4c1d3b7380664fcea34aa109ae7071cf90aa58b0028,NONE; preserve original path if referenced by frozen manifest
reports/generation/evaluation/annotation_manifest.json,KEEP_REPRODUCIBILITY,原始输出、人工标签、环境、hash、manifest及数据审核证据,FROZEN_EVIDENCE,2858,True,4,reports/generation/lora/project_test100_v1/human_review_finalization_manifest.json | reports/generation/lora/project_test100_v1/protocol_manifest.json | reports/generation/lora_rag/lora_rag_project_test100_v1/final_review_manifest.json | reports/generation/lora_rag/lora_rag_project_test100_v1/protocol_manifest.json,9fad8a0ec4f6915c3bf1c3065b6cf9ed57e86849ae3781364ef3a3f911789433,NONE; preserve original path if referenced by frozen manifest
reports/generation/evaluation/annotation_pool.csv,KEEP_REPRODUCIBILITY,原始输出、人工标签、环境、hash、manifest及数据审核证据,FROZEN_EVIDENCE,73465,True,0,,67ad91e855d289ab2729f0a009fc5660cd805a37f45a98f809f49f3cc50cf89e,NONE; preserve original path if referenced by frozen manifest
reports/generation/evaluation/annotation_pool_sampling_v2.csv,KEEP_REPRODUCIBILITY,原始输出、人工标签、环境、hash、manifest及数据审核证据,FROZEN_EVIDENCE,71145,True,0,,3b6ff2894f37ff47d5f025dbabf58015af6edfb4afade3694487350dae2bd33d,NONE; preserve original path if referenced by frozen manifest
reports/generation/evaluation/baseline_metrics.json,KEEP_FINAL,正式指标/索引清单；不同评审语境不覆盖彼此,FINAL,1671,True,0,,2743bce6f37878ce1aba1149394ca865f957e302d609e81bd9dbbc8caaf35f2f,NONE; preserve original path if referenced by frozen manifest
reports/generation/evaluation/baseline_metrics_sampling_v2.json,KEEP_REPRODUCIBILITY,原始输出、人工标签、环境、hash、manifest及数据审核证据,FROZEN_EVIDENCE,1682,True,2,reports/generation/rag/formal_rag_v1_test100_final_review_manifest.json | reports/generation/rag/rag_v1_formal_manifest.json,308ed68e74cf6e31fa2e4ba1fa091b9abdacb65bf4e8cc4a31b360c5629edd22,NONE; preserve original path if referenced by frozen manifest
reports/generation/lora/lora_instruction_data_v1_checksums.sha256,KEEP_REPRODUCIBILITY,原始输出、人工标签、环境、hash、manifest及数据审核证据,FROZEN_EVIDENCE,2195,False,0,,f2a980f994d4bd7f89a3e97077d13746203397450b90ae20626be1fd8aef0ae5,NONE; preserve original path if referenced by frozen manifest
reports/generation/lora/lora_instruction_data_v1_final_manifest.json,KEEP_REPRODUCIBILITY,原始输出、人工标签、环境、hash、manifest及数据审核证据,FROZEN_EVIDENCE,6663,False,2,reports/generation/lora/lora_v1_pretraining_manifest.json | reports/generation/lora/lora_v1_training/final_manifest.json,e21b9f278dbe533f038008840bce313564e702b6b5ff7ba5e0f8714156814a5d,NONE; preserve original path if referenced by frozen manifest
reports/generation/lora/lora_instruction_data_v1_phase_report.md,ARCHIVE,阶段过程/抽查/填写操作的历史材料；最终入口用正式数据与技术说明，证据原位保留,EXPERIMENT,6938,False,1,reports/generation/lora/lora_instruction_data_v1_final_manifest.json,430774f2eb190c3ebcb6fbb3ab66d1579a548b66da4099b30ead03b9e5850ad9,NONE; preserve original path if referenced by frozen manifest
reports/generation/lora/lora_instruction_data_v1_report.json,KEEP_REPRODUCIBILITY,原始输出、人工标签、环境、hash、manifest及数据审核证据,FROZEN_EVIDENCE,6392,False,1,reports/generation/lora/lora_instruction_data_v1_final_manifest.json,df58dece0690812a3f8f8ec3187cdc8db1a91aa8b68d6826b43fa4e01e37c96f,NONE; preserve original path if referenced by frozen manifest
reports/generation/lora/lora_instruction_data_v1_samples.csv,ARCHIVE,阶段过程/抽查/填写操作的历史材料；最终入口用正式数据与技术说明，证据原位保留,EXPERIMENT,20356,False,1,reports/generation/lora/lora_instruction_data_v1_final_manifest.json,f87358bfb7e369a61d6fe656e2754814b546727ac249d281698099771830f939,NONE; preserve original path if referenced by frozen manifest
reports/generation/lora/lora_instruction_data_v1_spot_check.md,ARCHIVE,阶段过程/抽查/填写操作的历史材料；最终入口用正式数据与技术说明，证据原位保留,EXPERIMENT,3227,False,1,reports/generation/lora/lora_instruction_data_v1_final_manifest.json,cbab9ff8f5df35e32c5679b30d138e051b2288cde8afff67c0a0c15bd64c4dce,NONE; preserve original path if referenced by frozen manifest
reports/generation/lora/lora_p6_environment_preinstall_freeze.txt,ARCHIVE,开发/工程/人工诊断历史材料；只逻辑归档，不能破坏已有manifest,EXPERIMENT,649,False,0,,822b72d9e66501d6081bbd49a45169706d665aea93c6d8b4ea7ee2fe27a624d8,NONE; preserve original path if referenced by frozen manifest
reports/generation/lora/lora_v1_pretraining/environment_and_git.txt,KEEP_REPRODUCIBILITY,原始输出、人工标签、环境、hash、manifest及数据审核证据,FROZEN_EVIDENCE,1460,False,1,reports/generation/lora/lora_v1_training/final_manifest.json,0f75f1e34ffb3ce13679dde33216fbbfdb9ede7efc40e3bab46df78c0289a840,NONE; preserve original path if referenced by frozen manifest
reports/generation/lora/lora_v1_pretraining_checksums.sha256,KEEP_REPRODUCIBILITY,原始输出、人工标签、环境、hash、manifest及数据审核证据,FROZEN_EVIDENCE,258,False,1,reports/generation/lora/lora_v1_training/final_manifest.json,6623fd073f9cd965d71555242c430a219b36e41b5be7caac0b00c5fc523cf8b2,NONE; preserve original path if referenced by frozen manifest
reports/generation/lora/lora_v1_pretraining_manifest.json,KEEP_REPRODUCIBILITY,原始输出、人工标签、环境、hash、manifest及数据审核证据,FROZEN_EVIDENCE,159590,False,1,reports/generation/lora/lora_v1_training/final_manifest.json,4b4e70f00005864b4310a7a80a285c833ec13d24b983e01447dcabca8661778a,NONE; preserve original path if referenced by frozen manifest
reports/generation/lora/lora_v1_training/best_adapter_reload.json,KEEP_REPRODUCIBILITY,原始输出、人工标签、环境、hash、manifest及数据审核证据,FROZEN_EVIDENCE,3268,False,1,reports/generation/lora/lora_v1_training/final_manifest.json,320e9a03fd796ed703ac2765823592c5631429a7e5d728de32f7fad7ddae2cd3,NONE; preserve original path if referenced by frozen manifest
reports/generation/lora/lora_v1_training/dev_epoch_1.json,KEEP_REPRODUCIBILITY,原始输出、人工标签、环境、hash、manifest及数据审核证据,FROZEN_EVIDENCE,63207,False,1,reports/generation/lora/lora_v1_training/final_manifest.json,98685ab02ab732f7bd300d1168077bb8327182be85b971cbca9196eff21d4e66,NONE; preserve original path if referenced by frozen manifest
reports/generation/lora/lora_v1_training/dev_epoch_2.json,KEEP_REPRODUCIBILITY,原始输出、人工标签、环境、hash、manifest及数据审核证据,FROZEN_EVIDENCE,63203,False,1,reports/generation/lora/lora_v1_training/final_manifest.json,a88554cdd696bbc5dd9751c2a04c6536d031239d2d8201a0453eebe196bc8309,NONE; preserve original path if referenced by frozen manifest
reports/generation/lora/lora_v1_training/dev_epoch_3.json,KEEP_REPRODUCIBILITY,原始输出、人工标签、环境、hash、manifest及数据审核证据,FROZEN_EVIDENCE,63258,False,1,reports/generation/lora/lora_v1_training/final_manifest.json,7131a953ebec39726295749300e87db7c3693b44f74babfcc94ed6e59a26fc74,NONE; preserve original path if referenced by frozen manifest
reports/generation/lora/lora_v1_training/environment_20261004T064046462933.txt,KEEP_REPRODUCIBILITY,原始输出、人工标签、环境、hash、manifest及数据审核证据,FROZEN_EVIDENCE,702,False,1,reports/generation/lora/lora_v1_training/final_manifest.json,5596644df337a7bd02ff4d4439074d1c61c409606cf1c83e4b1e351c3d1d5990,NONE; preserve original path if referenced by frozen manifest
reports/generation/lora/lora_v1_training/events_20261004T064046462933.jsonl,KEEP_REPRODUCIBILITY,原始输出、人工标签、环境、hash、manifest及数据审核证据,FROZEN_EVIDENCE,3925668,False,1,reports/generation/lora/lora_v1_training/final_manifest.json,68e879a4049fcf2853446b6968daaffbda77ac3e386a4675e9a971440b1ccb35,NONE; preserve original path if referenced by frozen manifest
reports/generation/lora/lora_v1_training/final_checksums.sha256,KEEP_REPRODUCIBILITY,原始输出、人工标签、环境、hash、manifest及数据审核证据,FROZEN_EVIDENCE,4441,False,0,,bb4bcb8dcd77bc52f176cda46d871e6a8ebaaa8c281ebcb324ac87e7b1383a6e,NONE; preserve original path if referenced by frozen manifest
reports/generation/lora/lora_v1_training/final_manifest.json,KEEP_REPRODUCIBILITY,原始输出、人工标签、环境、hash、manifest及数据审核证据,FROZEN_EVIDENCE,25213,False,0,,7f6906b2e450de756c0dbd257d51810097e873f2afe3736fdb5b38a9e9dc0943,NONE; preserve original path if referenced by frozen manifest
reports/generation/lora/lora_v1_training/final_training_report.md,KEEP_FINAL,交付应展示的正式结论或终止阶段总结,FINAL,10324,False,0,,204d07cd451a46219ab0bcb9d5d81f6a1805e16d3befb81fb57d82b084957297,NONE; preserve original path if referenced by frozen manifest
reports/generation/lora/lora_v1_training/invocation_20261004T064046462933.json,KEEP_REPRODUCIBILITY,原始输出、人工标签、环境、hash、manifest及数据审核证据,FROZEN_EVIDENCE,2545091,False,1,reports/generation/lora/lora_v1_training/final_manifest.json,5761b246a2879921aa27a17a8e7361578ef0940d25c5031f24fb1a36a39019ba,NONE; preserve original path if referenced by frozen manifest
reports/generation/lora/p6_2_acceptance_v1/acceptance_summary.json,ARCHIVE,开发/工程/人工诊断历史材料；只逻辑归档，不能破坏已有manifest,EXPERIMENT,3770,False,1,reports/generation/lora/p6_2_trainer_archive_manifest.json,bd9e5b6f24ea38eceb64941dc60a2f53da8dda7e43ce7996a400082fbb3ed2ca,NONE; preserve original path if referenced by frozen manifest
reports/generation/lora/p6_2_acceptance_v1/split/dev_acceptance_step_000004.json,ARCHIVE,开发/工程/人工诊断历史材料；只逻辑归档，不能破坏已有manifest,EXPERIMENT,62011,False,1,reports/generation/lora/p6_2_trainer_archive_manifest.json,6ea04d7e935b0156459d2869b756178aafe90bf29732dd799174b32b4f43e074,NONE; preserve original path if referenced by frozen manifest
reports/generation/lora/p6_2_acceptance_v1/split/environment_20261004T061330239919.txt,ARCHIVE,开发/工程/人工诊断历史材料；只逻辑归档，不能破坏已有manifest,EXPERIMENT,702,False,1,reports/generation/lora/p6_2_trainer_archive_manifest.json,5596644df337a7bd02ff4d4439074d1c61c409606cf1c83e4b1e351c3d1d5990,NONE; preserve original path if referenced by frozen manifest
reports/generation/lora/p6_2_acceptance_v1/split/environment_20261004T061515141752.txt,ARCHIVE,开发/工程/人工诊断历史材料；只逻辑归档，不能破坏已有manifest,EXPERIMENT,702,False,1,reports/generation/lora/p6_2_trainer_archive_manifest.json,5596644df337a7bd02ff4d4439074d1c61c409606cf1c83e4b1e351c3d1d5990,NONE; preserve original path if referenced by frozen manifest
reports/generation/lora/p6_2_acceptance_v1/split/events_20261004T061330239919.jsonl,ARCHIVE,开发/工程/人工诊断历史材料；只逻辑归档，不能破坏已有manifest,EXPERIMENT,6197,False,1,reports/generation/lora/p6_2_trainer_archive_manifest.json,be97f82880f05aca0b45d8ed46c4f21598c7ee71c08f062d0b193cf87b642c0f,NONE; preserve original path if referenced by frozen manifest
reports/generation/lora/p6_2_acceptance_v1/split/events_20261004T061515141752.jsonl,ARCHIVE,开发/工程/人工诊断历史材料；只逻辑归档，不能破坏已有manifest,EXPERIMENT,7341,False,1,reports/generation/lora/p6_2_trainer_archive_manifest.json,33515b4a1383601cc79129815a3247ecf4cf98508ceccabf6f1c324af959080e,NONE; preserve original path if referenced by frozen manifest
reports/generation/lora/p6_2_acceptance_v1/split/invocation_20261004T061330239919.json,ARCHIVE,开发/工程/人工诊断历史材料；只逻辑归档，不能破坏已有manifest,EXPERIMENT,23463,False,1,reports/generation/lora/p6_2_trainer_archive_manifest.json,5a5adf5739215eb46dc6cc87a0ccd274aa17222da4022f517bf2eb3ff5d50964,NONE; preserve original path if referenced by frozen manifest
reports/generation/lora/p6_2_acceptance_v1/split/invocation_20261004T061515141752.json,ARCHIVE,开发/工程/人工诊断历史材料；只逻辑归档，不能破坏已有manifest,EXPERIMENT,95707,False,1,reports/generation/lora/p6_2_trainer_archive_manifest.json,19c0fb76189206fbb25714925f7e953a2d595d008adc3692f72b60bb84b50dc4,NONE; preserve original path if referenced by frozen manifest
reports/generation/lora/p6_2_acceptance_v1/uninterrupted/environment_20261004T061124823192.txt,ARCHIVE,开发/工程/人工诊断历史材料；只逻辑归档，不能破坏已有manifest,EXPERIMENT,702,False,1,reports/generation/lora/p6_2_trainer_archive_manifest.json,5596644df337a7bd02ff4d4439074d1c61c409606cf1c83e4b1e351c3d1d5990,NONE; preserve original path if referenced by frozen manifest
reports/generation/lora/p6_2_acceptance_v1/uninterrupted/events_20261004T061124823192.jsonl,ARCHIVE,开发/工程/人工诊断历史材料；只逻辑归档，不能破坏已有manifest,EXPERIMENT,11851,False,1,reports/generation/lora/p6_2_trainer_archive_manifest.json,80c08610d9f53034bd3e2abdf1b0526b24da9bf2e25303072d14a2701719f4e0,NONE; preserve original path if referenced by frozen manifest
reports/generation/lora/p6_2_acceptance_v1/uninterrupted/invocation_20261004T061124823192.json,ARCHIVE,开发/工程/人工诊断历史材料；只逻辑归档，不能破坏已有manifest,EXPERIMENT,26809,False,1,reports/generation/lora/p6_2_trainer_archive_manifest.json,591798b73d8004e9f225a4b2c045969f5f16183fdfcf3cfb856e451b8eff64b7,NONE; preserve original path if referenced by frozen manifest
reports/generation/lora/p6_2_trainer_acceptance_report.md,ARCHIVE,开发/工程/人工诊断历史材料；只逻辑归档，不能破坏已有manifest,EXPERIMENT,13738,False,1,reports/generation/lora/p6_2_trainer_archive_manifest.json,4cee475314ceeecfa58422cf9e35e0879a0c9cf05a7093ff54b1c72bc04e3e3a,NONE; preserve original path if referenced by frozen manifest
reports/generation/lora/p6_2_trainer_archive_manifest.json,ARCHIVE,开发/工程/人工诊断历史材料；只逻辑归档，不能破坏已有manifest,EXPERIMENT,19788,False,0,,c223539b78d274fdfbd4e952be0bcac1ebe1845edabd4f3bc2ea7350e7eb67fa,NONE; preserve original path if referenced by frozen manifest
reports/generation/lora/p6_2_trainer_checksums.sha256,ARCHIVE,开发/工程/人工诊断历史材料；只逻辑归档，不能破坏已有manifest,EXPERIMENT,8014,False,0,,9404be1b5c3874b6936a15cfe7fb46fab579e8555f5f7432d1dc61ce45acc3a3,NONE; preserve original path if referenced by frozen manifest
reports/generation/lora/p6_low_memory_smoke_v1/environment_freeze.txt,ARCHIVE,开发/工程/人工诊断历史材料；只逻辑归档，不能破坏已有manifest,EXPERIMENT,702,False,1,reports/generation/lora/p6_low_memory_smoke_v1_archive_manifest.json,5596644df337a7bd02ff4d4439074d1c61c409606cf1c83e4b1e351c3d1d5990,NONE; preserve original path if referenced by frozen manifest
reports/generation/lora/p6_low_memory_smoke_v1/failure_report.json,ARCHIVE,开发/工程/人工诊断历史材料；只逻辑归档，不能破坏已有manifest,EXPERIMENT,10055,False,1,reports/generation/lora/p6_low_memory_smoke_v1_archive_manifest.json,d686d49f7e3589782c7813ff8d2a6a54ad48be3f966ba9040887c3619c9dd860,NONE; preserve original path if referenced by frozen manifest
reports/generation/lora/p6_low_memory_smoke_v1/gpu_telemetry.json,ARCHIVE,开发/工程/人工诊断历史材料；只逻辑归档，不能破坏已有manifest,EXPERIMENT,6097,False,1,reports/generation/lora/p6_low_memory_smoke_v1_archive_manifest.json,03945a681b6dc053fa00bfe7e181f1dca84ad75bae0ea4e8d2afebd99b0ec63f,NONE; preserve original path if referenced by frozen manifest
reports/generation/lora/p6_low_memory_smoke_v1/progress.log,ARCHIVE,开发/工程/人工诊断历史材料；只逻辑归档，不能破坏已有manifest,EXPERIMENT,99,False,1,reports/generation/lora/p6_low_memory_smoke_v1_archive_manifest.json,060c954bc3b78e7c150e9cfdd1d245e6d569c38761c78f70e1ed39207e630817,NONE; preserve original path if referenced by frozen manifest
reports/generation/lora/p6_low_memory_smoke_v1_archive_manifest.json,ARCHIVE,开发/工程/人工诊断历史材料；只逻辑归档，不能破坏已有manifest,EXPERIMENT,23438,False,0,,1c7fd47838cc0c420598dacd465e55c5e9641ab61f8a50b258133eba19c39f04,NONE; preserve original path if referenced by frozen manifest
reports/generation/lora/p6_low_memory_smoke_v1_checksums.sha256,ARCHIVE,开发/工程/人工诊断历史材料；只逻辑归档，不能破坏已有manifest,EXPERIMENT,9266,False,0,,d4f4ec27d55df8fa38b0c2ba37f9722d91ba976b3b8c4ef2e73ab5593d6cb32e,NONE; preserve original path if referenced by frozen manifest
reports/generation/lora/p6_low_memory_smoke_v1_phase_report.md,ARCHIVE,开发/工程/人工诊断历史材料；只逻辑归档，不能破坏已有manifest,EXPERIMENT,9839,False,1,reports/generation/lora/p6_low_memory_smoke_v1_archive_manifest.json,e41bc29a4f386a103169b1422c38489134b75c3e4391ad0cde56c8867e4a54af,NONE; preserve original path if referenced by frozen manifest
reports/generation/lora/p6_low_memory_smoke_v1_retry1/config_snapshot.json,ARCHIVE,开发/工程/人工诊断历史材料；只逻辑归档，不能破坏已有manifest,EXPERIMENT,1703,False,1,reports/generation/lora/p6_low_memory_smoke_v1_archive_manifest.json,a8c5d3be5f0604a3c0a0363295f9e897e77aeb623dcd6de3ffedd6c02bfa17ac,NONE; preserve original path if referenced by frozen manifest
reports/generation/lora/p6_low_memory_smoke_v1_retry1/environment_freeze.txt,ARCHIVE,开发/工程/人工诊断历史材料；只逻辑归档，不能破坏已有manifest,EXPERIMENT,702,False,1,reports/generation/lora/p6_low_memory_smoke_v1_archive_manifest.json,5596644df337a7bd02ff4d4439074d1c61c409606cf1c83e4b1e351c3d1d5990,NONE; preserve original path if referenced by frozen manifest
reports/generation/lora/p6_low_memory_smoke_v1_retry1/gpu_telemetry.json,ARCHIVE,开发/工程/人工诊断历史材料；只逻辑归档，不能破坏已有manifest,EXPERIMENT,15040,False,1,reports/generation/lora/p6_low_memory_smoke_v1_archive_manifest.json,67b4c206e4f6ba19bddfb037c7fe253d811acc252463c519743b834574077b09,NONE; preserve original path if referenced by frozen manifest
reports/generation/lora/p6_low_memory_smoke_v1_retry1/progress.log,ARCHIVE,开发/工程/人工诊断历史材料；只逻辑归档，不能破坏已有manifest,EXPERIMENT,1769,False,1,reports/generation/lora/p6_low_memory_smoke_v1_archive_manifest.json,59ea7acef5d39c9e7125229e93d7688862579a6667ec268d10cf9f4f2814e9f3,NONE; preserve original path if referenced by frozen manifest
reports/generation/lora/p6_low_memory_smoke_v1_retry1/smoke24_checkpoint_report.json,ARCHIVE,开发/工程/人工诊断历史材料；只逻辑归档，不能破坏已有manifest,EXPERIMENT,17907,False,1,reports/generation/lora/p6_low_memory_smoke_v1_archive_manifest.json,d8c40f8f78d5f2924dbb639dff9481a935601f580a22c984d7c0eeee345f6bc8,NONE; preserve original path if referenced by frozen manifest
reports/generation/lora/p6_low_memory_smoke_v1_retry1/smoke_report.json,ARCHIVE,开发/工程/人工诊断历史材料；只逻辑归档，不能破坏已有manifest,EXPERIMENT,42793,False,1,reports/generation/lora/p6_low_memory_smoke_v1_archive_manifest.json,7a8d62e8f1b4738c372c5d4aeba368cd51d4fc4bd956ee0ac68e9d9b761605c7,NONE; preserve original path if referenced by frozen manifest
reports/generation/lora/p6_low_memory_smoke_v1_retry1/source_snapshot/qlora_memory.py,ARCHIVE,开发/工程/人工诊断历史材料；只逻辑归档，不能破坏已有manifest,EXPERIMENT,3883,False,1,reports/generation/lora/p6_low_memory_smoke_v1_archive_manifest.json,ac81f47faf45414d32833fa8bba15c28bfa83091e682f6de3e897a4a34231415,NONE; preserve original path if referenced by frozen manifest
reports/generation/lora/p6_low_memory_smoke_v1_retry1/source_snapshot/run_qlora_low_memory_smoke.py,ARCHIVE,开发/工程/人工诊断历史材料；只逻辑归档，不能破坏已有manifest,EXPERIMENT,23355,False,1,reports/generation/lora/p6_low_memory_smoke_v1_archive_manifest.json,9b3fea7d285b85d109b529ed55497264a21176b0853369c45c3dbaf899967314,NONE; preserve original path if referenced by frozen manifest
reports/generation/lora/p6_low_memory_smoke_v1_retry2/config_snapshot.json,ARCHIVE,开发/工程/人工诊断历史材料；只逻辑归档，不能破坏已有manifest,EXPERIMENT,2000,False,1,reports/generation/lora/p6_low_memory_smoke_v1_archive_manifest.json,f744c8bd3f1e96bf35d0d9aff298d93a538bd00ef850de5b565493b85edac8b2,NONE; preserve original path if referenced by frozen manifest
reports/generation/lora/p6_low_memory_smoke_v1_retry2/environment_freeze.txt,ARCHIVE,开发/工程/人工诊断历史材料；只逻辑归档，不能破坏已有manifest,EXPERIMENT,702,False,1,reports/generation/lora/p6_low_memory_smoke_v1_archive_manifest.json,5596644df337a7bd02ff4d4439074d1c61c409606cf1c83e4b1e351c3d1d5990,NONE; preserve original path if referenced by frozen manifest
reports/generation/lora/p6_low_memory_smoke_v1_retry2/gpu_telemetry.json,ARCHIVE,开发/工程/人工诊断历史材料；只逻辑归档，不能破坏已有manifest,EXPERIMENT,15098,False,1,reports/generation/lora/p6_low_memory_smoke_v1_archive_manifest.json,3eb45faf053bc0a1ce4647553b6fa470db66fa766d4fe2cf7c7c07be5725697a,NONE; preserve original path if referenced by frozen manifest
reports/generation/lora/p6_low_memory_smoke_v1_retry2/progress.log,ARCHIVE,开发/工程/人工诊断历史材料；只逻辑归档，不能破坏已有manifest,EXPERIMENT,1768,False,1,reports/generation/lora/p6_low_memory_smoke_v1_archive_manifest.json,dfd5d50c0fffbb18a3f16cc91703005d5ac149181a47fb100947c8792a7f28e0,NONE; preserve original path if referenced by frozen manifest
reports/generation/lora/p6_low_memory_smoke_v1_retry2/smoke24_checkpoint_report.json,ARCHIVE,开发/工程/人工诊断历史材料；只逻辑归档，不能破坏已有manifest,EXPERIMENT,18189,False,1,reports/generation/lora/p6_low_memory_smoke_v1_archive_manifest.json,7c9e62132041f91b026565dcf946e36ca5e4ebab825b581aa28b1d77ec68b17b,NONE; preserve original path if referenced by frozen manifest
reports/generation/lora/p6_low_memory_smoke_v1_retry2/smoke_report.json,ARCHIVE,开发/工程/人工诊断历史材料；只逻辑归档，不能破坏已有manifest,EXPERIMENT,43261,False,1,reports/generation/lora/p6_low_memory_smoke_v1_archive_manifest.json,d7b7ff5f54286eabf933258b84a3728fd85006b1f7fb8d87b0ee999ca78984ed,NONE; preserve original path if referenced by frozen manifest
reports/generation/lora/p6_low_memory_smoke_v1_retry2/source_snapshot/qlora_memory.py,ARCHIVE,开发/工程/人工诊断历史材料；只逻辑归档，不能破坏已有manifest,EXPERIMENT,5335,False,1,reports/generation/lora/p6_low_memory_smoke_v1_archive_manifest.json,9b4d9a72248dca51ec825d18b05833af3a0f3f8f1bb7b3b8a3a3c4767323f848,NONE; preserve original path if referenced by frozen manifest
reports/generation/lora/p6_low_memory_smoke_v1_retry2/source_snapshot/run_qlora_low_memory_smoke.py,ARCHIVE,开发/工程/人工诊断历史材料；只逻辑归档，不能破坏已有manifest,EXPERIMENT,24755,False,1,reports/generation/lora/p6_low_memory_smoke_v1_archive_manifest.json,e1ecedb642ffefb673e337aa7c4dbfa560901bc2dbf5d34874341f6ec23d8db0,NONE; preserve original path if referenced by frozen manifest
reports/generation/lora/p6_low_memory_smoke_v1_retry3/config_snapshot.json,ARCHIVE,开发/工程/人工诊断历史材料；只逻辑归档，不能破坏已有manifest,EXPERIMENT,2000,False,1,reports/generation/lora/p6_low_memory_smoke_v1_archive_manifest.json,6c6f926eed8ded4aad7aafe212ed7459b79d3cf5e7dda9773b2b3789fe14224b,NONE; preserve original path if referenced by frozen manifest
reports/generation/lora/p6_low_memory_smoke_v1_retry3/environment_freeze.txt,ARCHIVE,开发/工程/人工诊断历史材料；只逻辑归档，不能破坏已有manifest,EXPERIMENT,702,False,1,reports/generation/lora/p6_low_memory_smoke_v1_archive_manifest.json,5596644df337a7bd02ff4d4439074d1c61c409606cf1c83e4b1e351c3d1d5990,NONE; preserve original path if referenced by frozen manifest
reports/generation/lora/p6_low_memory_smoke_v1_retry3/gpu_telemetry.json,ARCHIVE,开发/工程/人工诊断历史材料；只逻辑归档，不能破坏已有manifest,EXPERIMENT,13963,False,1,reports/generation/lora/p6_low_memory_smoke_v1_archive_manifest.json,da5a051231ad117821cd117160e8b33c60655845a0f883c9898de3d182c6f01a,NONE; preserve original path if referenced by frozen manifest
reports/generation/lora/p6_low_memory_smoke_v1_retry3/progress.log,ARCHIVE,开发/工程/人工诊断历史材料；只逻辑归档，不能破坏已有manifest,EXPERIMENT,1768,False,1,reports/generation/lora/p6_low_memory_smoke_v1_archive_manifest.json,8f37dcfa08cf22e8c742972b948a7cb96dd5a4e7c1a8d63b0f222e2e3e448480,NONE; preserve original path if referenced by frozen manifest
reports/generation/lora/p6_low_memory_smoke_v1_retry3/smoke24_checkpoint_report.json,ARCHIVE,开发/工程/人工诊断历史材料；只逻辑归档，不能破坏已有manifest,EXPERIMENT,18352,False,1,reports/generation/lora/p6_low_memory_smoke_v1_archive_manifest.json,5ac129e8163fb1d6aa63e9fdb31bf2883817780e3a50ec1e59c75b80c4ce5d6b,NONE; preserve original path if referenced by frozen manifest
reports/generation/lora/p6_low_memory_smoke_v1_retry3/smoke_report.json,ARCHIVE,开发/工程/人工诊断历史材料；只逻辑归档，不能破坏已有manifest,EXPERIMENT,43586,False,1,reports/generation/lora/p6_low_memory_smoke_v1_archive_manifest.json,986ac97d853f62d750bdb2a7f494e0dea47234924484e0db5ad2092343ca90f4,NONE; preserve original path if referenced by frozen manifest
reports/generation/lora/p6_low_memory_smoke_v1_retry3/source_snapshot/qlora_memory.py,ARCHIVE,开发/工程/人工诊断历史材料；只逻辑归档，不能破坏已有manifest,EXPERIMENT,5335,False,1,reports/generation/lora/p6_low_memory_smoke_v1_archive_manifest.json,9b4d9a72248dca51ec825d18b05833af3a0f3f8f1bb7b3b8a3a3c4767323f848,NONE; preserve original path if referenced by frozen manifest
reports/generation/lora/p6_low_memory_smoke_v1_retry3/source_snapshot/run_qlora_low_memory_smoke.py,ARCHIVE,开发/工程/人工诊断历史材料；只逻辑归档，不能破坏已有manifest,EXPERIMENT,25426,False,1,reports/generation/lora/p6_low_memory_smoke_v1_archive_manifest.json,db935c03267f22634ed367c6f9fd519ea472f1054923591ba9d328a46040f82f,NONE; preserve original path if referenced by frozen manifest
reports/generation/lora/p6_low_memory_smoke_v1_retry4/environment_freeze.txt,ARCHIVE,开发/工程/人工诊断历史材料；只逻辑归档，不能破坏已有manifest,EXPERIMENT,702,False,1,reports/generation/lora/p6_low_memory_smoke_v1_archive_manifest.json,5596644df337a7bd02ff4d4439074d1c61c409606cf1c83e4b1e351c3d1d5990,NONE; preserve original path if referenced by frozen manifest
reports/generation/lora/p6_low_memory_smoke_v1_retry4/gpu_telemetry.json,ARCHIVE,开发/工程/人工诊断历史材料；只逻辑归档，不能破坏已有manifest,EXPERIMENT,13964,False,1,reports/generation/lora/p6_low_memory_smoke_v1_archive_manifest.json,357e964d03ac0e089f215d14250964ea8842f31047a0a3e0a0ed0113631f150d,NONE; preserve original path if referenced by frozen manifest
reports/generation/lora/p6_low_memory_smoke_v1_retry4/progress.log,ARCHIVE,开发/工程/人工诊断历史材料；只逻辑归档，不能破坏已有manifest,EXPERIMENT,1768,False,1,reports/generation/lora/p6_low_memory_smoke_v1_archive_manifest.json,b62d948ca574457a2a513750ddba67bfca4cadab58f295b7003c8e3700c24730,NONE; preserve original path if referenced by frozen manifest
reports/generation/lora/p6_low_memory_smoke_v1_retry4/smoke24_checkpoint_report.json,ARCHIVE,开发/工程/人工诊断历史材料；只逻辑归档，不能破坏已有manifest,EXPERIMENT,18350,False,1,reports/generation/lora/p6_low_memory_smoke_v1_archive_manifest.json,a650df8d6fc734c466bbdcb6ad4ebcaad564b929b4f1eb407edcc34ba9f6df92,NONE; preserve original path if referenced by frozen manifest
reports/generation/lora/p6_low_memory_smoke_v1_retry4/smoke_report.json,ARCHIVE,开发/工程/人工诊断历史材料；只逻辑归档，不能破坏已有manifest,EXPERIMENT,43570,False,1,reports/generation/lora/p6_low_memory_smoke_v1_archive_manifest.json,e8a45b3b1ec6ce21b192a35d0f3212acfd116db28e004d976dfe62b5b0748041,NONE; preserve original path if referenced by frozen manifest
reports/generation/lora/p6_qlora_smoke_v1/smoke_failure.json,ARCHIVE,开发/工程/人工诊断历史材料；只逻辑归档，不能破坏已有manifest,EXPERIMENT,1387,False,0,,4118331e60f5a5db7d35b0e219328a55fdf415c73b5847a533713640aeaadb33,NONE; preserve original path if referenced by frozen manifest
reports/generation/lora/p6_qlora_smoke_v1_retry1/adapter/adapter_config.json,ARCHIVE,开发/工程/人工诊断历史材料；只逻辑归档，不能破坏已有manifest,EXPERIMENT,1147,False,0,,b78404b7600a3a93e8eedb322889ef6cb1807c339a94e647b8747dcdb55a03ad,NONE; preserve original path if referenced by frozen manifest
reports/generation/lora/p6_qlora_smoke_v1_retry1/adapter/adapter_model.safetensors,ARCHIVE,开发/工程/人工诊断历史材料；只逻辑归档，不能破坏已有manifest,EXPERIMENT,10107280,False,0,,fc2d4ecc4f4dce6cbcc2a471afa957eb5ad4a892926852a6f80f9e9bbf5fe63b,NONE; preserve original path if referenced by frozen manifest
reports/generation/lora/p6_qlora_smoke_v1_retry1/adapter/README.md,ARCHIVE,开发/工程/人工诊断历史材料；只逻辑归档，不能破坏已有manifest,EXPERIMENT,5202,False,0,,cfeb79a795371fcef4c71e02e8bf1f9ec9ee9a2d2fcc5817cc167516f8aac4c4,NONE; preserve original path if referenced by frozen manifest
reports/generation/lora/p6_qlora_smoke_v1_retry1/smoke_report.json,ARCHIVE,开发/工程/人工诊断历史材料；只逻辑归档，不能破坏已有manifest,EXPERIMENT,5359,False,1,reports/generation/lora/p6_low_memory_smoke_v1_archive_manifest.json,4715ebb55e83cbd2677adb18ed94fa4e36d90dc4a5dedf4aba13d21d4a641687,NONE; preserve original path if referenced by frozen manifest
reports/generation/lora/project_test100_v1/ai_review_amendments_v1.json,KEEP_REPRODUCIBILITY,原始输出、人工标签、环境、hash、manifest及数据审核证据,FROZEN_EVIDENCE,24464,False,2,reports/generation/lora/project_test100_v1/final_test_manifest.json | reports/generation/lora/project_test100_v1/human_review_finalization_manifest.json,cee4823dde31a9d8f9fa99e480fa57ece18b2f5af776db2b21e6d6b0213a38b0,NONE; preserve original path if referenced by frozen manifest
reports/generation/lora/project_test100_v1/ai_review_import_manifest_v1.json,KEEP_REPRODUCIBILITY,原始输出、人工标签、环境、hash、manifest及数据审核证据,FROZEN_EVIDENCE,119268,False,2,reports/generation/lora/project_test100_v1/final_test_manifest.json | reports/generation/lora/project_test100_v1/human_review_finalization_manifest.json,d271e8e17f73531c1302a1e5a1518b064e95b46ba2971262c4eb53e92bd4138e,NONE; preserve original path if referenced by frozen manifest
reports/generation/lora/project_test100_v1/automatic_diagnostics.jsonl,KEEP_REPRODUCIBILITY,原始输出、人工标签、环境、hash、manifest及数据审核证据,FROZEN_EVIDENCE,105991,False,4,reports/generation/lora/project_test100_v1/automatic_phase_manifest.json | reports/generation/lora/project_test100_v1/delivery_manifest.json | reports/generation/lora/project_test100_v1/final_test_manifest.json | reports/generation/lora/project_test100_v1/human_review_finalization_manifest.json,117d988ae2398bfdf2b2f45570c0c563780c20bd2ac04410dd32dbf526fafda2,NONE; preserve original path if referenced by frozen manifest
reports/generation/lora/project_test100_v1/automatic_phase_checksums.sha256,KEEP_REPRODUCIBILITY,原始输出、人工标签、环境、hash、manifest及数据审核证据,FROZEN_EVIDENCE,3088,False,3,reports/generation/lora/project_test100_v1/delivery_manifest.json | reports/generation/lora/project_test100_v1/final_test_manifest.json | reports/generation/lora/project_test100_v1/human_review_finalization_manifest.json,7b9dc980f624cf5196a207d596223d3d5f02252a04576a34f98f4a2f9fbde795,NONE; preserve original path if referenced by frozen manifest
reports/generation/lora/project_test100_v1/automatic_phase_manifest.json,KEEP_REPRODUCIBILITY,原始输出、人工标签、环境、hash、manifest及数据审核证据,FROZEN_EVIDENCE,4471,False,5,reports/generation/lora/project_test100_v1/delivery_manifest.json | reports/generation/lora/project_test100_v1/final_test_manifest.json | reports/generation/lora/project_test100_v1/human_review_finalization_manifest.json | reports/generation/lora_rag/lora_rag_project_test100_v1/final_review_manifest.json | reports/generation/lora_rag/lora_rag_project_test100_v1/protocol_manifest.json,ed6ea809471582f108aa42335b5fb600b5083f04767bab77a40f770fcc4c6bad,NONE; preserve original path if referenced by frozen manifest
reports/generation/lora/project_test100_v1/automatic_phase_report.md,KEEP_REPRODUCIBILITY,原始输出、人工标签、环境、hash、manifest及数据审核证据,FROZEN_EVIDENCE,2366,False,4,reports/generation/lora/project_test100_v1/automatic_phase_manifest.json | reports/generation/lora/project_test100_v1/delivery_manifest.json | reports/generation/lora/project_test100_v1/final_test_manifest.json | reports/generation/lora/project_test100_v1/human_review_finalization_manifest.json,a5925745e8ca65cae58f8edcc6b84c7c157bc821a41fa9a4eedd08e726f58d43,NONE; preserve original path if referenced by frozen manifest
reports/generation/lora/project_test100_v1/automatic_phase_summary.json,KEEP_REPRODUCIBILITY,原始输出、人工标签、环境、hash、manifest及数据审核证据,FROZEN_EVIDENCE,32414,False,4,reports/generation/lora/project_test100_v1/automatic_phase_manifest.json | reports/generation/lora/project_test100_v1/delivery_manifest.json | reports/generation/lora/project_test100_v1/final_test_manifest.json | reports/generation/lora/project_test100_v1/human_review_finalization_manifest.json,8b3d95c166381db178dfcc8b95c9ae29dd24a53bf8580fc4e9ab5a9b53d9d49b,NONE; preserve original path if referenced by frozen manifest
reports/generation/lora/project_test100_v1/base/attempt_started.json,KEEP_REPRODUCIBILITY,原始输出、人工标签、环境、hash、manifest及数据审核证据,FROZEN_EVIDENCE,148,False,5,reports/generation/lora/project_test100_v1/automatic_phase_manifest.json | reports/generation/lora/project_test100_v1/delivery_manifest.json | reports/generation/lora/project_test100_v1/final_test_manifest.json | reports/generation/lora/project_test100_v1/human_review_finalization_manifest.json | reports/generation/lora/project_test100_v1/review_manifest.json,2ee40b112f16adb6fd7088d414d099d47d9448e232be169ec28e5647310dffff,NONE; preserve original path if referenced by frozen manifest
reports/generation/lora/project_test100_v1/base/product_outputs.jsonl,KEEP_REPRODUCIBILITY,原始输出、人工标签、环境、hash、manifest及数据审核证据,FROZEN_EVIDENCE,434400,False,5,reports/generation/lora/project_test100_v1/automatic_phase_manifest.json | reports/generation/lora/project_test100_v1/delivery_manifest.json | reports/generation/lora/project_test100_v1/final_test_manifest.json | reports/generation/lora/project_test100_v1/human_review_finalization_manifest.json | reports/generation/lora/project_test100_v1/review_manifest.json,75e802f442d2f61b912f2ba9fdf467e78e31e9ea176d6ceab904f5313bd7b5a0,NONE; preserve original path if referenced by frozen manifest
reports/generation/lora/project_test100_v1/base/run_report.json,KEEP_REPRODUCIBILITY,原始输出、人工标签、环境、hash、manifest及数据审核证据,FROZEN_EVIDENCE,2975,False,5,reports/generation/lora/project_test100_v1/automatic_phase_manifest.json | reports/generation/lora/project_test100_v1/delivery_manifest.json | reports/generation/lora/project_test100_v1/final_test_manifest.json | reports/generation/lora/project_test100_v1/human_review_finalization_manifest.json | reports/generation/lora/project_test100_v1/review_manifest.json,31524d0e87ddc2023f95b9bb7a79cce107c17717cb6574f8e3fc92c1fd57fa9e,NONE; preserve original path if referenced by frozen manifest
reports/generation/lora/project_test100_v1/base/task_outputs.jsonl,KEEP_REPRODUCIBILITY,原始输出、人工标签、环境、hash、manifest及数据审核证据,FROZEN_EVIDENCE,328805,False,5,reports/generation/lora/project_test100_v1/automatic_phase_manifest.json | reports/generation/lora/project_test100_v1/delivery_manifest.json | reports/generation/lora/project_test100_v1/final_test_manifest.json | reports/generation/lora/project_test100_v1/human_review_finalization_manifest.json | reports/generation/lora/project_test100_v1/review_manifest.json,7043525c6c6f42345639fb8ca8d2da44b8a3ad983cf05422f21411a4ee8d7e76,NONE; preserve original path if referenced by frozen manifest
reports/generation/lora/project_test100_v1/blind_mapping.json,KEEP_REPRODUCIBILITY,原始输出、人工标签、环境、hash、manifest及数据审核证据,FROZEN_EVIDENCE,11861,False,7,reports/generation/lora/project_test100_v1/automatic_phase_manifest.json | reports/generation/lora/project_test100_v1/delivery_manifest.json | reports/generation/lora/project_test100_v1/final_test_manifest.json | reports/generation/lora/project_test100_v1/human_review_finalization_manifest.json | reports/generation/lora/project_test100_v1/protocol_manifest.json | reports/generation/lora_rag/lora_rag_project_test100_v1/final_review_manifest.json | reports/generation/lora_rag/lora_rag_project_test100_v1/protocol_manifest.json,55fb6f896759728caaa20631693c2678c4898c0f3040c19e85ef58e176c4af1b,NONE; preserve original path if referenced by frozen manifest
reports/generation/lora/project_test100_v1/blind_summary.json,KEEP_REPRODUCIBILITY,原始输出、人工标签、环境、hash、manifest及数据审核证据,FROZEN_EVIDENCE,580,False,2,reports/generation/lora/project_test100_v1/final_test_manifest.json | reports/generation/lora/project_test100_v1/human_review_finalization_manifest.json,3f68a51bdf9ef34c8b739efe0d447bda34128a06ef36dd613a380690e8dac86f,NONE; preserve original path if referenced by frozen manifest
reports/generation/lora/project_test100_v1/delivery_acceptance.md,KEEP_REPRODUCIBILITY,原始输出、人工标签、环境、hash、manifest及数据审核证据,FROZEN_EVIDENCE,5259,False,3,reports/generation/lora/project_test100_v1/delivery_manifest.json | reports/generation/lora/project_test100_v1/final_test_manifest.json | reports/generation/lora/project_test100_v1/human_review_finalization_manifest.json,51a1e31e0ae69f4d2256ccaa2dfbe10d8450d1edd0ca5a7030a4d7a5fc80fe82,NONE; preserve original path if referenced by frozen manifest
reports/generation/lora/project_test100_v1/delivery_checksums.sha256,KEEP_REPRODUCIBILITY,原始输出、人工标签、环境、hash、manifest及数据审核证据,FROZEN_EVIDENCE,3609,False,2,reports/generation/lora/project_test100_v1/final_test_manifest.json | reports/generation/lora/project_test100_v1/human_review_finalization_manifest.json,691cb90da81f65fb54c128098d4ea981b4c28f62a9b0c6fc2e0e48ef11bb8987,NONE; preserve original path if referenced by frozen manifest
reports/generation/lora/project_test100_v1/delivery_manifest.json,KEEP_REPRODUCIBILITY,原始输出、人工标签、环境、hash、manifest及数据审核证据,FROZEN_EVIDENCE,5854,False,2,reports/generation/lora/project_test100_v1/final_test_manifest.json | reports/generation/lora/project_test100_v1/human_review_finalization_manifest.json,8559543b81a737a860e743d32c39597c7de81fb1dfd26fd65fc5617a2760e0e7,NONE; preserve original path if referenced by frozen manifest
reports/generation/lora/project_test100_v1/environment_freeze.txt,KEEP_REPRODUCIBILITY,原始输出、人工标签、环境、hash、manifest及数据审核证据,FROZEN_EVIDENCE,702,False,7,reports/generation/lora/project_test100_v1/automatic_phase_manifest.json | reports/generation/lora/project_test100_v1/delivery_manifest.json | reports/generation/lora/project_test100_v1/final_test_manifest.json | reports/generation/lora/project_test100_v1/human_review_finalization_manifest.json | reports/generation/lora/project_test100_v1/protocol_manifest.json | reports/generation/lora_rag/lora_rag_project_test100_v1/final_review_manifest.json | reports/generation/lora_rag/lora_rag_project_test100_v1/protocol_manifest.json,5596644df337a7bd02ff4d4439074d1c61c409606cf1c83e4b1e351c3d1d5990,NONE; preserve original path if referenced by frozen manifest
reports/generation/lora/project_test100_v1/execution_plan.json,KEEP_REPRODUCIBILITY,原始输出、人工标签、环境、hash、manifest及数据审核证据,FROZEN_EVIDENCE,901,False,4,reports/generation/lora/project_test100_v1/automatic_phase_manifest.json | reports/generation/lora/project_test100_v1/delivery_manifest.json | reports/generation/lora/project_test100_v1/final_test_manifest.json | reports/generation/lora/project_test100_v1/human_review_finalization_manifest.json,d0687e4d1540fadb83a0e6ed6d095e487a9c84f8950f785083369b78450eaf5a,NONE; preserve original path if referenced by frozen manifest
reports/generation/lora/project_test100_v1/final_test_analysis.md,KEEP_FINAL,交付应展示的正式结论或终止阶段总结,FINAL,9430,False,1,reports/generation/lora/project_test100_v1/human_review_finalization_manifest.json,28ca9069e77a32742329ff5b39ae669e8cbb5e8d482950543f704081cd6aae02,NONE; preserve original path if referenced by frozen manifest
reports/generation/lora/project_test100_v1/final_test_manifest.json,KEEP_REPRODUCIBILITY,原始输出、人工标签、环境、hash、manifest及数据审核证据,FROZEN_EVIDENCE,7363,False,1,reports/generation/lora/project_test100_v1/human_review_finalization_manifest.json,c98670c22d4068e1c8e5e1a8c1389d36c37ddd80a529c6244e40bfe6d46937c1,NONE; preserve original path if referenced by frozen manifest
reports/generation/lora/project_test100_v1/final_test_report.md,KEEP_REPRODUCIBILITY,原始输出、人工标签、环境、hash、manifest及数据审核证据,FROZEN_EVIDENCE,1245,False,2,reports/generation/lora/project_test100_v1/final_test_manifest.json | reports/generation/lora/project_test100_v1/human_review_finalization_manifest.json,a80c71c127a212abfb6b427760f505445b38bf29e25997f5d2609568de920726,NONE; preserve original path if referenced by frozen manifest
reports/generation/lora/project_test100_v1/frozen_inputs.jsonl,KEEP_REPRODUCIBILITY,原始输出、人工标签、环境、hash、manifest及数据审核证据,FROZEN_EVIDENCE,480418,False,7,reports/generation/lora/project_test100_v1/automatic_phase_manifest.json | reports/generation/lora/project_test100_v1/delivery_manifest.json | reports/generation/lora/project_test100_v1/final_test_manifest.json | reports/generation/lora/project_test100_v1/human_review_finalization_manifest.json | reports/generation/lora/project_test100_v1/protocol_manifest.json | reports/generation/lora_rag/lora_rag_project_test100_v1/final_review_manifest.json | reports/generation/lora_rag/lora_rag_project_test100_v1/protocol_manifest.json,3cda21a177ac2e6edda1f7e9211c9dc5a011c51866539aa5d5814f6230464f2b,NONE; preserve original path if referenced by frozen manifest
reports/generation/lora/project_test100_v1/human_bad_cases.json,KEEP_REPRODUCIBILITY,原始输出、人工标签、环境、hash、manifest及数据审核证据,FROZEN_EVIDENCE,18295,False,2,reports/generation/lora/project_test100_v1/final_test_manifest.json | reports/generation/lora/project_test100_v1/human_review_finalization_manifest.json,2c1c3d9246a3e8c27796b18c590bd1fc04b995ed75ea5b730576d7f0a7503613,NONE; preserve original path if referenced by frozen manifest
reports/generation/lora/project_test100_v1/human_metrics_unblinded.json,KEEP_FINAL,正式指标/索引清单；不同评审语境不覆盖彼此,FINAL,8680,False,2,reports/generation/lora/project_test100_v1/final_test_manifest.json | reports/generation/lora/project_test100_v1/human_review_finalization_manifest.json,a724300a27370b30c62e684d56fef31266e2044878805a3361b5580f3909f856,NONE; preserve original path if referenced by frozen manifest
reports/generation/lora/project_test100_v1/human_review_checksums.sha256,KEEP_REPRODUCIBILITY,原始输出、人工标签、环境、hash、manifest及数据审核证据,FROZEN_EVIDENCE,8761,False,0,,cc04a9d531693d897f8c78ce0720454456d2494667d7e5704f1500d778b4befd,NONE; preserve original path if referenced by frozen manifest
reports/generation/lora/project_test100_v1/human_review_confirmation_record.json,KEEP_REPRODUCIBILITY,原始输出、人工标签、环境、hash、manifest及数据审核证据,FROZEN_EVIDENCE,2895,False,2,reports/generation/lora/project_test100_v1/final_test_manifest.json | reports/generation/lora/project_test100_v1/human_review_finalization_manifest.json,7bf8f78ab4f691ddadfff07aa852523d2a3db69fad132fef63647609ed3b58a3,NONE; preserve original path if referenced by frozen manifest
reports/generation/lora/project_test100_v1/human_review_final.csv,KEEP_REPRODUCIBILITY,原始输出、人工标签、环境、hash、manifest及数据审核证据,FROZEN_EVIDENCE,71242,False,2,reports/generation/lora/project_test100_v1/final_test_manifest.json | reports/generation/lora/project_test100_v1/human_review_finalization_manifest.json,315c9f5a5c42f8c681d1a7457856fe899cefae5ab9d9968bbce8c00e50a0b912,NONE; preserve original path if referenced by frozen manifest
reports/generation/lora/project_test100_v1/human_review_finalization_manifest.json,KEEP_REPRODUCIBILITY,原始输出、人工标签、环境、hash、manifest及数据审核证据,FROZEN_EVIDENCE,14137,False,0,,b291d348e8afa363be57c3caac89a003afd416f6392e4368b27c3752ca6a060a,NONE; preserve original path if referenced by frozen manifest
reports/generation/lora/project_test100_v1/human_scope_manifest.json,KEEP_REPRODUCIBILITY,原始输出、人工标签、环境、hash、manifest及数据审核证据,FROZEN_EVIDENCE,2589,False,7,reports/generation/lora/project_test100_v1/automatic_phase_manifest.json | reports/generation/lora/project_test100_v1/delivery_manifest.json | reports/generation/lora/project_test100_v1/final_test_manifest.json | reports/generation/lora/project_test100_v1/human_review_finalization_manifest.json | reports/generation/lora/project_test100_v1/protocol_manifest.json | reports/generation/lora_rag/lora_rag_project_test100_v1/final_review_manifest.json | reports/generation/lora_rag/lora_rag_project_test100_v1/protocol_manifest.json,1ac9b6835fa08d41e43053fa3d6d1b46ad8f5194a0c40f7f3ba4c7030883ec88,NONE; preserve original path if referenced by frozen manifest
reports/generation/lora/project_test100_v1/inference_base.json,KEEP_REPRODUCIBILITY,原始输出、人工标签、环境、hash、manifest及数据审核证据,FROZEN_EVIDENCE,3824,False,7,reports/generation/lora/project_test100_v1/automatic_phase_manifest.json | reports/generation/lora/project_test100_v1/delivery_manifest.json | reports/generation/lora/project_test100_v1/final_test_manifest.json | reports/generation/lora/project_test100_v1/human_review_finalization_manifest.json | reports/generation/lora/project_test100_v1/protocol_manifest.json | reports/generation/lora_rag/lora_rag_project_test100_v1/final_review_manifest.json | reports/generation/lora_rag/lora_rag_project_test100_v1/protocol_manifest.json,fa0280cbd661a2b4cf97cf083f69a6212f18f89564d2c0dab27ba831ea5da817,NONE; preserve original path if referenced by frozen manifest
reports/generation/lora/project_test100_v1/inference_lora.json,KEEP_REPRODUCIBILITY,原始输出、人工标签、环境、hash、manifest及数据审核证据,FROZEN_EVIDENCE,3998,False,7,reports/generation/lora/project_test100_v1/automatic_phase_manifest.json | reports/generation/lora/project_test100_v1/delivery_manifest.json | reports/generation/lora/project_test100_v1/final_test_manifest.json | reports/generation/lora/project_test100_v1/human_review_finalization_manifest.json | reports/generation/lora/project_test100_v1/protocol_manifest.json | reports/generation/lora_rag/lora_rag_project_test100_v1/final_review_manifest.json | reports/generation/lora_rag/lora_rag_project_test100_v1/protocol_manifest.json,58fcb0d6cd59332a78a7599f9119841462f57b7162d1e3474fc769190d14b21a,NONE; preserve original path if referenced by frozen manifest
reports/generation/lora/project_test100_v1/latency_by_product.csv,KEEP_REPRODUCIBILITY,原始输出、人工标签、环境、hash、manifest及数据审核证据,FROZEN_EVIDENCE,18701,False,4,reports/generation/lora/project_test100_v1/automatic_phase_manifest.json | reports/generation/lora/project_test100_v1/delivery_manifest.json | reports/generation/lora/project_test100_v1/final_test_manifest.json | reports/generation/lora/project_test100_v1/human_review_finalization_manifest.json,0818d4c41157202657cc22f0fdfee39768cead843b948f620fd02a6de4380d22,NONE; preserve original path if referenced by frozen manifest
reports/generation/lora/project_test100_v1/lora/attempt_started.json,KEEP_REPRODUCIBILITY,原始输出、人工标签、环境、hash、manifest及数据审核证据,FROZEN_EVIDENCE,148,False,5,reports/generation/lora/project_test100_v1/automatic_phase_manifest.json | reports/generation/lora/project_test100_v1/delivery_manifest.json | reports/generation/lora/project_test100_v1/final_test_manifest.json | reports/generation/lora/project_test100_v1/human_review_finalization_manifest.json | reports/generation/lora/project_test100_v1/review_manifest.json,d82abb0f5569f433f7ab5bf0e6f774d703acc9f1ac80e603fa277d11d022d9d0,NONE; preserve original path if referenced by frozen manifest
reports/generation/lora/project_test100_v1/lora/product_outputs.jsonl,KEEP_REPRODUCIBILITY,原始输出、人工标签、环境、hash、manifest及数据审核证据,FROZEN_EVIDENCE,409496,False,7,reports/generation/lora/project_test100_v1/automatic_phase_manifest.json | reports/generation/lora/project_test100_v1/delivery_manifest.json | reports/generation/lora/project_test100_v1/final_test_manifest.json | reports/generation/lora/project_test100_v1/human_review_finalization_manifest.json | reports/generation/lora/project_test100_v1/review_manifest.json | reports/generation/lora_rag/lora_rag_project_test100_v1/final_review_manifest.json | reports/generation/lora_rag/lora_rag_project_test100_v1/protocol_manifest.json,948a1724dcc40c7506f70a41fb5269ecbcf0f91b09e6fb9170c84d4c20a41fc6,NONE; preserve original path if referenced by frozen manifest
reports/generation/lora/project_test100_v1/lora/run_report.json,KEEP_REPRODUCIBILITY,原始输出、人工标签、环境、hash、manifest及数据审核证据,FROZEN_EVIDENCE,2974,False,7,reports/generation/lora/project_test100_v1/automatic_phase_manifest.json | reports/generation/lora/project_test100_v1/delivery_manifest.json | reports/generation/lora/project_test100_v1/final_test_manifest.json | reports/generation/lora/project_test100_v1/human_review_finalization_manifest.json | reports/generation/lora/project_test100_v1/review_manifest.json | reports/generation/lora_rag/lora_rag_project_test100_v1/final_review_manifest.json | reports/generation/lora_rag/lora_rag_project_test100_v1/protocol_manifest.json,d3a7de0ca341e16c72fd524b84feb7332303741ecfd5e48af07f4730ef26eb59,NONE; preserve original path if referenced by frozen manifest
reports/generation/lora/project_test100_v1/lora/task_outputs.jsonl,KEEP_REPRODUCIBILITY,原始输出、人工标签、环境、hash、manifest及数据审核证据,FROZEN_EVIDENCE,315418,False,7,reports/generation/lora/project_test100_v1/automatic_phase_manifest.json | reports/generation/lora/project_test100_v1/delivery_manifest.json | reports/generation/lora/project_test100_v1/final_test_manifest.json | reports/generation/lora/project_test100_v1/human_review_finalization_manifest.json | reports/generation/lora/project_test100_v1/review_manifest.json | reports/generation/lora_rag/lora_rag_project_test100_v1/final_review_manifest.json | reports/generation/lora_rag/lora_rag_project_test100_v1/protocol_manifest.json,6c707c591f7953390af089a243e18e6c33d42feece37813e719c11ec17aa2987,NONE; preserve original path if referenced by frozen manifest
reports/generation/lora/project_test100_v1/project_test100_blind_review.pre_ai_import.xlsx,KEEP_REPRODUCIBILITY,原始输出、人工标签、环境、hash、manifest及数据审核证据,FROZEN_EVIDENCE,104920,False,2,reports/generation/lora/project_test100_v1/final_test_manifest.json | reports/generation/lora/project_test100_v1/human_review_finalization_manifest.json,76c395c9099c2b667cd33ea26b1d6d495025e7d7e5599827c5953d19b9653028,NONE; preserve original path if referenced by frozen manifest
reports/generation/lora/project_test100_v1/project_test100_blind_review.user_completed.xlsx,KEEP_REPRODUCIBILITY,原始输出、人工标签、环境、hash、manifest及数据审核证据,FROZEN_EVIDENCE,122787,False,2,reports/generation/lora/project_test100_v1/final_test_manifest.json | reports/generation/lora/project_test100_v1/human_review_finalization_manifest.json,7c8f5efba15a917db5e95a1878a1adb3deb9720920f3f1db51f723c7526acca4,NONE; preserve original path if referenced by frozen manifest
reports/generation/lora/project_test100_v1/project_test100_blind_review.xlsx,KEEP_REPRODUCIBILITY,原始输出、人工标签、环境、hash、manifest及数据审核证据,FROZEN_EVIDENCE,124554,False,4,reports/generation/lora/project_test100_v1/automatic_phase_manifest.json | reports/generation/lora/project_test100_v1/delivery_manifest.json | reports/generation/lora/project_test100_v1/final_test_manifest.json | reports/generation/lora/project_test100_v1/human_review_finalization_manifest.json,bc31ff88d068d9006b6837ed8f5c3cf7e3bff8f38e0191a827112299a6769d2d,NONE; preserve original path if referenced by frozen manifest
reports/generation/lora/project_test100_v1/protocol_manifest.json,KEEP_REPRODUCIBILITY,原始输出、人工标签、环境、hash、manifest及数据审核证据,FROZEN_EVIDENCE,515014,False,6,reports/generation/lora/project_test100_v1/automatic_phase_manifest.json | reports/generation/lora/project_test100_v1/delivery_manifest.json | reports/generation/lora/project_test100_v1/final_test_manifest.json | reports/generation/lora/project_test100_v1/human_review_finalization_manifest.json | reports/generation/lora_rag/lora_rag_project_test100_v1/final_review_manifest.json | reports/generation/lora_rag/lora_rag_project_test100_v1/protocol_manifest.json,e8754d37ed27789d02801b710184ee9a034cff2e6996a42da8a29eadde0f7850,NONE; preserve original path if referenced by frozen manifest
reports/generation/lora/project_test100_v1/range_review_focus_blind.csv,KEEP_REPRODUCIBILITY,原始输出、人工标签、环境、hash、manifest及数据审核证据,FROZEN_EVIDENCE,2407,False,3,reports/generation/lora/project_test100_v1/delivery_manifest.json | reports/generation/lora/project_test100_v1/final_test_manifest.json | reports/generation/lora/project_test100_v1/human_review_finalization_manifest.json,b0c59603b942346daadf90f8702c126697d6adc68a20cc055fd1c750391b7c02,NONE; preserve original path if referenced by frozen manifest
reports/generation/lora/project_test100_v1/review_manifest.json,KEEP_REPRODUCIBILITY,原始输出、人工标签、环境、hash、manifest及数据审核证据,FROZEN_EVIDENCE,1826,False,4,reports/generation/lora/project_test100_v1/automatic_phase_manifest.json | reports/generation/lora/project_test100_v1/delivery_manifest.json | reports/generation/lora/project_test100_v1/final_test_manifest.json | reports/generation/lora/project_test100_v1/human_review_finalization_manifest.json,6dc26d9467ec367d6640ab56de05d010327fbd72c621fcbe200c19f99f37d7d4,NONE; preserve original path if referenced by frozen manifest
reports/generation/lora/project_validation_v1/automatic_phase_checksums.sha256,KEEP_REPRODUCIBILITY,原始输出、人工标签、环境、hash、manifest及数据审核证据,FROZEN_EVIDENCE,3476,False,1,reports/generation/lora/project_validation_v1/delivery_manifest.json,e58534f44d5adc0277a528dee41593cb1d97cca7197d6c2144812f19b05c54d5,NONE; preserve original path if referenced by frozen manifest
reports/generation/lora/project_validation_v1/automatic_phase_manifest.json,KEEP_REPRODUCIBILITY,原始输出、人工标签、环境、hash、manifest及数据审核证据,FROZEN_EVIDENCE,5110,False,5,reports/generation/lora/project_validation_v1/delivery_manifest.json | reports/generation/lora_rag/lora_rag_project_test100_v1/final_review_manifest.json | reports/generation/lora_rag/lora_rag_project_test100_v1/protocol_manifest.json | reports/generation/lora_rag/lora_rag_v2_development24_v1/final_review_manifest.json | reports/generation/lora_rag/lora_rag_v2_development24_v1/protocol_manifest.json,d9de118a82768bb07cd362f783e141565aa961d498fb80543734a79fb21ffae4,NONE; preserve original path if referenced by frozen manifest
reports/generation/lora/project_validation_v1/automatic_phase_summary.json,KEEP_REPRODUCIBILITY,原始输出、人工标签、环境、hash、manifest及数据审核证据,FROZEN_EVIDENCE,4543,False,2,reports/generation/lora/project_validation_v1/automatic_phase_manifest.json | reports/generation/lora/project_validation_v1/delivery_manifest.json,58268d04c89973b0d3f6a3c2b3ed42981c8ba1260e3d9f8816f8cadecab09a65,NONE; preserve original path if referenced by frozen manifest
reports/generation/lora/project_validation_v1/base/product_outputs.jsonl,KEEP_REPRODUCIBILITY,原始输出、人工标签、环境、hash、manifest及数据审核证据,FROZEN_EVIDENCE,860618,False,3,reports/generation/lora/project_validation_v1/automatic_phase_manifest.json | reports/generation/lora/project_validation_v1/delivery_manifest.json | reports/generation/lora/project_validation_v1/quick32_v1/review_manifest.json,c6691e0453c97bff25a656c6b4c9cece3d40e2660496cfdb6532947bdc46bf04,NONE; preserve original path if referenced by frozen manifest
reports/generation/lora/project_validation_v1/base/run_report.json,KEEP_REPRODUCIBILITY,原始输出、人工标签、环境、hash、manifest及数据审核证据,FROZEN_EVIDENCE,2977,False,3,reports/generation/lora/project_validation_v1/automatic_phase_manifest.json | reports/generation/lora/project_validation_v1/delivery_manifest.json | reports/generation/lora/project_validation_v1/quick32_v1/review_manifest.json,c98fb31973a9a51d0b6df9d72e91ac3f076f965f7bc1ad6fef185351de953efb,NONE; preserve original path if referenced by frozen manifest
reports/generation/lora/project_validation_v1/base/task_outputs.jsonl,KEEP_REPRODUCIBILITY,原始输出、人工标签、环境、hash、manifest及数据审核证据,FROZEN_EVIDENCE,653511,False,3,reports/generation/lora/project_validation_v1/automatic_phase_manifest.json | reports/generation/lora/project_validation_v1/delivery_manifest.json | reports/generation/lora/project_validation_v1/quick32_v1/review_manifest.json,2c97f3d2d6e9fa5065a8d812fc6d3815969d94b432e5f91822760a4520131485,NONE; preserve original path if referenced by frozen manifest
reports/generation/lora/project_validation_v1/blind_mapping.json,KEEP_REPRODUCIBILITY,原始输出、人工标签、环境、hash、manifest及数据审核证据,FROZEN_EVIDENCE,23665,False,7,reports/generation/lora/project_validation_v1/automatic_phase_manifest.json | reports/generation/lora/project_validation_v1/delivery_manifest.json | reports/generation/lora/project_validation_v1/protocol_manifest.json | reports/generation/lora_rag/lora_rag_project_test100_v1/final_review_manifest.json | reports/generation/lora_rag/lora_rag_project_test100_v1/protocol_manifest.json | reports/generation/lora_rag/lora_rag_v2_development24_v1/final_review_manifest.json | reports/generation/lora_rag/lora_rag_v2_development24_v1/protocol_manifest.json,2e5e2e43992c7f2ab96be67f7c471fb393a45075d1abbad946b5486455cc3ff8,NONE; preserve original path if referenced by frozen manifest
reports/generation/lora/project_validation_v1/delivery_checksums.sha256,KEEP_REPRODUCIBILITY,原始输出、人工标签、环境、hash、manifest及数据审核证据,FROZEN_EVIDENCE,6531,False,0,,cf9ba2a3e14baf3fcac99015e28d0f9e8c5c9118eb36bccaa8b76ca5b5fa0e72,NONE; preserve original path if referenced by frozen manifest
reports/generation/lora/project_validation_v1/delivery_manifest.json,KEEP_REPRODUCIBILITY,原始输出、人工标签、环境、hash、manifest及数据审核证据,FROZEN_EVIDENCE,10146,False,0,,7344071cecee6df0cd6bbca7b5ae894fb7ec60e6464055f2fd8a66614a8caf3b,NONE; preserve original path if referenced by frozen manifest
reports/generation/lora/project_validation_v1/environment_freeze.txt,KEEP_REPRODUCIBILITY,原始输出、人工标签、环境、hash、manifest及数据审核证据,FROZEN_EVIDENCE,702,False,7,reports/generation/lora/project_validation_v1/automatic_phase_manifest.json | reports/generation/lora/project_validation_v1/delivery_manifest.json | reports/generation/lora/project_validation_v1/protocol_manifest.json | reports/generation/lora_rag/lora_rag_project_test100_v1/final_review_manifest.json | reports/generation/lora_rag/lora_rag_project_test100_v1/protocol_manifest.json | reports/generation/lora_rag/lora_rag_v2_development24_v1/final_review_manifest.json | reports/generation/lora_rag/lora_rag_v2_development24_v1/protocol_manifest.json,5596644df337a7bd02ff4d4439074d1c61c409606cf1c83e4b1e351c3d1d5990,NONE; preserve original path if referenced by frozen manifest
reports/generation/lora/project_validation_v1/frozen_inputs.jsonl,KEEP_REPRODUCIBILITY,原始输出、人工标签、环境、hash、manifest及数据审核证据,FROZEN_EVIDENCE,947394,False,7,reports/generation/lora/project_validation_v1/automatic_phase_manifest.json | reports/generation/lora/project_validation_v1/delivery_manifest.json | reports/generation/lora/project_validation_v1/protocol_manifest.json | reports/generation/lora_rag/lora_rag_project_test100_v1/final_review_manifest.json | reports/generation/lora_rag/lora_rag_project_test100_v1/protocol_manifest.json | reports/generation/lora_rag/lora_rag_v2_development24_v1/final_review_manifest.json | reports/generation/lora_rag/lora_rag_v2_development24_v1/protocol_manifest.json,9f2e52e19f3a8b49376b423b4d117f5b1ca215805961793749b727a37c1a352d,NONE; preserve original path if referenced by frozen manifest
reports/generation/lora/project_validation_v1/inference_base.json,KEEP_REPRODUCIBILITY,原始输出、人工标签、环境、hash、manifest及数据审核证据,FROZEN_EVIDENCE,3827,False,7,reports/generation/lora/project_validation_v1/automatic_phase_manifest.json | reports/generation/lora/project_validation_v1/delivery_manifest.json | reports/generation/lora/project_validation_v1/protocol_manifest.json | reports/generation/lora_rag/lora_rag_project_test100_v1/final_review_manifest.json | reports/generation/lora_rag/lora_rag_project_test100_v1/protocol_manifest.json | reports/generation/lora_rag/lora_rag_v2_development24_v1/final_review_manifest.json | reports/generation/lora_rag/lora_rag_v2_development24_v1/protocol_manifest.json,ad7b73f8cb253ef880c7d79c460488815246c47979fe11ff333f6f1b02e62033,NONE; preserve original path if referenced by frozen manifest
reports/generation/lora/project_validation_v1/inference_lora.json,KEEP_REPRODUCIBILITY,原始输出、人工标签、环境、hash、manifest及数据审核证据,FROZEN_EVIDENCE,4001,False,7,reports/generation/lora/project_validation_v1/automatic_phase_manifest.json | reports/generation/lora/project_validation_v1/delivery_manifest.json | reports/generation/lora/project_validation_v1/protocol_manifest.json | reports/generation/lora_rag/lora_rag_project_test100_v1/final_review_manifest.json | reports/generation/lora_rag/lora_rag_project_test100_v1/protocol_manifest.json | reports/generation/lora_rag/lora_rag_v2_development24_v1/final_review_manifest.json | reports/generation/lora_rag/lora_rag_v2_development24_v1/protocol_manifest.json,13a07ffb5ff6a1c5b8794c3bc95ee7574f0d9e4b8bd908760f9fe5aa37519ea1,NONE; preserve original path if referenced by frozen manifest
reports/generation/lora/project_validation_v1/latency_by_product.csv,KEEP_REPRODUCIBILITY,原始输出、人工标签、环境、hash、manifest及数据审核证据,FROZEN_EVIDENCE,37322,False,2,reports/generation/lora/project_validation_v1/automatic_phase_manifest.json | reports/generation/lora/project_validation_v1/delivery_manifest.json,cfc0db00fea355c24fbcb739cc87446f0298657aa6c9ee90b7ae99d034faf649,NONE; preserve original path if referenced by frozen manifest
reports/generation/lora/project_validation_v1/lora/product_outputs.jsonl,KEEP_REPRODUCIBILITY,原始输出、人工标签、环境、hash、manifest及数据审核证据,FROZEN_EVIDENCE,813306,False,7,reports/generation/lora/project_validation_v1/automatic_phase_manifest.json | reports/generation/lora/project_validation_v1/delivery_manifest.json | reports/generation/lora/project_validation_v1/quick32_v1/review_manifest.json | reports/generation/lora_rag/lora_rag_project_test100_v1/final_review_manifest.json | reports/generation/lora_rag/lora_rag_project_test100_v1/protocol_manifest.json | reports/generation/lora_rag/lora_rag_v2_development24_v1/final_review_manifest.json | reports/generation/lora_rag/lora_rag_v2_development24_v1/protocol_manifest.json,cc06e7ebb0365c036fa4ac286779e116033bfa2c481950423c4abea5e8388b13,NONE; preserve original path if referenced by frozen manifest
reports/generation/lora/project_validation_v1/lora/run_report.json,KEEP_REPRODUCIBILITY,原始输出、人工标签、环境、hash、manifest及数据审核证据,FROZEN_EVIDENCE,2976,False,7,reports/generation/lora/project_validation_v1/automatic_phase_manifest.json | reports/generation/lora/project_validation_v1/delivery_manifest.json | reports/generation/lora/project_validation_v1/quick32_v1/review_manifest.json | reports/generation/lora_rag/lora_rag_project_test100_v1/final_review_manifest.json | reports/generation/lora_rag/lora_rag_project_test100_v1/protocol_manifest.json | reports/generation/lora_rag/lora_rag_v2_development24_v1/final_review_manifest.json | reports/generation/lora_rag/lora_rag_v2_development24_v1/protocol_manifest.json,b96d552112fd191474cd9558e07420c12cc3ba419408d7ae149e4a794e3cd7ee,NONE; preserve original path if referenced by frozen manifest
reports/generation/lora/project_validation_v1/lora/task_outputs.jsonl,KEEP_REPRODUCIBILITY,原始输出、人工标签、环境、hash、manifest及数据审核证据,FROZEN_EVIDENCE,628020,False,3,reports/generation/lora/project_validation_v1/automatic_phase_manifest.json | reports/generation/lora/project_validation_v1/delivery_manifest.json | reports/generation/lora/project_validation_v1/quick32_v1/review_manifest.json,4beb17886b8ef092ac7387e3e8ff007b45081cd20349ee99336f645dc8828844,NONE; preserve original path if referenced by frozen manifest
reports/generation/lora/project_validation_v1/phase_report.md,ARCHIVE,阶段过程/抽查/填写操作的历史材料；最终入口用正式数据与技术说明，证据原位保留,EXPERIMENT,6531,False,1,reports/generation/lora/project_validation_v1/delivery_manifest.json,ab5a43df74a05e5b812227165ddea463cb6dc3b5c32df808b15bc53559392f01,NONE; preserve original path if referenced by frozen manifest
reports/generation/lora/project_validation_v1/protocol_manifest.json,KEEP_REPRODUCIBILITY,原始输出、人工标签、环境、hash、manifest及数据审核证据,FROZEN_EVIDENCE,398703,False,9,reports/generation/lora/project_test100_v1/human_review_finalization_manifest.json | reports/generation/lora/project_test100_v1/protocol_manifest.json | reports/generation/lora/project_validation_v1/automatic_phase_manifest.json | reports/generation/lora/project_validation_v1/delivery_manifest.json | reports/generation/lora/project_validation_v1/quick32_v1/sampling_manifest.json | reports/generation/lora_rag/lora_rag_project_test100_v1/final_review_manifest.json | reports/generation/lora_rag/lora_rag_project_test100_v1/protocol_manifest.json | reports/generation/lora_rag/lora_rag_v2_development24_v1/final_review_manifest.json | reports/generation/lora_rag/lora_rag_v2_development24_v1/protocol_manifest.json,095cb45a3c07b86ccace377d746ffe3224a9805aaf5204f19640652e08aa1ab2,NONE; preserve original path if referenced by frozen manifest
reports/generation/lora/project_validation_v1/quick32_v1/ai_review_amendments_v1.json,KEEP_REPRODUCIBILITY,原始输出、人工标签、环境、hash、manifest及数据审核证据,FROZEN_EVIDENCE,9245,False,0,,a0097cd41f5703a68a7a3558fd8e1e13f0f3667076dc7fb7bfd7e4b0001fa5cb,NONE; preserve original path if referenced by frozen manifest
reports/generation/lora/project_validation_v1/quick32_v1/ai_review_import_manifest_v1.json,KEEP_REPRODUCIBILITY,原始输出、人工标签、环境、hash、manifest及数据审核证据,FROZEN_EVIDENCE,31010,False,0,,6c51da3ba810b0a71180ac22635c5d40f163c97e59f5667654ec142b0eb488ea,NONE; preserve original path if referenced by frozen manifest
reports/generation/lora/project_validation_v1/quick32_v1/blind_mapping.json,KEEP_REPRODUCIBILITY,原始输出、人工标签、环境、hash、manifest及数据审核证据,FROZEN_EVIDENCE,4897,False,3,reports/generation/lora/project_validation_v1/automatic_phase_manifest.json | reports/generation/lora/project_validation_v1/delivery_manifest.json | reports/generation/lora/project_validation_v1/quick32_v1/sampling_manifest.json,c1506842aed990c89b3c0e322df9a9053c41af592cbc95e6919ef2de46c890b4,NONE; preserve original path if referenced by frozen manifest
reports/generation/lora/project_validation_v1/quick32_v1/blind_summary.json,KEEP_REPRODUCIBILITY,原始输出、人工标签、环境、hash、manifest及数据审核证据,FROZEN_EVIDENCE,526,False,0,,3ab2764a5f4dc0fa94c187f90504dc88e68ebfc319a49f16199b3948085250f3,NONE; preserve original path if referenced by frozen manifest
reports/generation/lora/project_validation_v1/quick32_v1/human_metrics_unblinded.json,KEEP_FINAL,正式指标/索引清单；不同评审语境不覆盖彼此,FINAL,8261,False,0,,1d40f9c0b4367849b19832043163962d95a307426b0f8dd8c2c3b9b11e04ac10,NONE; preserve original path if referenced by frozen manifest
reports/generation/lora/project_validation_v1/quick32_v1/human_review_checksums.sha256,KEEP_REPRODUCIBILITY,原始输出、人工标签、环境、hash、manifest及数据审核证据,FROZEN_EVIDENCE,1346,False,0,,b6b09a537b3169434f83e0e0790737003dc6c09a124c738189ea1c25f1804a51,NONE; preserve original path if referenced by frozen manifest
reports/generation/lora/project_validation_v1/quick32_v1/human_review_final.csv,KEEP_REPRODUCIBILITY,原始输出、人工标签、环境、hash、manifest及数据审核证据,FROZEN_EVIDENCE,21331,False,0,,c731a19f32a4d6d0c6246909f07ce9c97b38d759dac63b36a67a778fae447eeb,NONE; preserve original path if referenced by frozen manifest
reports/generation/lora/project_validation_v1/quick32_v1/human_review_finalization_manifest.json,KEEP_REPRODUCIBILITY,原始输出、人工标签、环境、hash、manifest及数据审核证据,FROZEN_EVIDENCE,951,False,0,,44319896652a29fa3a7545beff35373a46635ad922b3bd6c2416c0a532f4b83a,NONE; preserve original path if referenced by frozen manifest
reports/generation/lora/project_validation_v1/quick32_v1/human_review_report.md,KEEP_REPRODUCIBILITY,原始输出、人工标签、环境、hash、manifest及数据审核证据,FROZEN_EVIDENCE,6622,False,0,,f6d8ec469707ddc295afddbe6ac0a3dd289cad4da2040ad2498f74ed95441226,NONE; preserve original path if referenced by frozen manifest
reports/generation/lora/project_validation_v1/quick32_v1/project_validation32_blind_review.pre_ai_import.xlsx,KEEP_REPRODUCIBILITY,原始输出、人工标签、环境、hash、manifest及数据审核证据,FROZEN_EVIDENCE,43082,False,0,,5c23171b28c9944e517d607453918ceaad96ce7d8591916798293979cc84971e,NONE; preserve original path if referenced by frozen manifest
reports/generation/lora/project_validation_v1/quick32_v1/project_validation32_blind_review.user_completed.xlsx,KEEP_REPRODUCIBILITY,原始输出、人工标签、环境、hash、manifest及数据审核证据,FROZEN_EVIDENCE,51631,False,0,,10a570d9adfc870e7557dd12fc467117200c3b05ae2f93e62d31acf6805a5cb3,NONE; preserve original path if referenced by frozen manifest
reports/generation/lora/project_validation_v1/quick32_v1/project_validation32_blind_review.xlsx,KEEP_REPRODUCIBILITY,原始输出、人工标签、环境、hash、manifest及数据审核证据,FROZEN_EVIDENCE,49922,False,2,reports/generation/lora/project_validation_v1/automatic_phase_manifest.json | reports/generation/lora/project_validation_v1/delivery_manifest.json,61679ac05e25c15d940f700cde601731578ed8498ca4ea4c6ed1596d5e2a85e9,NONE; preserve original path if referenced by frozen manifest
reports/generation/lora/project_validation_v1/quick32_v1/review_manifest.json,KEEP_REPRODUCIBILITY,原始输出、人工标签、环境、hash、manifest及数据审核证据,FROZEN_EVIDENCE,1464,False,2,reports/generation/lora/project_validation_v1/automatic_phase_manifest.json | reports/generation/lora/project_validation_v1/delivery_manifest.json,52f40480737e41d8963e8504667c69539ba57b78a344a928f85c26a6d1348a2f,NONE; preserve original path if referenced by frozen manifest
reports/generation/lora/project_validation_v1/quick32_v1/sample_ids.json,KEEP_REPRODUCIBILITY,原始输出、人工标签、环境、hash、manifest及数据审核证据,FROZEN_EVIDENCE,2794,False,3,reports/generation/lora/project_validation_v1/automatic_phase_manifest.json | reports/generation/lora/project_validation_v1/delivery_manifest.json | reports/generation/lora/project_validation_v1/quick32_v1/sampling_manifest.json,bb8243578b6802e8a9af7a7620f3495694e5d0ecc5ae9db1c54fcf6269b8864b,NONE; preserve original path if referenced by frozen manifest
reports/generation/lora/project_validation_v1/quick32_v1/sampling_manifest.json,KEEP_REPRODUCIBILITY,原始输出、人工标签、环境、hash、manifest及数据审核证据,FROZEN_EVIDENCE,35671,False,2,reports/generation/lora/project_validation_v1/automatic_phase_manifest.json | reports/generation/lora/project_validation_v1/delivery_manifest.json,d77a9462635099c907c116aa80ddce94cc5fada4971fe34074fb79d12ea1ac9d,NONE; preserve original path if referenced by frozen manifest
reports/generation/lora/project_validation_v1/review_quick_start.md,ARCHIVE,阶段过程/抽查/填写操作的历史材料；最终入口用正式数据与技术说明，证据原位保留,EXPERIMENT,4336,False,2,reports/generation/lora/project_validation_v1/automatic_phase_manifest.json | reports/generation/lora/project_validation_v1/delivery_manifest.json,08758a9ff93953c15e290b94d8ea04d5b5f63157bf831d62860c8099a899ac8a,NONE; preserve original path if referenced by frozen manifest
reports/generation/lora_rag/lora_rag_project_test100_v1/ai_review_amendments_v1.json,KEEP_REPRODUCIBILITY,原始输出、人工标签、环境、hash、manifest及数据审核证据,FROZEN_EVIDENCE,14148,False,2,reports/generation/lora_rag/lora_rag_project_test100_v1/final_review_manifest.json | reports/generation/lora_rag/lora_rag_project_test100_v1/final_test_manifest.json,b512e8219b3887eb13e4e5e97f53d7b6d044e20d58200db47c895b011afb1683,NONE; preserve original path if referenced by frozen manifest
reports/generation/lora_rag/lora_rag_project_test100_v1/ai_review_import_manifest_v1.json,KEEP_REPRODUCIBILITY,原始输出、人工标签、环境、hash、manifest及数据审核证据,FROZEN_EVIDENCE,67011,False,2,reports/generation/lora_rag/lora_rag_project_test100_v1/final_review_manifest.json | reports/generation/lora_rag/lora_rag_project_test100_v1/final_test_manifest.json,d9c1ca6ed3f1921d3282ae323ce8fb3c3caae76fd18707c83d09f358403513a8,NONE; preserve original path if referenced by frozen manifest
reports/generation/lora_rag/lora_rag_project_test100_v1/automatic_diagnostics.json,KEEP_REPRODUCIBILITY,原始输出、人工标签、环境、hash、manifest及数据审核证据,FROZEN_EVIDENCE,244610,False,4,reports/generation/lora_rag/lora_rag_project_test100_v1/automatic_phase_manifest.json | reports/generation/lora_rag/lora_rag_project_test100_v1/final_review_manifest.json | reports/generation/lora_rag/lora_rag_project_test100_v1/final_test_manifest.json | reports/generation/lora_rag/lora_rag_project_test100_v1/review_manifest.json,a2a36032adb84373abd50fa9b77a638f2ae898a2fdcf8b796732d90d1c3f5b78,NONE; preserve original path if referenced by frozen manifest
reports/generation/lora_rag/lora_rag_project_test100_v1/automatic_phase_manifest.json,KEEP_REPRODUCIBILITY,原始输出、人工标签、环境、hash、manifest及数据审核证据,FROZEN_EVIDENCE,4556,False,2,reports/generation/lora_rag/lora_rag_project_test100_v1/final_review_manifest.json | reports/generation/lora_rag/lora_rag_project_test100_v1/final_test_manifest.json,06a7f4e740d67b5b291156b4803a1982aa4cfbdaa59feac201d1f3e9c22eff7a,NONE; preserve original path if referenced by frozen manifest
reports/generation/lora_rag/lora_rag_project_test100_v1/automatic_phase_manifest_checksums.sha256,KEEP_REPRODUCIBILITY,原始输出、人工标签、环境、hash、manifest及数据审核证据,FROZEN_EVIDENCE,3005,False,2,reports/generation/lora_rag/lora_rag_project_test100_v1/final_review_manifest.json | reports/generation/lora_rag/lora_rag_project_test100_v1/final_test_manifest.json,6878ff8637401c05563381ee3362e452def7dec88a92f349209a90398abefad0,NONE; preserve original path if referenced by frozen manifest
reports/generation/lora_rag/lora_rag_project_test100_v1/automatic_summary.json,KEEP_REPRODUCIBILITY,原始输出、人工标签、环境、hash、manifest及数据审核证据,FROZEN_EVIDENCE,6918,False,4,reports/generation/lora_rag/lora_rag_project_test100_v1/automatic_phase_manifest.json | reports/generation/lora_rag/lora_rag_project_test100_v1/final_review_manifest.json | reports/generation/lora_rag/lora_rag_project_test100_v1/final_test_manifest.json | reports/generation/lora_rag/lora_rag_project_test100_v1/review_manifest.json,348d2cf59847237ac4686de9b547e99bfc1b5fd43d5d35a27782b2f587a3e50b,NONE; preserve original path if referenced by frozen manifest
reports/generation/lora_rag/lora_rag_project_test100_v1/automatic_test_report.md,KEEP_REPRODUCIBILITY,原始输出、人工标签、环境、hash、manifest及数据审核证据,FROZEN_EVIDENCE,5372,False,4,reports/generation/lora_rag/lora_rag_project_test100_v1/automatic_phase_manifest.json | reports/generation/lora_rag/lora_rag_project_test100_v1/final_review_manifest.json | reports/generation/lora_rag/lora_rag_project_test100_v1/final_test_manifest.json | reports/generation/lora_rag/lora_rag_project_test100_v1/review_manifest.json,2670e4af8500ff9fd947355eceeb92f932f6f2118ed019cb311196b5c50e0977,NONE; preserve original path if referenced by frozen manifest
reports/generation/lora_rag/lora_rag_project_test100_v1/blind_mapping.json,KEEP_REPRODUCIBILITY,原始输出、人工标签、环境、hash、manifest及数据审核证据,FROZEN_EVIDENCE,13061,False,5,reports/generation/lora_rag/lora_rag_project_test100_v1/automatic_phase_manifest.json | reports/generation/lora_rag/lora_rag_project_test100_v1/final_review_manifest.json | reports/generation/lora_rag/lora_rag_project_test100_v1/final_test_manifest.json | reports/generation/lora_rag/lora_rag_project_test100_v1/protocol_manifest.json | reports/generation/lora_rag/lora_rag_project_test100_v1/review_manifest.json,ac3e3771e6f22c40cde327c50049abf3e0aa38788f38621c3e54e039622d1cf1,NONE; preserve original path if referenced by frozen manifest
reports/generation/lora_rag/lora_rag_project_test100_v1/blind_summary.json,KEEP_REPRODUCIBILITY,原始输出、人工标签、环境、hash、manifest及数据审核证据,FROZEN_EVIDENCE,587,False,2,reports/generation/lora_rag/lora_rag_project_test100_v1/final_review_manifest.json | reports/generation/lora_rag/lora_rag_project_test100_v1/final_test_manifest.json,cc8e85b5353201d061aed30550e8571677fa1c3d97e34e09c3715a20ca3b6a98,NONE; preserve original path if referenced by frozen manifest
reports/generation/lora_rag/lora_rag_project_test100_v1/control_product_outputs.jsonl,KEEP_REPRODUCIBILITY,原始输出、人工标签、环境、hash、manifest及数据审核证据,FROZEN_EVIDENCE,418596,False,5,reports/generation/lora_rag/lora_rag_project_test100_v1/automatic_phase_manifest.json | reports/generation/lora_rag/lora_rag_project_test100_v1/final_review_manifest.json | reports/generation/lora_rag/lora_rag_project_test100_v1/final_test_manifest.json | reports/generation/lora_rag/lora_rag_project_test100_v1/protocol_manifest.json | reports/generation/lora_rag/lora_rag_project_test100_v1/review_manifest.json,881fc2b3ee6199ed365794062d6a1d4d5bca2dcc720733234338b6c0171556ec,NONE; preserve original path if referenced by frozen manifest
reports/generation/lora_rag/lora_rag_project_test100_v1/control_task_outputs.jsonl,KEEP_REPRODUCIBILITY,原始输出、人工标签、环境、hash、manifest及数据审核证据,FROZEN_EVIDENCE,315418,False,5,reports/generation/lora_rag/lora_rag_project_test100_v1/automatic_phase_manifest.json | reports/generation/lora_rag/lora_rag_project_test100_v1/final_review_manifest.json | reports/generation/lora_rag/lora_rag_project_test100_v1/final_test_manifest.json | reports/generation/lora_rag/lora_rag_project_test100_v1/protocol_manifest.json | reports/generation/lora_rag/lora_rag_project_test100_v1/review_manifest.json,6c707c591f7953390af089a243e18e6c33d42feece37813e719c11ec17aa2987,NONE; preserve original path if referenced by frozen manifest
reports/generation/lora_rag/lora_rag_project_test100_v1/environment_freeze.txt,KEEP_REPRODUCIBILITY,原始输出、人工标签、环境、hash、manifest及数据审核证据,FROZEN_EVIDENCE,702,False,5,reports/generation/lora_rag/lora_rag_project_test100_v1/automatic_phase_manifest.json | reports/generation/lora_rag/lora_rag_project_test100_v1/final_review_manifest.json | reports/generation/lora_rag/lora_rag_project_test100_v1/final_test_manifest.json | reports/generation/lora_rag/lora_rag_project_test100_v1/protocol_manifest.json | reports/generation/lora_rag/lora_rag_project_test100_v1/review_manifest.json,5596644df337a7bd02ff4d4439074d1c61c409606cf1c83e4b1e351c3d1d5990,NONE; preserve original path if referenced by frozen manifest
reports/generation/lora_rag/lora_rag_project_test100_v1/final_review_checksums.sha256,KEEP_REPRODUCIBILITY,原始输出、人工标签、环境、hash、manifest及数据审核证据,FROZEN_EVIDENCE,14471,False,0,,82c465efe4aca9016d049a973a1f06a4660b92768b9989f97c46a2bb8864512b,NONE; preserve original path if referenced by frozen manifest
reports/generation/lora_rag/lora_rag_project_test100_v1/final_review_manifest.json,KEEP_FINAL,正式指标/索引清单；不同评审语境不覆盖彼此,FINAL,20995,False,0,,c7a5665245faa686dd4051b782fa7c66142e4c5b6898d0a76aa5ffe0c6f4b3df,NONE; preserve original path if referenced by frozen manifest
reports/generation/lora_rag/lora_rag_project_test100_v1/final_review_report.md,KEEP_FINAL,交付应展示的正式结论或终止阶段总结,FINAL,10322,False,1,reports/generation/lora_rag/lora_rag_project_test100_v1/final_review_manifest.json,c161f4ba0b6b20d794a810d903917b023407409844495cc71cdd6be83f4a5d9d,NONE; preserve original path if referenced by frozen manifest
reports/generation/lora_rag/lora_rag_project_test100_v1/final_test_manifest.json,KEEP_REPRODUCIBILITY,原始输出、人工标签、环境、hash、manifest及数据审核证据,FROZEN_EVIDENCE,7377,False,1,reports/generation/lora_rag/lora_rag_project_test100_v1/final_review_manifest.json,19bbbf9dcefb3d6e615b77ca9dfe1a823a88108494084b88b281edf6e8152872,NONE; preserve original path if referenced by frozen manifest
reports/generation/lora_rag/lora_rag_project_test100_v1/final_test_manifest_checksums.sha256,KEEP_REPRODUCIBILITY,原始输出、人工标签、环境、hash、manifest及数据审核证据,FROZEN_EVIDENCE,5075,False,1,reports/generation/lora_rag/lora_rag_project_test100_v1/final_review_manifest.json,063c0e401665baed5577933f651d4da8c07cc9577a89c3612d5a6813ef4b3226,NONE; preserve original path if referenced by frozen manifest
reports/generation/lora_rag/lora_rag_project_test100_v1/final_test_report.md,KEEP_REPRODUCIBILITY,原始输出、人工标签、环境、hash、manifest及数据审核证据,FROZEN_EVIDENCE,11346,False,2,reports/generation/lora_rag/lora_rag_project_test100_v1/final_review_manifest.json | reports/generation/lora_rag/lora_rag_project_test100_v1/final_test_manifest.json,4858110bd8bfc86c4d03d7de59711ecec52912df857a83e20e108ed6a4c62c2a,NONE; preserve original path if referenced by frozen manifest
reports/generation/lora_rag/lora_rag_project_test100_v1/frozen_inputs.jsonl,KEEP_REPRODUCIBILITY,原始输出、人工标签、环境、hash、manifest及数据审核证据,FROZEN_EVIDENCE,2350409,False,5,reports/generation/lora_rag/lora_rag_project_test100_v1/automatic_phase_manifest.json | reports/generation/lora_rag/lora_rag_project_test100_v1/final_review_manifest.json | reports/generation/lora_rag/lora_rag_project_test100_v1/final_test_manifest.json | reports/generation/lora_rag/lora_rag_project_test100_v1/protocol_manifest.json | reports/generation/lora_rag/lora_rag_project_test100_v1/review_manifest.json,886b37c8a7f9191b7a537e376d8a72c3ad2fe9cca677a38a1de8ce9d487fd647,NONE; preserve original path if referenced by frozen manifest
reports/generation/lora_rag/lora_rag_project_test100_v1/human_diagnostic_cases.json,KEEP_REPRODUCIBILITY,原始输出、人工标签、环境、hash、manifest及数据审核证据,FROZEN_EVIDENCE,16947,False,2,reports/generation/lora_rag/lora_rag_project_test100_v1/final_review_manifest.json | reports/generation/lora_rag/lora_rag_project_test100_v1/final_test_manifest.json,ab22867775bf788d1a86528e646f9bf93972966b811615604adf2dfdfdbbb3ad,NONE; preserve original path if referenced by frozen manifest
reports/generation/lora_rag/lora_rag_project_test100_v1/human_metrics_unblinded.json,KEEP_FINAL,正式指标/索引清单；不同评审语境不覆盖彼此,FINAL,7630,False,2,reports/generation/lora_rag/lora_rag_project_test100_v1/final_review_manifest.json | reports/generation/lora_rag/lora_rag_project_test100_v1/final_test_manifest.json,8334ddf6ffba58245a07fb0feccb5feaf0604c83502c2ed1849b57f7e43f9f73,NONE; preserve original path if referenced by frozen manifest
reports/generation/lora_rag/lora_rag_project_test100_v1/human_review_confirmation_record.json,KEEP_REPRODUCIBILITY,原始输出、人工标签、环境、hash、manifest及数据审核证据,FROZEN_EVIDENCE,2524,False,2,reports/generation/lora_rag/lora_rag_project_test100_v1/final_review_manifest.json | reports/generation/lora_rag/lora_rag_project_test100_v1/final_test_manifest.json,e36b57e5f39dab88c5eea28ea18dec60dbfccad8da5ebb476731c8ad4dd3de6b,NONE; preserve original path if referenced by frozen manifest
reports/generation/lora_rag/lora_rag_project_test100_v1/human_review_final.csv,KEEP_REPRODUCIBILITY,原始输出、人工标签、环境、hash、manifest及数据审核证据,FROZEN_EVIDENCE,28917,False,2,reports/generation/lora_rag/lora_rag_project_test100_v1/final_review_manifest.json | reports/generation/lora_rag/lora_rag_project_test100_v1/final_test_manifest.json,ebab9d590bfcfa69d85457f31a7529287fef9907eb7a82f859deb4029fb52e30,NONE; preserve original path if referenced by frozen manifest
reports/generation/lora_rag/lora_rag_project_test100_v1/inference_config.json,KEEP_REPRODUCIBILITY,原始输出、人工标签、环境、hash、manifest及数据审核证据,FROZEN_EVIDENCE,4463,False,5,reports/generation/lora_rag/lora_rag_project_test100_v1/automatic_phase_manifest.json | reports/generation/lora_rag/lora_rag_project_test100_v1/final_review_manifest.json | reports/generation/lora_rag/lora_rag_project_test100_v1/final_test_manifest.json | reports/generation/lora_rag/lora_rag_project_test100_v1/protocol_manifest.json | reports/generation/lora_rag/lora_rag_project_test100_v1/review_manifest.json,6b610516cc8ec68aadfc9b9d355c7aa6afa2237b2f0e77f530aff47d76aa59b0,NONE; preserve original path if referenced by frozen manifest
reports/generation/lora_rag/lora_rag_project_test100_v1/lora_rag/attempt_started.json,KEEP_REPRODUCIBILITY,原始输出、人工标签、环境、hash、manifest及数据审核证据,FROZEN_EVIDENCE,186,False,4,reports/generation/lora_rag/lora_rag_project_test100_v1/automatic_phase_manifest.json | reports/generation/lora_rag/lora_rag_project_test100_v1/final_review_manifest.json | reports/generation/lora_rag/lora_rag_project_test100_v1/final_test_manifest.json | reports/generation/lora_rag/lora_rag_project_test100_v1/review_manifest.json,42d405ef1e423b5194fe88ea18c1b7b654253ebbc45eda21dd61a2e3616bb2a8,NONE; preserve original path if referenced by frozen manifest
reports/generation/lora_rag/lora_rag_project_test100_v1/lora_rag/product_outputs.jsonl,KEEP_REPRODUCIBILITY,原始输出、人工标签、环境、hash、manifest及数据审核证据,FROZEN_EVIDENCE,501770,False,4,reports/generation/lora_rag/lora_rag_project_test100_v1/automatic_phase_manifest.json | reports/generation/lora_rag/lora_rag_project_test100_v1/final_review_manifest.json | reports/generation/lora_rag/lora_rag_project_test100_v1/final_test_manifest.json | reports/generation/lora_rag/lora_rag_project_test100_v1/review_manifest.json,c3a8a0e298560299f00e6fbc7e9bfc46530fe9333d6b7d277d8e547b55858587,NONE; preserve original path if referenced by frozen manifest
reports/generation/lora_rag/lora_rag_project_test100_v1/lora_rag/run_report.json,KEEP_REPRODUCIBILITY,原始输出、人工标签、环境、hash、manifest及数据审核证据,FROZEN_EVIDENCE,767,False,4,reports/generation/lora_rag/lora_rag_project_test100_v1/automatic_phase_manifest.json | reports/generation/lora_rag/lora_rag_project_test100_v1/final_review_manifest.json | reports/generation/lora_rag/lora_rag_project_test100_v1/final_test_manifest.json | reports/generation/lora_rag/lora_rag_project_test100_v1/review_manifest.json,ab0da5585e608176ce7110fbd60a9ad47cb65406c807168fd5b1c4578cbe05c2,NONE; preserve original path if referenced by frozen manifest
reports/generation/lora_rag/lora_rag_project_test100_v1/lora_rag/task_outputs.jsonl,KEEP_REPRODUCIBILITY,原始输出、人工标签、环境、hash、manifest及数据审核证据,FROZEN_EVIDENCE,394480,False,4,reports/generation/lora_rag/lora_rag_project_test100_v1/automatic_phase_manifest.json | reports/generation/lora_rag/lora_rag_project_test100_v1/final_review_manifest.json | reports/generation/lora_rag/lora_rag_project_test100_v1/final_test_manifest.json | reports/generation/lora_rag/lora_rag_project_test100_v1/review_manifest.json,01a5ecbdf964c38280614967ac1f617991b0f356a622375467689d6cce6d0eee,NONE; preserve original path if referenced by frozen manifest
reports/generation/lora_rag/lora_rag_project_test100_v1/lora_rag_project_test100_blind_review.chatgpt_rechecked_source.xlsx,KEEP_REPRODUCIBILITY,原始输出、人工标签、环境、hash、manifest及数据审核证据,FROZEN_EVIDENCE,162773,False,2,reports/generation/lora_rag/lora_rag_project_test100_v1/final_review_manifest.json | reports/generation/lora_rag/lora_rag_project_test100_v1/final_test_manifest.json,9e5672690a01a0ba24c004c71120e2db83899ba7051d4e7ee3211e8c69b2a631,NONE; preserve original path if referenced by frozen manifest
reports/generation/lora_rag/lora_rag_project_test100_v1/lora_rag_project_test100_blind_review.initial_blank.xlsx,KEEP_REPRODUCIBILITY,原始输出、人工标签、环境、hash、manifest及数据审核证据,FROZEN_EVIDENCE,221040,False,4,reports/generation/lora_rag/lora_rag_project_test100_v1/automatic_phase_manifest.json | reports/generation/lora_rag/lora_rag_project_test100_v1/final_review_manifest.json | reports/generation/lora_rag/lora_rag_project_test100_v1/final_test_manifest.json | reports/generation/lora_rag/lora_rag_project_test100_v1/review_manifest.json,17dd8ed253455072d59a082d202b586dcdcb7a22166d82e50aa1ad6e8f027a12,NONE; preserve original path if referenced by frozen manifest
reports/generation/lora_rag/lora_rag_project_test100_v1/lora_rag_project_test100_blind_review.pre_ai_import.xlsx,KEEP_REPRODUCIBILITY,原始输出、人工标签、环境、hash、manifest及数据审核证据,FROZEN_EVIDENCE,221040,False,2,reports/generation/lora_rag/lora_rag_project_test100_v1/final_review_manifest.json | reports/generation/lora_rag/lora_rag_project_test100_v1/final_test_manifest.json,17dd8ed253455072d59a082d202b586dcdcb7a22166d82e50aa1ad6e8f027a12,NONE; preserve original path if referenced by frozen manifest
reports/generation/lora_rag/lora_rag_project_test100_v1/lora_rag_project_test100_blind_review.user_completed.xlsx,KEEP_REPRODUCIBILITY,原始输出、人工标签、环境、hash、manifest及数据审核证据,FROZEN_EVIDENCE,240588,False,2,reports/generation/lora_rag/lora_rag_project_test100_v1/final_review_manifest.json | reports/generation/lora_rag/lora_rag_project_test100_v1/final_test_manifest.json,8ab13b7d90f94918b60d7fd697fe1b3cec275650c95466c1b7beb42de0254d49,NONE; preserve original path if referenced by frozen manifest
reports/generation/lora_rag/lora_rag_project_test100_v1/lora_rag_project_test100_blind_review.xlsx,KEEP_REPRODUCIBILITY,原始输出、人工标签、环境、hash、manifest及数据审核证据,FROZEN_EVIDENCE,241966,False,3,reports/generation/lora_rag/lora_rag_project_test100_v1/automatic_phase_manifest.json | reports/generation/lora_rag/lora_rag_project_test100_v1/final_review_manifest.json | reports/generation/lora_rag/lora_rag_project_test100_v1/final_test_manifest.json,1c683a12eb14a82542d4d7707ff2a392ee06e65c65554f3a267483a204d88b9c,NONE; preserve original path if referenced by frozen manifest
reports/generation/lora_rag/lora_rag_project_test100_v1/protocol_manifest.json,KEEP_REPRODUCIBILITY,原始输出、人工标签、环境、hash、manifest及数据审核证据,FROZEN_EVIDENCE,151420,False,4,reports/generation/lora_rag/lora_rag_project_test100_v1/automatic_phase_manifest.json | reports/generation/lora_rag/lora_rag_project_test100_v1/final_review_manifest.json | reports/generation/lora_rag/lora_rag_project_test100_v1/final_test_manifest.json | reports/generation/lora_rag/lora_rag_project_test100_v1/review_manifest.json,83e7d519c1d84baad0e2417f6300064b90264862ed0045ca19623403bb691e70,NONE; preserve original path if referenced by frozen manifest
reports/generation/lora_rag/lora_rag_project_test100_v1/review_manifest.json,KEEP_REPRODUCIBILITY,原始输出、人工标签、环境、hash、manifest及数据审核证据,FROZEN_EVIDENCE,3739,False,3,reports/generation/lora_rag/lora_rag_project_test100_v1/automatic_phase_manifest.json | reports/generation/lora_rag/lora_rag_project_test100_v1/final_review_manifest.json | reports/generation/lora_rag/lora_rag_project_test100_v1/final_test_manifest.json,151e595b59bef1d6986d6270dc22e480252c7e8a0e88e169adfb68c839f6c466,NONE; preserve original path if referenced by frozen manifest
reports/generation/lora_rag/lora_rag_project_test100_v1/sample_ids.json,KEEP_REPRODUCIBILITY,原始输出、人工标签、环境、hash、manifest及数据审核证据,FROZEN_EVIDENCE,2215,False,5,reports/generation/lora_rag/lora_rag_project_test100_v1/automatic_phase_manifest.json | reports/generation/lora_rag/lora_rag_project_test100_v1/final_review_manifest.json | reports/generation/lora_rag/lora_rag_project_test100_v1/final_test_manifest.json | reports/generation/lora_rag/lora_rag_project_test100_v1/protocol_manifest.json | reports/generation/lora_rag/lora_rag_project_test100_v1/review_manifest.json,f7d4787f9fb095eda5b73d93ed33103d10f3b0e2b128b8f9bca39b5f913eca8f,NONE; preserve original path if referenced by frozen manifest
reports/generation/lora_rag/lora_rag_project_test100_v1/test100_fact_units.jsonl,KEEP_REPRODUCIBILITY,原始输出、人工标签、环境、hash、manifest及数据审核证据,FROZEN_EVIDENCE,1119931,False,5,reports/generation/lora_rag/lora_rag_project_test100_v1/automatic_phase_manifest.json | reports/generation/lora_rag/lora_rag_project_test100_v1/final_review_manifest.json | reports/generation/lora_rag/lora_rag_project_test100_v1/final_test_manifest.json | reports/generation/lora_rag/lora_rag_project_test100_v1/protocol_manifest.json | reports/generation/lora_rag/lora_rag_project_test100_v1/review_manifest.json,b2a0e363694760eafcaeb5d344ac2b0149e393c5e1b00db7a57aa867dc1a74e4,NONE; preserve original path if referenced by frozen manifest
reports/generation/lora_rag/lora_rag_v2_development24_v1/ai_review_amendments_v1.json,ARCHIVE,开发/工程/人工诊断历史材料；只逻辑归档，不能破坏已有manifest,EXPERIMENT,2525,False,1,reports/generation/lora_rag/lora_rag_v2_development24_v1/final_review_manifest.json,020edf387649b5d4ef0ed8bb3e0db1d4999106cd46a44926a9fde232d356898a,NONE; preserve original path if referenced by frozen manifest
reports/generation/lora_rag/lora_rag_v2_development24_v1/ai_review_import_manifest_v1.json,ARCHIVE,开发/工程/人工诊断历史材料；只逻辑归档，不能破坏已有manifest,EXPERIMENT,15689,False,1,reports/generation/lora_rag/lora_rag_v2_development24_v1/final_review_manifest.json,6cde1e34d7e76d827979cf3e7c278535ae4bc8b4e6c075e48cecd6f06693e4a8,NONE; preserve original path if referenced by frozen manifest
reports/generation/lora_rag/lora_rag_v2_development24_v1/automatic_diagnostics.json,ARCHIVE,开发/工程/人工诊断历史材料；只逻辑归档，不能破坏已有manifest,EXPERIMENT,45328,False,3,reports/generation/lora_rag/lora_rag_v2_development24_v1/automatic_phase_manifest.json | reports/generation/lora_rag/lora_rag_v2_development24_v1/final_review_manifest.json | reports/generation/lora_rag/lora_rag_v2_development24_v1/review_manifest.json,dce90990670978ccf02f5817d2a093d4abfd106b68f4d2b34fb5ef446e2ddf40,NONE; preserve original path if referenced by frozen manifest
reports/generation/lora_rag/lora_rag_v2_development24_v1/automatic_phase_manifest.json,ARCHIVE,开发/工程/人工诊断历史材料；只逻辑归档，不能破坏已有manifest,EXPERIMENT,4018,False,1,reports/generation/lora_rag/lora_rag_v2_development24_v1/final_review_manifest.json,e3dbe471b427d00fc8ff66feaaa969794fbe4add81df3587b4418f8f257e9b93,NONE; preserve original path if referenced by frozen manifest
reports/generation/lora_rag/lora_rag_v2_development24_v1/automatic_summary.json,ARCHIVE,开发/工程/人工诊断历史材料；只逻辑归档，不能破坏已有manifest,EXPERIMENT,6470,False,3,reports/generation/lora_rag/lora_rag_v2_development24_v1/automatic_phase_manifest.json | reports/generation/lora_rag/lora_rag_v2_development24_v1/final_review_manifest.json | reports/generation/lora_rag/lora_rag_v2_development24_v1/review_manifest.json,a2d3767311942ba6bf7ded98002a5d7436ffdd42439bd0cbea20366e84bf47e4,NONE; preserve original path if referenced by frozen manifest
reports/generation/lora_rag/lora_rag_v2_development24_v1/blind_mapping.json,ARCHIVE,开发/工程/人工诊断历史材料；只逻辑归档，不能破坏已有manifest,EXPERIMENT,3188,False,6,reports/generation/lora_rag/lora_rag_project_test100_v1/final_review_manifest.json | reports/generation/lora_rag/lora_rag_project_test100_v1/protocol_manifest.json | reports/generation/lora_rag/lora_rag_v2_development24_v1/automatic_phase_manifest.json | reports/generation/lora_rag/lora_rag_v2_development24_v1/final_review_manifest.json | reports/generation/lora_rag/lora_rag_v2_development24_v1/protocol_manifest.json | reports/generation/lora_rag/lora_rag_v2_development24_v1/review_manifest.json,8c5b7e3d333ac165a60e434c15bef8fb0c853d6f9e22a739e49ba0d4c2bb66fd,NONE; preserve original path if referenced by frozen manifest
reports/generation/lora_rag/lora_rag_v2_development24_v1/blind_summary.json,ARCHIVE,开发/工程/人工诊断历史材料；只逻辑归档，不能破坏已有manifest,EXPERIMENT,543,False,1,reports/generation/lora_rag/lora_rag_v2_development24_v1/final_review_manifest.json,73aead59241e6bcdf0003d0066732ff2fafce9f3f7b4bf11c255599e72634f10,NONE; preserve original path if referenced by frozen manifest
reports/generation/lora_rag/lora_rag_v2_development24_v1/checksums.sha256,ARCHIVE,开发/工程/人工诊断历史材料；只逻辑归档，不能破坏已有manifest,EXPERIMENT,2675,False,1,reports/generation/lora_rag/lora_rag_v2_development24_v1/final_review_manifest.json,917afe4877e0dfcb66c3e049bbb09dcb144ed4852a82c357e6b4e03001329e97,NONE; preserve original path if referenced by frozen manifest
reports/generation/lora_rag/lora_rag_v2_development24_v1/control_product_outputs.jsonl,ARCHIVE,开发/工程/人工诊断历史材料；只逻辑归档，不能破坏已有manifest,EXPERIMENT,99845,False,6,reports/generation/lora_rag/lora_rag_project_test100_v1/final_review_manifest.json | reports/generation/lora_rag/lora_rag_project_test100_v1/protocol_manifest.json | reports/generation/lora_rag/lora_rag_v2_development24_v1/automatic_phase_manifest.json | reports/generation/lora_rag/lora_rag_v2_development24_v1/final_review_manifest.json | reports/generation/lora_rag/lora_rag_v2_development24_v1/protocol_manifest.json | reports/generation/lora_rag/lora_rag_v2_development24_v1/review_manifest.json,144daf5ee7a3389ab618b7a7e53f586993ceda6150f4aded5b9924b8cbe9619f,NONE; preserve original path if referenced by frozen manifest
reports/generation/lora_rag/lora_rag_v2_development24_v1/environment_freeze.txt,ARCHIVE,开发/工程/人工诊断历史材料；只逻辑归档，不能破坏已有manifest,EXPERIMENT,702,False,6,reports/generation/lora_rag/lora_rag_project_test100_v1/final_review_manifest.json | reports/generation/lora_rag/lora_rag_project_test100_v1/protocol_manifest.json | reports/generation/lora_rag/lora_rag_v2_development24_v1/automatic_phase_manifest.json | reports/generation/lora_rag/lora_rag_v2_development24_v1/final_review_manifest.json | reports/generation/lora_rag/lora_rag_v2_development24_v1/protocol_manifest.json | reports/generation/lora_rag/lora_rag_v2_development24_v1/review_manifest.json,5596644df337a7bd02ff4d4439074d1c61c409606cf1c83e4b1e351c3d1d5990,NONE; preserve original path if referenced by frozen manifest
reports/generation/lora_rag/lora_rag_v2_development24_v1/final_review_checksums.sha256,ARCHIVE,开发/工程/人工诊断历史材料；只逻辑归档，不能破坏已有manifest,EXPERIMENT,9596,False,0,,9b6ade29fa1bf51ac7f244948d397d900448cdbf08a962f59ca3ff7a393d98ed,NONE; preserve original path if referenced by frozen manifest
reports/generation/lora_rag/lora_rag_v2_development24_v1/final_review_manifest.json,ARCHIVE,开发/工程/人工诊断历史材料；只逻辑归档，不能破坏已有manifest,EXPERIMENT,14057,False,0,,a73402e2b0c03accb16edfa3c7da604cadd2aa71ff55925505bb5f9907d7e220,NONE; preserve original path if referenced by frozen manifest
reports/generation/lora_rag/lora_rag_v2_development24_v1/final_review_report.md,ARCHIVE,开发/工程/人工诊断历史材料；只逻辑归档，不能破坏已有manifest,EXPERIMENT,4067,False,1,reports/generation/lora_rag/lora_rag_v2_development24_v1/final_review_manifest.json,04fe25ee25ef9fa019d95ed509adccd7a6b55d664352d18cc96c3fd445cb13a5,NONE; preserve original path if referenced by frozen manifest
reports/generation/lora_rag/lora_rag_v2_development24_v1/frozen_inputs.jsonl,ARCHIVE,开发/工程/人工诊断历史材料；只逻辑归档，不能破坏已有manifest,EXPERIMENT,543517,False,6,reports/generation/lora_rag/lora_rag_project_test100_v1/final_review_manifest.json | reports/generation/lora_rag/lora_rag_project_test100_v1/protocol_manifest.json | reports/generation/lora_rag/lora_rag_v2_development24_v1/automatic_phase_manifest.json | reports/generation/lora_rag/lora_rag_v2_development24_v1/final_review_manifest.json | reports/generation/lora_rag/lora_rag_v2_development24_v1/protocol_manifest.json | reports/generation/lora_rag/lora_rag_v2_development24_v1/review_manifest.json,6e1985b830d52bae94bfe7e1dcaf7e45719505ebc9979ec7563e3d77e9948b23,NONE; preserve original path if referenced by frozen manifest
reports/generation/lora_rag/lora_rag_v2_development24_v1/human_diagnostic_cases.json,ARCHIVE,开发/工程/人工诊断历史材料；只逻辑归档，不能破坏已有manifest,EXPERIMENT,4438,False,1,reports/generation/lora_rag/lora_rag_v2_development24_v1/final_review_manifest.json,28444a4d836287aa78870fee020b1cb55775720cbe459925ab56054592e741c5,NONE; preserve original path if referenced by frozen manifest
reports/generation/lora_rag/lora_rag_v2_development24_v1/human_metrics_unblinded.json,ARCHIVE,开发/工程/人工诊断历史材料；只逻辑归档，不能破坏已有manifest,EXPERIMENT,7121,False,1,reports/generation/lora_rag/lora_rag_v2_development24_v1/final_review_manifest.json,d3b1cb6631ddd952cda9dad6379da4625795aaa907e25433c9049c25bf935a08,NONE; preserve original path if referenced by frozen manifest
reports/generation/lora_rag/lora_rag_v2_development24_v1/human_review_confirmation_record.json,ARCHIVE,开发/工程/人工诊断历史材料；只逻辑归档，不能破坏已有manifest,EXPERIMENT,1225,False,1,reports/generation/lora_rag/lora_rag_v2_development24_v1/final_review_manifest.json,52b5d013b306d08b94da00a97b4bfff1a6c8c28ea13c6029952509b214bf730b,NONE; preserve original path if referenced by frozen manifest
reports/generation/lora_rag/lora_rag_v2_development24_v1/human_review_final.csv,ARCHIVE,开发/工程/人工诊断历史材料；只逻辑归档，不能破坏已有manifest,EXPERIMENT,7358,False,1,reports/generation/lora_rag/lora_rag_v2_development24_v1/final_review_manifest.json,42171f910c76e0e53ebc1747850668a95bb0318dd2a0e681212ed67081e88596,NONE; preserve original path if referenced by frozen manifest
reports/generation/lora_rag/lora_rag_v2_development24_v1/inference_config.json,ARCHIVE,开发/工程/人工诊断历史材料；只逻辑归档，不能破坏已有manifest,EXPERIMENT,4463,False,6,reports/generation/lora_rag/lora_rag_project_test100_v1/final_review_manifest.json | reports/generation/lora_rag/lora_rag_project_test100_v1/protocol_manifest.json | reports/generation/lora_rag/lora_rag_v2_development24_v1/automatic_phase_manifest.json | reports/generation/lora_rag/lora_rag_v2_development24_v1/final_review_manifest.json | reports/generation/lora_rag/lora_rag_v2_development24_v1/protocol_manifest.json | reports/generation/lora_rag/lora_rag_v2_development24_v1/review_manifest.json,6b610516cc8ec68aadfc9b9d355c7aa6afa2237b2f0e77f530aff47d76aa59b0,NONE; preserve original path if referenced by frozen manifest
reports/generation/lora_rag/lora_rag_v2_development24_v1/lora_rag/product_outputs.jsonl,ARCHIVE,开发/工程/人工诊断历史材料；只逻辑归档，不能破坏已有manifest,EXPERIMENT,120698,False,3,reports/generation/lora_rag/lora_rag_v2_development24_v1/automatic_phase_manifest.json | reports/generation/lora_rag/lora_rag_v2_development24_v1/final_review_manifest.json | reports/generation/lora_rag/lora_rag_v2_development24_v1/review_manifest.json,abeae6d881a270a4605bf22b89ab4f8d0a0da5abf59750434ad83b47b5c1d8a3,NONE; preserve original path if referenced by frozen manifest
reports/generation/lora_rag/lora_rag_v2_development24_v1/lora_rag/run_report.json,ARCHIVE,开发/工程/人工诊断历史材料；只逻辑归档，不能破坏已有manifest,EXPERIMENT,721,False,3,reports/generation/lora_rag/lora_rag_v2_development24_v1/automatic_phase_manifest.json | reports/generation/lora_rag/lora_rag_v2_development24_v1/final_review_manifest.json | reports/generation/lora_rag/lora_rag_v2_development24_v1/review_manifest.json,2fe37c90464d5aa1ef183a456d1789d7f33eb2a65dd7e726baccb4cdc241cbb0,NONE; preserve original path if referenced by frozen manifest
reports/generation/lora_rag/lora_rag_v2_development24_v1/lora_rag/task_outputs.jsonl,ARCHIVE,开发/工程/人工诊断历史材料；只逻辑归档，不能破坏已有manifest,EXPERIMENT,94796,False,3,reports/generation/lora_rag/lora_rag_v2_development24_v1/automatic_phase_manifest.json | reports/generation/lora_rag/lora_rag_v2_development24_v1/final_review_manifest.json | reports/generation/lora_rag/lora_rag_v2_development24_v1/review_manifest.json,ff8a8de46c21491b95e48965a41f2a3d2aa15d30a011fd06476a80213815f634,NONE; preserve original path if referenced by frozen manifest
reports/generation/lora_rag/lora_rag_v2_development24_v1/lora_rag_development24_blind_review.chatgpt_rechecked_source.xlsx,ARCHIVE,开发/工程/人工诊断历史材料；只逻辑归档，不能破坏已有manifest,EXPERIMENT,46495,False,1,reports/generation/lora_rag/lora_rag_v2_development24_v1/final_review_manifest.json,aab47c87e8c7285f7a800178f1ec216b0b135474a01ff6af7d06f42bd00c414e,NONE; preserve original path if referenced by frozen manifest
reports/generation/lora_rag/lora_rag_v2_development24_v1/lora_rag_development24_blind_review.pre_ai_import.xlsx,ARCHIVE,开发/工程/人工诊断历史材料；只逻辑归档，不能破坏已有manifest,EXPERIMENT,60572,False,1,reports/generation/lora_rag/lora_rag_v2_development24_v1/final_review_manifest.json,1bb484f09af31128f91727122c1d9d216503f7ed9966baaa473eacb659d2a904,NONE; preserve original path if referenced by frozen manifest
reports/generation/lora_rag/lora_rag_v2_development24_v1/lora_rag_development24_blind_review.user_completed.xlsx,ARCHIVE,开发/工程/人工诊断历史材料；只逻辑归档，不能破坏已有manifest,EXPERIMENT,68293,False,1,reports/generation/lora_rag/lora_rag_v2_development24_v1/final_review_manifest.json,7512f1d08ea02159ae3ad114b97ae4349381f04caf9e8b52bf282fbf196f3174,NONE; preserve original path if referenced by frozen manifest
reports/generation/lora_rag/lora_rag_v2_development24_v1/lora_rag_development24_blind_review.xlsx,ARCHIVE,开发/工程/人工诊断历史材料；只逻辑归档，不能破坏已有manifest,EXPERIMENT,64652,False,2,reports/generation/lora_rag/lora_rag_v2_development24_v1/automatic_phase_manifest.json | reports/generation/lora_rag/lora_rag_v2_development24_v1/final_review_manifest.json,706fbab833b71fb733b266f49df097c758af2b71a0466d6cd903a155d3b77356,NONE; preserve original path if referenced by frozen manifest
reports/generation/lora_rag/lora_rag_v2_development24_v1/phase_report.md,ARCHIVE,开发/工程/人工诊断历史材料；只逻辑归档，不能破坏已有manifest,EXPERIMENT,2059,False,3,reports/generation/lora_rag/lora_rag_v2_development24_v1/automatic_phase_manifest.json | reports/generation/lora_rag/lora_rag_v2_development24_v1/final_review_manifest.json | reports/generation/lora_rag/lora_rag_v2_development24_v1/review_manifest.json,48ba6985ef0e31f532e8a08dd15c4565f7ff9b3b3648835ae88c9b86ffac31f5,NONE; preserve original path if referenced by frozen manifest
reports/generation/lora_rag/lora_rag_v2_development24_v1/protocol_manifest.json,ARCHIVE,开发/工程/人工诊断历史材料；只逻辑归档，不能破坏已有manifest,EXPERIMENT,143583,False,5,reports/generation/lora_rag/lora_rag_project_test100_v1/final_review_manifest.json | reports/generation/lora_rag/lora_rag_project_test100_v1/protocol_manifest.json | reports/generation/lora_rag/lora_rag_v2_development24_v1/automatic_phase_manifest.json | reports/generation/lora_rag/lora_rag_v2_development24_v1/final_review_manifest.json | reports/generation/lora_rag/lora_rag_v2_development24_v1/review_manifest.json,17d573d3bddc8fa564075abc14dcd94a2530a4300e30c09b642874a34addedc7,NONE; preserve original path if referenced by frozen manifest
reports/generation/lora_rag/lora_rag_v2_development24_v1/review_manifest.json,ARCHIVE,开发/工程/人工诊断历史材料；只逻辑归档，不能破坏已有manifest,EXPERIMENT,3510,False,2,reports/generation/lora_rag/lora_rag_v2_development24_v1/automatic_phase_manifest.json | reports/generation/lora_rag/lora_rag_v2_development24_v1/final_review_manifest.json,72194594058d5bb3a7b22494c49da601a9622dd16e2a7a59f228f2300d759e18,NONE; preserve original path if referenced by frozen manifest
reports/generation/lora_rag/lora_rag_v2_development24_v1/sample_ids.json,ARCHIVE,开发/工程/人工诊断历史材料；只逻辑归档，不能破坏已有manifest,EXPERIMENT,929,False,6,reports/generation/lora_rag/lora_rag_project_test100_v1/final_review_manifest.json | reports/generation/lora_rag/lora_rag_project_test100_v1/protocol_manifest.json | reports/generation/lora_rag/lora_rag_v2_development24_v1/automatic_phase_manifest.json | reports/generation/lora_rag/lora_rag_v2_development24_v1/final_review_manifest.json | reports/generation/lora_rag/lora_rag_v2_development24_v1/protocol_manifest.json | reports/generation/lora_rag/lora_rag_v2_development24_v1/review_manifest.json,0c875f0677cc78a1127d40c7bbf716d2d3094967af7387c78141a948ce0fa9a0,NONE; preserve original path if referenced by frozen manifest
reports/generation/lora_rag/lora_rag_v2_development24_v1/smoke8/product_outputs.jsonl,ARCHIVE,开发/工程/人工诊断历史材料；只逻辑归档，不能破坏已有manifest,EXPERIMENT,40125,False,3,reports/generation/lora_rag/lora_rag_v2_development24_v1/automatic_phase_manifest.json | reports/generation/lora_rag/lora_rag_v2_development24_v1/final_review_manifest.json | reports/generation/lora_rag/lora_rag_v2_development24_v1/review_manifest.json,10a2fbf38f701dc0c2ee7a42916404aa3044cb7b9dfd700940f28cda944a0560,NONE; preserve original path if referenced by frozen manifest
reports/generation/lora_rag/lora_rag_v2_development24_v1/smoke8/run_report.json,ARCHIVE,开发/工程/人工诊断历史材料；只逻辑归档，不能破坏已有manifest,EXPERIMENT,721,False,3,reports/generation/lora_rag/lora_rag_v2_development24_v1/automatic_phase_manifest.json | reports/generation/lora_rag/lora_rag_v2_development24_v1/final_review_manifest.json | reports/generation/lora_rag/lora_rag_v2_development24_v1/review_manifest.json,063e51dfaf172805eb8fd52178cb192065559f7bdb60585afabbe869247003ed,NONE; preserve original path if referenced by frozen manifest
reports/generation/lora_rag/lora_rag_v2_development24_v1/smoke8/task_outputs.jsonl,ARCHIVE,开发/工程/人工诊断历史材料；只逻辑归档，不能破坏已有manifest,EXPERIMENT,31544,False,3,reports/generation/lora_rag/lora_rag_v2_development24_v1/automatic_phase_manifest.json | reports/generation/lora_rag/lora_rag_v2_development24_v1/final_review_manifest.json | reports/generation/lora_rag/lora_rag_v2_development24_v1/review_manifest.json,9b743869855ba44c329f235dcbe3be51884789b82a3e91801ab91f665cb33880,NONE; preserve original path if referenced by frozen manifest
reports/generation/rag/formal_rag_v1_test100_final_review.csv,KEEP_REPRODUCIBILITY,原始输出、人工标签、环境、hash、manifest及数据审核证据,FROZEN_EVIDENCE,103325,True,1,reports/generation/rag/formal_rag_v1_test100_final_review_manifest.json,bd3aaaf4485b3cf69fc5bfda8b6ebe25d9a4104647c29343c8990fd93042d036,NONE; preserve original path if referenced by frozen manifest
reports/generation/rag/formal_rag_v1_test100_final_review_changes.csv,KEEP_REPRODUCIBILITY,原始输出、人工标签、环境、hash、manifest及数据审核证据,FROZEN_EVIDENCE,69838,True,1,reports/generation/rag/formal_rag_v1_test100_final_review_manifest.json,6d292d64faf38102c009efdcab5586ba9ad1b904d7cf1c161aa922856986c584,NONE; preserve original path if referenced by frozen manifest
reports/generation/rag/formal_rag_v1_test100_final_review_manifest.json,KEEP_REPRODUCIBILITY,原始输出、人工标签、环境、hash、manifest及数据审核证据,FROZEN_EVIDENCE,4473,True,0,,1aadfaaef809aa1e33e3ba901889f783f90f414f7ddd23d78de4004cfb692d86,NONE; preserve original path if referenced by frozen manifest
reports/generation/rag/formal_rag_v1_test100_human_review.csv,KEEP_REPRODUCIBILITY,原始输出、人工标签、环境、hash、manifest及数据审核证据,FROZEN_EVIDENCE,92582,True,1,reports/generation/rag/formal_rag_v1_test100_final_review_manifest.json,58c37006e7720cc8fef6ab8806281136695587c88722d264a66673bfb9551eb6,NONE; preserve original path if referenced by frozen manifest
reports/generation/rag/formal_rag_v1_test100_metrics.json,KEEP_FINAL,正式指标/索引清单；不同评审语境不覆盖彼此,FINAL,1792,True,1,reports/generation/rag/formal_rag_v1_test100_final_review_manifest.json,80f6dbc6b0edbfb12e0a8da66f35e0e4dbb6e627c3bc78a46606e11c1ab170fe,NONE; preserve original path if referenced by frozen manifest
reports/generation/rag/formal_rag_v1_test100_outputs.json,KEEP_REPRODUCIBILITY,原始输出、人工标签、环境、hash、manifest及数据审核证据,FROZEN_EVIDENCE,1765004,True,1,reports/generation/rag/formal_rag_v1_test100_final_review_manifest.json,36edf46d4a4db42254713a823265a36937439860e3c3593dad86a37976bbc298,NONE; preserve original path if referenced by frozen manifest
reports/generation/rag/formal_rag_v1_test100_report.md,KEEP_FINAL,交付应展示的正式结论或终止阶段总结,FINAL,3868,True,1,reports/generation/rag/formal_rag_v1_test100_final_review_manifest.json,452cb4408c3ea625274b417bdf05585c52a469e7fd2770ad48aafd8f389a5b32,NONE; preserve original path if referenced by frozen manifest
reports/generation/rag/formal_rag_v1_test100_secondary_review.csv,KEEP_REPRODUCIBILITY,原始输出、人工标签、环境、hash、manifest及数据审核证据,FROZEN_EVIDENCE,289745,True,1,reports/generation/rag/formal_rag_v1_test100_final_review_manifest.json,76bcfe2f9cf1a4b9276f10f7fb46bef10738accf79b22d5bd9de37082138e362,NONE; preserve original path if referenced by frozen manifest
reports/generation/rag/formal_rag_v1_test100_secondary_review_changes.csv,KEEP_REPRODUCIBILITY,原始输出、人工标签、环境、hash、manifest及数据审核证据,FROZEN_EVIDENCE,50201,True,1,reports/generation/rag/formal_rag_v1_test100_final_review_manifest.json,3e176159f2b35780bb19a0374c2ad1cb489ff593e33b75336471e3d1d545345a,NONE; preserve original path if referenced by frozen manifest
reports/generation/rag/formal_rag_v1_test100_secondary_review_summary.md,KEEP_REPRODUCIBILITY,原始输出、人工标签、环境、hash、manifest及数据审核证据,FROZEN_EVIDENCE,3177,True,0,,658de39dd2a49ad8a15b266beff6f79e2cc0d4c48da68805f52b18b11167871a,NONE; preserve original path if referenced by frozen manifest
reports/generation/rag/formal_rag_v1_test100_validator.json,KEEP_REPRODUCIBILITY,原始输出、人工标签、环境、hash、manifest及数据审核证据,FROZEN_EVIDENCE,74468,True,1,reports/generation/rag/formal_rag_v1_test100_final_review_manifest.json,2c83d36d5da7b3bd7fd0f6e96e3c405e53e9169a94f237ee5930a9be92339d36,NONE; preserve original path if referenced by frozen manifest
reports/generation/rag/rag_v1_formal_manifest.json,KEEP_REPRODUCIBILITY,原始输出、人工标签、环境、hash、manifest及数据审核证据,FROZEN_EVIDENCE,16003,True,0,,6433d7f0caec8be9e803566d8ade6275d1f3a6832406134ef70d3601d7bea16c,NONE; preserve original path if referenced by frozen manifest
reports/generation/rag/rag_v2_generation_output_holdout_v1.json,KEEP_REPRODUCIBILITY,冻结且未执行的generation-output holdout；仅登记文件元数据，不打开内容,FROZEN,5218,True,2,reports/generation/rag/rag_v2_p25_checkpoint_manifest_v1.json | reports/generation/rag/rag_v2_p2_phase_archive_v1.json,,NONE; preserve original path if referenced by frozen manifest
reports/generation/rag/rag_v2_p25_checkpoint_manifest_v1.json,ARCHIVE,开发/工程/人工诊断历史材料；只逻辑归档，不能破坏已有manifest,EXPERIMENT,4927,True,1,reports/generation/rag/rag_v2_p2_phase_archive_v1.json,fd48b5b1670b257916904fe0206ddefb185d9c70d630be1dcea77309cb8562d8,NONE; preserve original path if referenced by frozen manifest
reports/generation/rag/rag_v2_p25_development24_human_review.csv,ARCHIVE,开发/工程/人工诊断历史材料；只逻辑归档，不能破坏已有manifest,EXPERIMENT,9343,True,2,reports/generation/rag/rag_v2_p25_checkpoint_manifest_v1.json | reports/generation/rag/rag_v2_p2_phase_archive_v1.json,46046077171e0fb4071300a45dc3633e94cd174aa50a5798636f219b2f8eefcf,NONE; preserve original path if referenced by frozen manifest
reports/generation/rag/rag_v2_p25_development24_report.md,ARCHIVE,开发/工程/人工诊断历史材料；只逻辑归档，不能破坏已有manifest,EXPERIMENT,6771,True,2,reports/generation/rag/rag_v2_p25_checkpoint_manifest_v1.json | reports/generation/rag/rag_v2_p2_phase_archive_v1.json,da41e9383132675b59719a96bebb7740b61cb911b5fc8a5a8edd599fa96db629,NONE; preserve original path if referenced by frozen manifest
reports/generation/rag/rag_v2_p25_development24_review_workbook.xlsx,ARCHIVE,开发/工程/人工诊断历史材料；只逻辑归档，不能破坏已有manifest,EXPERIMENT,29921,True,2,reports/generation/rag/rag_v2_p25_checkpoint_manifest_v1.json | reports/generation/rag/rag_v2_p2_phase_archive_v1.json,55b61664955fce7a03a298dfca964e6abdb76e4971acbd191ef5d8965ff06be9,NONE; preserve original path if referenced by frozen manifest
reports/generation/rag/rag_v2_p26_controlled_factual_human_review.csv,ARCHIVE,开发/工程/人工诊断历史材料；只逻辑归档，不能破坏已有manifest,EXPERIMENT,4120,True,1,reports/generation/rag/rag_v2_p2_phase_archive_v1.json,2da6ab82337675e80082f08d45d40be425a63a73d73ccfa67df3cb9963a0df94,NONE; preserve original path if referenced by frozen manifest
reports/generation/rag/rag_v2_p26_development24.json,ARCHIVE,开发/工程/人工诊断历史材料；只逻辑归档，不能破坏已有manifest,EXPERIMENT,1091518,True,1,reports/generation/rag/rag_v2_p2_phase_archive_v1.json,58249a239eb4bc95e61c79678f8721934e36003a1144957a508cf34b0b1ef115,NONE; preserve original path if referenced by frozen manifest
reports/generation/rag/rag_v2_p26_report.md,ARCHIVE,开发/工程/人工诊断历史材料；只逻辑归档，不能破坏已有manifest,EXPERIMENT,4708,True,1,reports/generation/rag/rag_v2_p2_phase_archive_v1.json,8a2ecb47379ff66456e26dc28638a8636a705da89da6a1217aeeecd11c88f62c,NONE; preserve original path if referenced by frozen manifest
reports/generation/rag/rag_v2_p26_smoke8.json,ARCHIVE,开发/工程/人工诊断历史材料；只逻辑归档，不能破坏已有manifest,EXPERIMENT,361139,True,1,reports/generation/rag/rag_v2_p2_phase_archive_v1.json,41a84b46bb71ece3a81f8314cf265e3725814e204eaec15dc220a27758d627f5,NONE; preserve original path if referenced by frozen manifest
reports/generation/rag/rag_v2_p26_summary_v1.json,ARCHIVE,开发/工程/人工诊断历史材料；只逻辑归档，不能破坏已有manifest,EXPERIMENT,5897,True,1,reports/generation/rag/rag_v2_p2_phase_archive_v1.json,04b3587e7bf0f5148a5d1349142c84415c85ae606248965c811a13b033a5ad4f,NONE; preserve original path if referenced by frozen manifest
reports/generation/rag/rag_v2_p2_development24.json,ARCHIVE,开发/工程/人工诊断历史材料；只逻辑归档，不能破坏已有manifest,EXPERIMENT,1666410,True,6,reports/generation/lora_rag/lora_rag_project_test100_v1/final_review_manifest.json | reports/generation/lora_rag/lora_rag_project_test100_v1/protocol_manifest.json | reports/generation/lora_rag/lora_rag_v2_development24_v1/final_review_manifest.json | reports/generation/lora_rag/lora_rag_v2_development24_v1/protocol_manifest.json | reports/generation/rag/rag_v2_p25_checkpoint_manifest_v1.json | reports/generation/rag/rag_v2_p2_phase_archive_v1.json,78accdb37ae70916559368d32ebff439ed8f35f7998cba3d43249787eb50a8c0,NONE; preserve original path if referenced by frozen manifest
reports/generation/rag/rag_v2_p2_phase_archive_checksums.sha256,KEEP_REPRODUCIBILITY,原始输出、人工标签、环境、hash、manifest及数据审核证据,FROZEN_EVIDENCE,237,True,0,,5cae2d6df96ad965915d796f5a39d6d33934d190207c6d691998168b6f20c0f0,NONE; preserve original path if referenced by frozen manifest
reports/generation/rag/rag_v2_p2_phase_archive_v1.json,KEEP_REPRODUCIBILITY,原始输出、人工标签、环境、hash、manifest及数据审核证据,FROZEN_EVIDENCE,11485,True,0,,63a754089c3f17225c2268859692e970636e58ee1949d24ad500e77b155acd5c,NONE; preserve original path if referenced by frozen manifest
reports/generation/rag/rag_v2_p2_phase_summary.md,KEEP_FINAL,原RAG v2未晋级的最终阶段结论，交付应明确展示,FINAL,9059,True,0,,ff83e109c79dd8688ec21c736b684d3b459c08b29294431d02482ec9dba676d4,NONE; preserve original path if referenced by frozen manifest
reports/generation/rag/rag_v2_p2_smoke8.json,ARCHIVE,开发/工程/人工诊断历史材料；只逻辑归档，不能破坏已有manifest,EXPERIMENT,558976,True,2,reports/generation/rag/rag_v2_p25_checkpoint_manifest_v1.json | reports/generation/rag/rag_v2_p2_phase_archive_v1.json,d27b447be2ac6efdc3af892cb2bd2e79c506df485d17fd447febca4ad994ac93,NONE; preserve original path if referenced by frozen manifest
reports/generation/rag/rag_v2_p2_smoke8_candidate2.json,ARCHIVE,开发/工程/人工诊断历史材料；只逻辑归档，不能破坏已有manifest,EXPERIMENT,545541,True,2,reports/generation/rag/rag_v2_p25_checkpoint_manifest_v1.json | reports/generation/rag/rag_v2_p2_phase_archive_v1.json,781c6f678ae4b4469f10e10a6511ee03500ee1fdc6c81edeffe423b64ce4c6ac,NONE; preserve original path if referenced by frozen manifest
reports/generation/rag/rag_v2_p2_smoke8_candidate3.json,ARCHIVE,开发/工程/人工诊断历史材料；只逻辑归档，不能破坏已有manifest,EXPERIMENT,539077,True,2,reports/generation/rag/rag_v2_p25_checkpoint_manifest_v1.json | reports/generation/rag/rag_v2_p2_phase_archive_v1.json,f94a4bbed472398349e17718d42eeafad4d19a787a3ceef97eae9f34e8d436a4,NONE; preserve original path if referenced by frozen manifest
reports/generation/rag/rag_v2_p2_summary_v1.json,KEEP_REPRODUCIBILITY,原始输出、人工标签、环境、hash、manifest及数据审核证据,FROZEN_EVIDENCE,7443,True,2,reports/generation/rag/rag_v2_p25_checkpoint_manifest_v1.json | reports/generation/rag/rag_v2_p2_phase_archive_v1.json,23236372e5248438a23548d1c115ce1b8d0f5300acaeaaf8b50ed4a37d08010c,NONE; preserve original path if referenced by frozen manifest
reports/generation/rag/rag_v2_static_audit_v1.json,KEEP_REPRODUCIBILITY,原始输出、人工标签、环境、hash、manifest及数据审核证据,FROZEN_EVIDENCE,7529,True,2,reports/generation/rag/rag_v2_p25_checkpoint_manifest_v1.json | reports/generation/rag/rag_v2_p2_phase_archive_v1.json,efc5e88da9131e3d4f24298e085215f2040c39f15093693313c4c038ab0df474,NONE; preserve original path if referenced by frozen manifest
reports/generation/rag/rag_v2_validation_fact_build_v1.json,KEEP_REPRODUCIBILITY,原始输出、人工标签、环境、hash、manifest及数据审核证据,FROZEN_EVIDENCE,108177,True,2,reports/generation/rag/rag_v2_p25_checkpoint_manifest_v1.json | reports/generation/rag/rag_v2_p2_phase_archive_v1.json,221e1659752d5a3bee32962d843f35c2f8a1ef6f152c61c609dc6081d25851d6,NONE; preserve original path if referenced by frozen manifest
reports/generation/rag/validation_expanded_rag_v3.json,KEEP_REPRODUCIBILITY,原始输出、人工标签、环境、hash、manifest及数据审核证据,FROZEN_EVIDENCE,544108,True,0,,2202ce1b28ba1d130bdc139114cf86634493cd11ec2752a638abfee6d0a343de,NONE; preserve original path if referenced by frozen manifest
reports/generation/rag/validation_fact_build_v2.json,KEEP_REPRODUCIBILITY,原始输出、人工标签、环境、hash、manifest及数据审核证据,FROZEN_EVIDENCE,107486,True,1,reports/generation/rag/rag_v1_formal_manifest.json,a436fb2aaee0a4edbad54cefa6d76689d983ef9dd21846010ae811c8bc905f89,NONE; preserve original path if referenced by frozen manifest
reports/generation/rag/validation_holdout2_rag_v6.json,KEEP_REPRODUCIBILITY,冻结且未执行的generation-output holdout；仅登记文件元数据，不打开内容,FROZEN,578099,True,1,reports/generation/rag/rag_v1_formal_manifest.json,,NONE; preserve original path if referenced by frozen manifest
reports/generation/rag/validation_holdout2_rag_v6_review.csv,KEEP_REPRODUCIBILITY,冻结且未执行的generation-output holdout；仅登记文件元数据，不打开内容,FROZEN,2707,True,1,reports/generation/rag/rag_v1_formal_manifest.json,,NONE; preserve original path if referenced by frozen manifest
reports/generation/rag/validation_holdout2_rag_v6_validator_v1_final.json,KEEP_REPRODUCIBILITY,冻结且未执行的generation-output holdout；仅登记文件元数据，不打开内容,FROZEN,19090,True,1,reports/generation/rag/rag_v1_formal_manifest.json,,NONE; preserve original path if referenced by frozen manifest
reports/generation/rag/validation_holdout_rag_v5.json,KEEP_REPRODUCIBILITY,冻结且未执行的generation-output holdout；仅登记文件元数据，不打开内容,FROZEN,569548,True,0,,,NONE; preserve original path if referenced by frozen manifest
reports/generation/rag/validation_rag_negative_constraints_validator_v1.md,KEEP_REPRODUCIBILITY,原始输出、人工标签、环境、hash、manifest及数据审核证据,FROZEN_EVIDENCE,6469,True,1,reports/generation/rag/rag_v1_formal_manifest.json,4f8a69fda0ef4d9b4a67cf29941dcfaff72ae20631376c52db79f317627b4375,NONE; preserve original path if referenced by frozen manifest
reports/history/category_review_week1_v2.csv,ARCHIVE,开发/工程/人工诊断历史材料；只逻辑归档，不能破坏已有manifest,EXPERIMENT,38309,True,0,,07b4e6f5a8c0575e3f3784549e6cbacea20a25e1edd4bfe3415e45cd0c7e51f1,NONE; preserve original path if referenced by frozen manifest
reports/retrieval/bad_cases/3c_bad_cases_v1.csv,KEEP_REPRODUCIBILITY,原始输出、人工标签、环境、hash、manifest及数据审核证据,FROZEN_EVIDENCE,39130,True,1,reports/retrieval/rerank/rerank_v1_formal_manifest.json,621c21e2a9295a62ae257850753ff476cca7b2df7e90082de16b1523cfddcb4c,NONE; preserve original path if referenced by frozen manifest
reports/retrieval/bad_cases/3c_bad_cases_v1.md,KEEP_REPRODUCIBILITY,原始输出、人工标签、环境、hash、manifest及数据审核证据,FROZEN_EVIDENCE,9312,True,1,reports/retrieval/rerank/rerank_v1_formal_manifest.json,d71c91344ce8958b14073e82196182179bb5e2b3a1788369ade976feb51dc072,NONE; preserve original path if referenced by frozen manifest
reports/retrieval/baseline/feature_library.json,KEEP_REPRODUCIBILITY,原始输出、人工标签、环境、hash、manifest及数据审核证据,FROZEN_EVIDENCE,2074,True,0,,ec40e88fc338f0c024eb3cff41dcd3f63008ac6719b82d7648f38d1208d4debc,NONE; preserve original path if referenced by frozen manifest
reports/retrieval/baseline/index_build.json,KEEP_REPRODUCIBILITY,原始输出、人工标签、环境、hash、manifest及数据审核证据,FROZEN_EVIDENCE,1760,True,0,,5786652487cf29df859c238aec794fe7ba74be48a070a3491b85a822dc9e5633,NONE; preserve original path if referenced by frozen manifest
reports/retrieval/baseline/smoke_test.json,ARCHIVE,开发/工程/人工诊断历史材料；只逻辑归档，不能破坏已有manifest,EXPERIMENT,18056,True,0,,9c938fcea125e3e5b6c1b55f9ccd2d13f7dc28a1e62952aab1550f4bcf4c1528,NONE; preserve original path if referenced by frozen manifest
reports/retrieval/evaluation/annotation_manifest.json,KEEP_REPRODUCIBILITY,原始输出、人工标签、环境、hash、manifest及数据审核证据,FROZEN_EVIDENCE,1597,True,0,,c4c5e0699fd521baf083dbb927a3e9e337b6b84d0c0af28c77031bc16f5cd2bd,NONE; preserve original path if referenced by frozen manifest
reports/retrieval/evaluation/annotation_pool.csv,KEEP_REPRODUCIBILITY,原始输出、人工标签、环境、hash、manifest及数据审核证据,FROZEN_EVIDENCE,181766,True,0,,c208828dbcda9987e475159bf44da6106b8a76715fc5c041a3e34fed6c2f4c2a,NONE; preserve original path if referenced by frozen manifest
reports/retrieval/evaluation/baseline_metrics.json,KEEP_FINAL,正式指标/索引清单；不同评审语境不覆盖彼此,FINAL,9404,True,0,,0ba7e0cc2e7fc2b30458f45c9ea4372dd28e68a3b7f7d2a9d38159141c4f9f67,NONE; preserve original path if referenced by frozen manifest
reports/retrieval/rerank/formal_rerank_v1_test50_metrics.json,KEEP_FINAL,正式指标/索引清单；不同评审语境不覆盖彼此,FINAL,90973,True,0,,b468bfbd93591b2149d16f37fef8e091224b27605323c94fbacd7d7772101597,NONE; preserve original path if referenced by frozen manifest
reports/retrieval/rerank/formal_rerank_v1_test50_rankings.csv,KEEP_REPRODUCIBILITY,原始输出、人工标签、环境、hash、manifest及数据审核证据,FROZEN_EVIDENCE,254106,True,0,,b33fff250d3f31398b60a2200d402e3a449fbff4f0bf35adb8e05894781b4b3d,NONE; preserve original path if referenced by frozen manifest
reports/retrieval/rerank/formal_rerank_v1_test50_report.md,KEEP_FINAL,交付应展示的正式结论或终止阶段总结,FINAL,8417,True,0,,688adf810583d99b479892d9c0b8176e4fba6a41bf02fe57212ee8aaf700b1bd,NONE; preserve original path if referenced by frozen manifest
reports/retrieval/rerank/rerank_v1_formal_manifest.json,KEEP_REPRODUCIBILITY,原始输出、人工标签、环境、hash、manifest及数据审核证据,FROZEN_EVIDENCE,10012,True,0,,9bd206eddf887b401e1ed21714a8a4a1d455e79c337af5c5cd9a44596ba137cc,NONE; preserve original path if referenced by frozen manifest
reports/retrieval/rerank/validation_results_v1.json,KEEP_REPRODUCIBILITY,原始输出、人工标签、环境、hash、manifest及数据审核证据,FROZEN_EVIDENCE,130323,True,1,reports/retrieval/rerank/rerank_v1_formal_manifest.json,b804b455426db67219b7d8ed88e626104786df17d77796992db5a141d661e2de,NONE; preserve original path if referenced by frozen manifest
reports/retrieval/test_evaluation/baseline_metrics.json,KEEP_FINAL,正式指标/索引清单；不同评审语境不覆盖彼此,FINAL,46008,True,1,reports/retrieval/rerank/rerank_v1_formal_manifest.json,abeffdd63e8136d6925ac2ba33d4f903593c1de0dda786aa46f68b6a4b20f68d,NONE; preserve original path if referenced by frozen manifest
reports/retrieval/test_evaluation/baseline_rankings.csv,KEEP_REPRODUCIBILITY,原始输出、人工标签、环境、hash、manifest及数据审核证据,FROZEN_EVIDENCE,197422,True,1,reports/retrieval/rerank/rerank_v1_formal_manifest.json,cf844d521ddc7c0816a91ea2be6690bf284a04dfe36c2ca22980001201759265,NONE; preserve original path if referenced by frozen manifest
reports/retrieval/test_evaluation/manifest.json,KEEP_REPRODUCIBILITY,原始输出、人工标签、环境、hash、manifest及数据审核证据,FROZEN_EVIDENCE,2955,True,1,reports/retrieval/rerank/rerank_v1_formal_manifest.json,e2e6157c222945180cb336844d413156f11527cf8742184e18dc0962bd82e6c8,NONE; preserve original path if referenced by frozen manifest
reports/retrieval/test_evaluation/query_review.csv,KEEP_REPRODUCIBILITY,原始输出、人工标签、环境、hash、manifest及数据审核证据,FROZEN_EVIDENCE,44344,True,1,reports/retrieval/rerank/rerank_v1_formal_manifest.json,f008e6ffb4c626246ceb119fea4531072a8aaee59a6f6a240af9dc90d669b290,NONE; preserve original path if referenced by frozen manifest
reports/retrieval/test_evaluation/relevance_judgments.csv,KEEP_REPRODUCIBILITY,原始输出、人工标签、环境、hash、manifest及数据审核证据,FROZEN_EVIDENCE,1955284,True,1,reports/retrieval/rerank/rerank_v1_formal_manifest.json,dbf7aecb0dd98b18986027c819749dbf9a723f7973a5ba11263b595f63a3b6f3,NONE; preserve original path if referenced by frozen manifest
reports/retrieval/test_evaluation/superseded_query_judgments_v2.csv,KEEP_REPRODUCIBILITY,原始输出、人工标签、环境、hash、manifest及数据审核证据,FROZEN_EVIDENCE,73016,True,0,,e3df47a4a9ab7c766ec068c54713bec56f9ae1f748db49f1b3ae6f23b201d3db,NONE; preserve original path if referenced by frozen manifest
requirements-data.txt,KEEP_FINAL,正式交付说明/协议或依赖声明；协议冻结，不随整理修改,RECOMMENDED,148,True,0,,904771e912f2855c33f2141fa50a52252cb1557b2f19862adbc99a3352361f1d,NONE; preserve original path if referenced by frozen manifest
requirements-generation.txt,KEEP_FINAL,正式交付说明/协议或依赖声明；协议冻结，不随整理修改,RECOMMENDED,139,True,1,reports/generation/rag/rag_v1_formal_manifest.json,89659b0f257c3b32821595bf1b43085ee27ef5bcdc8db1efc66cee39b45be5b7,NONE; preserve original path if referenced by frozen manifest
requirements-retrieval.txt,KEEP_FINAL,正式交付说明/协议或依赖声明；协议冻结，不随整理修改,RECOMMENDED,169,True,1,reports/retrieval/rerank/rerank_v1_formal_manifest.json,65b1ce208807ef1b2a2968d763ce0bbba23765f54ac448b8e301bf9a711ad884,NONE; preserve original path if referenced by frozen manifest
scripts/__pycache__/archive_lora_project_validation.cpython-313.pyc,DELETE_CANDIDATE,可再生成的解释器/测试缓存；只建议清理，不执行,CACHE,13845,False,0,,8f3fffc20e389fea63ff130cafb2fa4f0b059fb491b0296a38ccba7de7d05708,NONE; preserve original path if referenced by frozen manifest
scripts/__pycache__/run_qlora_low_memory_smoke.cpython-313.pyc,DELETE_CANDIDATE,可再生成的解释器/测试缓存；只建议清理，不执行,CACHE,34529,False,0,,839e086d70c0e2c490931329f71a85f351310d9a945460c302d6b27ddf134ab1,NONE; preserve original path if referenced by frozen manifest
scripts/__pycache__/run_qlora_smoke.cpython-310.pyc,DELETE_CANDIDATE,可再生成的解释器/测试缓存；只建议清理，不执行,CACHE,17065,False,0,,5921f7be25749d0928407004859820418d5ec2b71196892ec4d696f9d7cbfc68,NONE; preserve original path if referenced by frozen manifest
scripts/__pycache__/verify_lora_v1_best.cpython-310.pyc,DELETE_CANDIDATE,可再生成的解释器/测试缓存；只建议清理，不执行,CACHE,7601,False,0,,b7548016da71a9543669657b1d715dba60c956468aa5b4539cf5e25afef13d3d,NONE; preserve original path if referenced by frozen manifest
scripts/analyze_retrieval_bad_cases.py,ARCHIVE,开发/评审/调参/辅助历史入口；可能仍被复现依赖，先逻辑归档,EXPERIMENT,11169,True,0,,f8245efb413130de343c9a441c426af19cee49aaa4c3167314fc874c000ffb47,NONE; preserve original path if referenced by frozen manifest
scripts/archive_lora_project_validation.py,ARCHIVE,一次性人工复核导入/归档工具；hash链依赖，不能直接移动或删除,EXPERIMENT,7980,False,2,reports/generation/lora/project_validation_v1/automatic_phase_manifest.json | reports/generation/lora/project_validation_v1/delivery_manifest.json,373ed84a952b3b8467b8eeee8bc22cdbe3bcc74239d186856a516d39062e7532,NONE; preserve original path if referenced by frozen manifest
scripts/audit_delivery.py,KEEP_FINAL,最终功能或正式实验入口；正式train/test不可当作快速启动命令重跑,FINAL / RECOMMENDED,17093,False,0,,1c9718878d688576e455e3b7fb704d1e138d9a9d20378ae3715ba923f8f513a5,NONE; preserve original path if referenced by frozen manifest
scripts/build_index.py,KEEP_FINAL,最终功能或正式实验入口；正式train/test不可当作快速启动命令重跑,FINAL / RECOMMENDED,7824,True,0,,705971c57b3db4ed35674501404c8264f9accd865f626afc7381cf0a1af0efd4,NONE; preserve original path if referenced by frozen manifest
scripts/build_lora_instruction_data.py,KEEP_FINAL,最终功能或正式实验入口；正式train/test不可当作快速启动命令重跑,FINAL / RECOMMENDED,8114,False,3,reports/generation/lora/lora_instruction_data_v1_final_manifest.json | reports/generation/lora/lora_v1_pretraining_manifest.json | reports/generation/lora/lora_v1_training/final_manifest.json,99e9a9f70b9b7625d63ce6dc0c8995ccad378a8efb3be59d24dcc52ad5cc5b6b,NONE; preserve original path if referenced by frozen manifest
scripts/build_rag_facts.py,KEEP_FINAL,最终功能或正式实验入口；正式train/test不可当作快速启动命令重跑,FINAL / RECOMMENDED,7072,True,2,reports/generation/rag/rag_v1_formal_manifest.json | reports/generation/rag/rag_v2_p25_checkpoint_manifest_v1.json,f6cc867825e661cb8bce52b0d386565a745d46dcfd7d20186c4bd72f62ebbc1d,NONE; preserve original path if referenced by frozen manifest
scripts/build_text_features.py,KEEP_FINAL,最终功能或正式实验入口；正式train/test不可当作快速启动命令重跑,FINAL / RECOMMENDED,8834,True,0,,82b36fbda601085f38288849e6f293d469cd6a72b6342aaa9dca7b367ef522f6,NONE; preserve original path if referenced by frozen manifest
scripts/deduplicate_training_data.py,KEEP_FINAL,最终功能或正式实验入口；正式train/test不可当作快速启动命令重跑,FINAL / RECOMMENDED,6497,True,0,,2b4ca8294afb481c16d5f31f782b0fb1dbf9cd80a6798dc21d08a15319696981,NONE; preserve original path if referenced by frozen manifest
scripts/download_images.py,KEEP_FINAL,最终功能或正式实验入口；正式train/test不可当作快速启动命令重跑,FINAL / RECOMMENDED,839,True,0,,9fc298cc3d61c3095e6bb652b0e222609fb6ad6e2b02360d78dfe9f0a00502e5,NONE; preserve original path if referenced by frozen manifest
scripts/evaluate_generation.py,KEEP_FINAL,最终功能或正式实验入口；正式train/test不可当作快速启动命令重跑,FINAL / RECOMMENDED,23660,True,0,,7b548637cde9578d0357a70cb96708158c94ae3ab36b37f8c52414e845a45ecb,NONE; preserve original path if referenced by frozen manifest
scripts/evaluate_retrieval.py,ARCHIVE,开发/评审/调参/辅助历史入口；可能仍被复现依赖，先逻辑归档,EXPERIMENT,5557,True,0,,f71575ea3a77699b56000efa8d787d997639cd4488bff5e20e62a442f85db150,NONE; preserve original path if referenced by frozen manifest
scripts/evaluate_test_retrieval.py,KEEP_FINAL,最终功能或正式实验入口；正式train/test不可当作快速启动命令重跑,FINAL / RECOMMENDED,13322,True,0,,f3712b1277abcf6c7a7d65419cb5135285f8500b729227e5b0a139f302b63079,NONE; preserve original path if referenced by frozen manifest
scripts/finalize_lora_rag_review.py,ARCHIVE,一次性人工复核导入/归档工具；hash链依赖，不能直接移动或删除,EXPERIMENT,14216,False,1,reports/generation/lora_rag/lora_rag_v2_development24_v1/final_review_manifest.json,0b18c4e6836b465b35fe4e778025a5de774f38aa32f37812135f394eaf120edb,NONE; preserve original path if referenced by frozen manifest
scripts/finalize_lora_rag_test100_review.py,ARCHIVE,一次性人工复核导入/归档工具；hash链依赖，不能直接移动或删除,EXPERIMENT,19219,False,1,reports/generation/lora_rag/lora_rag_project_test100_v1/final_review_manifest.json,e69246766bf3ad5aa0c1e309097334539e0898f9572cd76e6badc08c8a587c57,NONE; preserve original path if referenced by frozen manifest
scripts/finalize_lora_validation_archive.py,ARCHIVE,一次性人工复核导入/归档工具；hash链依赖，不能直接移动或删除,EXPERIMENT,3138,False,1,reports/generation/lora/project_validation_v1/delivery_manifest.json,7abb016437a84d2030d090a477c5c2ccd02bc7bee6f921c4a50351cd6328a28d,NONE; preserve original path if referenced by frozen manifest
scripts/generate.py,KEEP_FINAL,最终功能或正式实验入口；正式train/test不可当作快速启动命令重跑,FINAL / RECOMMENDED,5975,True,0,,cb135e656bdfffdcf2be6a598a9c765cfbd7ba15a08163fb015fae2ce0da8d67,NONE; preserve original path if referenced by frozen manifest
scripts/import_lora_rag_ai_review.py,ARCHIVE,一次性人工复核导入/归档工具；hash链依赖，不能直接移动或删除,EXPERIMENT,10523,False,2,reports/generation/lora_rag/lora_rag_project_test100_v1/final_review_manifest.json | reports/generation/lora_rag/lora_rag_v2_development24_v1/final_review_manifest.json,4b2ec84a73726b1a5251ab7575db67738c3e87c1c5488da3b37cb0a59ea268a2,NONE; preserve original path if referenced by frozen manifest
scripts/import_lora_rag_test100_ai_review.py,ARCHIVE,一次性人工复核导入/归档工具；hash链依赖，不能直接移动或删除,EXPERIMENT,10379,False,1,reports/generation/lora_rag/lora_rag_project_test100_v1/final_review_manifest.json,efbe3f77902e0858fc7ba9bbd5ce5945ea7081b817f51fda81729663812e9263,NONE; preserve original path if referenced by frozen manifest
scripts/import_lora_test100_ai_review.py,ARCHIVE,一次性人工复核导入/归档工具；hash链依赖，不能直接移动或删除,EXPERIMENT,11312,False,1,reports/generation/lora/project_test100_v1/human_review_finalization_manifest.json,54811bfd34d02d1e9df8d80ee7b25dd5de20972f7c12309eba218967e2f5dcbc,NONE; preserve original path if referenced by frozen manifest
scripts/inspect_data.py,KEEP_FINAL,最终功能或正式实验入口；正式train/test不可当作快速启动命令重跑,FINAL / RECOMMENDED,1785,True,0,,44ccbb87403b8f78a661bd4ddc92fdace24095062e95a052f621120f5213f6cf,NONE; preserve original path if referenced by frozen manifest
scripts/prepare_data.py,KEEP_FINAL,最终功能或正式实验入口；正式train/test不可当作快速启动命令重跑,FINAL / RECOMMENDED,772,True,0,,e98a05568822eea7f7c0a094b951c31649d3fe297fb0f96722323faca911f634,NONE; preserve original path if referenced by frozen manifest
scripts/prepare_generation_evaluation.py,ARCHIVE,开发/评审/调参/辅助历史入口；可能仍被复现依赖，先逻辑归档,EXPERIMENT,8742,True,8,reports/generation/lora/project_test100_v1/human_review_finalization_manifest.json | reports/generation/lora/project_test100_v1/protocol_manifest.json | reports/generation/lora/project_validation_v1/delivery_manifest.json | reports/generation/lora/project_validation_v1/protocol_manifest.json | reports/generation/lora_rag/lora_rag_project_test100_v1/final_review_manifest.json | reports/generation/lora_rag/lora_rag_project_test100_v1/protocol_manifest.json | reports/generation/lora_rag/lora_rag_v2_development24_v1/final_review_manifest.json | reports/generation/lora_rag/lora_rag_v2_development24_v1/protocol_manifest.json,0894cdad680e6a6efa2c15c4ef4f5719c2e30c6256282245876b9230d54a950a,NONE; preserve original path if referenced by frozen manifest
scripts/prepare_inference_samples.py,ARCHIVE,开发/评审/调参/辅助历史入口；可能仍被复现依赖，先逻辑归档,EXPERIMENT,1875,True,0,,312ce7cbe017edeea5abe2f281e29eee083807e2b28aa8798f2ec7857737a51f,NONE; preserve original path if referenced by frozen manifest
scripts/prepare_retrieval_evaluation.py,ARCHIVE,开发/评审/调参/辅助历史入口；可能仍被复现依赖，先逻辑归档,EXPERIMENT,10919,True,0,,76754380cff1ab83b6f88d91f18902db48b83f30398acbfabdf6b4d60547a84c,NONE; preserve original path if referenced by frozen manifest
scripts/prepare_test_retrieval_evaluation.py,ARCHIVE,开发/评审/调参/辅助历史入口；可能仍被复现依赖，先逻辑归档,EXPERIMENT,14901,True,0,,02ca60acea2460897ec84cc6f42cc18a42e9638ce8b94c89c49bb376b5460463,NONE; preserve original path if referenced by frozen manifest
scripts/repair_csv.py,ARCHIVE,开发/评审/调参/辅助历史入口；可能仍被复现依赖，先逻辑归档,EXPERIMENT,2586,True,0,,86618ef0cd2136261d93bfc63f46d9246069e12da6368fd3bb7102cec6e22cc0,NONE; preserve original path if referenced by frozen manifest
scripts/review_lora_project_validation.py,ARCHIVE,开发/评审/调参/辅助历史入口；可能仍被复现依赖，先逻辑归档,EXPERIMENT,559,False,8,reports/generation/lora/project_test100_v1/human_review_finalization_manifest.json | reports/generation/lora/project_test100_v1/protocol_manifest.json | reports/generation/lora/project_validation_v1/delivery_manifest.json | reports/generation/lora/project_validation_v1/protocol_manifest.json | reports/generation/lora_rag/lora_rag_project_test100_v1/final_review_manifest.json | reports/generation/lora_rag/lora_rag_project_test100_v1/protocol_manifest.json | reports/generation/lora_rag/lora_rag_v2_development24_v1/final_review_manifest.json | reports/generation/lora_rag/lora_rag_v2_development24_v1/protocol_manifest.json,0fca533dcf0509540c7aafa6937a64b3dcf619adc04c26ed4c3aaf8f6eb3301d,NONE; preserve original path if referenced by frozen manifest
scripts/review_lora_project_validation_quick32.py,ARCHIVE,开发/评审/调参/辅助历史入口；可能仍被复现依赖，先逻辑归档,EXPERIMENT,15871,False,3,reports/generation/lora/project_validation_v1/automatic_phase_manifest.json | reports/generation/lora/project_validation_v1/delivery_manifest.json | reports/generation/lora/project_validation_v1/quick32_v1/sampling_manifest.json,a06a823ea60369c7459dd2770aba02a30dd4b15a1bae5413bd49d28b62c445bd,NONE; preserve original path if referenced by frozen manifest
scripts/run_lora_project_test.py,KEEP_FINAL,最终功能或正式实验入口；正式train/test不可当作快速启动命令重跑,FINAL / RECOMMENDED,1224,False,4,reports/generation/lora/project_test100_v1/human_review_finalization_manifest.json | reports/generation/lora/project_test100_v1/protocol_manifest.json | reports/generation/lora_rag/lora_rag_project_test100_v1/final_review_manifest.json | reports/generation/lora_rag/lora_rag_project_test100_v1/protocol_manifest.json,d28fd7f9773e19d1f2c81f866db10251fb2512de13c1815a73b617407277cee9,NONE; preserve original path if referenced by frozen manifest
scripts/run_lora_project_validation.py,ARCHIVE,开发/评审/调参/辅助历史入口；可能仍被复现依赖，先逻辑归档,EXPERIMENT,905,False,8,reports/generation/lora/project_test100_v1/human_review_finalization_manifest.json | reports/generation/lora/project_test100_v1/protocol_manifest.json | reports/generation/lora/project_validation_v1/delivery_manifest.json | reports/generation/lora/project_validation_v1/protocol_manifest.json | reports/generation/lora_rag/lora_rag_project_test100_v1/final_review_manifest.json | reports/generation/lora_rag/lora_rag_project_test100_v1/protocol_manifest.json | reports/generation/lora_rag/lora_rag_v2_development24_v1/final_review_manifest.json | reports/generation/lora_rag/lora_rag_v2_development24_v1/protocol_manifest.json,62a390f5fa245cb35e84c36c4f992657324654b659171fe30ed47f5ef6c538a3,NONE; preserve original path if referenced by frozen manifest
scripts/run_lora_rag_integration.py,ARCHIVE,开发/评审/调参/辅助历史入口；可能仍被复现依赖，先逻辑归档,EXPERIMENT,829,False,4,reports/generation/lora_rag/lora_rag_project_test100_v1/final_review_manifest.json | reports/generation/lora_rag/lora_rag_project_test100_v1/protocol_manifest.json | reports/generation/lora_rag/lora_rag_v2_development24_v1/final_review_manifest.json | reports/generation/lora_rag/lora_rag_v2_development24_v1/protocol_manifest.json,cd3c3a6a94182164c2a345ad6946bebda16bd4c0e0b90c4c8e2c7852913d7c69,NONE; preserve original path if referenced by frozen manifest
scripts/run_lora_rag_project_test.py,KEEP_FINAL,最终功能或正式实验入口；正式train/test不可当作快速启动命令重跑,FINAL / RECOMMENDED,927,False,2,reports/generation/lora_rag/lora_rag_project_test100_v1/final_review_manifest.json | reports/generation/lora_rag/lora_rag_project_test100_v1/protocol_manifest.json,f0905fc378543fbd04677d5155c7ee809ac273f288477b2269e1adc85d1df64b,NONE; preserve original path if referenced by frozen manifest
scripts/run_qlora_low_memory_smoke.py,ARCHIVE,工程加载/显存验证入口，不是正式训练或质量评测；保留历史原路径,SMOKE,25501,False,1,reports/generation/lora/p6_low_memory_smoke_v1_archive_manifest.json,901c8fbfd4f8be8190c9f9f3a1c7e0100372cf2768e521dccaaa2ff1a030a4ab,NONE; preserve original path if referenced by frozen manifest
scripts/run_qlora_smoke.py,ARCHIVE,工程加载/显存验证入口，不是正式训练或质量评测；保留历史原路径,SMOKE,21374,False,0,,26de32d05db70d6e3b9d8c1c40dedf3886f961f740b445959d545433561a28fe,NONE; preserve original path if referenced by frozen manifest
scripts/run_rag_formal_test.py,KEEP_FINAL,最终功能或正式实验入口；正式train/test不可当作快速启动命令重跑,FINAL / RECOMMENDED,22330,True,1,reports/generation/rag/rag_v1_formal_manifest.json,a48f1d0d91b25ea5babe7b10fa9512d42211e6174f0d7027b76482794329cbf4,NONE; preserve original path if referenced by frozen manifest
scripts/run_rag_validation.py,ARCHIVE,开发/评审/调参/辅助历史入口；可能仍被复现依赖，先逻辑归档,EXPERIMENT,30804,True,2,reports/generation/rag/rag_v1_formal_manifest.json | reports/generation/rag/rag_v2_p25_checkpoint_manifest_v1.json,168c1f29e144535afa6be762969eda5c456abbdb2b6d5bf586ca59e87d1dc611,NONE; preserve original path if referenced by frozen manifest
scripts/run_retrieval_rerank_formal_test.py,KEEP_FINAL,最终功能或正式实验入口；正式train/test不可当作快速启动命令重跑,FINAL / RECOMMENDED,22375,True,1,reports/retrieval/rerank/rerank_v1_formal_manifest.json,d9ad4cdfdef6a7dea4b921ea95266b6c7e1bd8486adb37ec97f455e283bf0621,NONE; preserve original path if referenced by frozen manifest
scripts/search.py,KEEP_FINAL,最终功能或正式实验入口；正式train/test不可当作快速启动命令重跑,FINAL / RECOMMENDED,4801,True,0,,5ee46195c81870dca8ed93b4d1acb777f8b9d59493ed68d8e2f3fa3da484aba0,NONE; preserve original path if referenced by frozen manifest
scripts/smoke_test_retrieval.py,ARCHIVE,工程加载/显存验证入口，不是正式训练或质量评测；保留历史原路径,SMOKE,6516,True,0,,6497dbe80053f301d149c51d81dee9e462f546c2c90c71622982e4f03406b358,NONE; preserve original path if referenced by frozen manifest
scripts/track_experiment.py,ARCHIVE,开发/评审/调参/辅助历史入口；可能仍被复现依赖，先逻辑归档,EXPERIMENT,11974,True,0,,6bd635307faf7596f6e4f17962b12acffe02be8fab8b67fe4dc6808f1870d505,NONE; preserve original path if referenced by frozen manifest
scripts/train_lora.py,KEEP_FINAL,最终功能或正式实验入口；正式train/test不可当作快速启动命令重跑,FINAL / RECOMMENDED,1182,False,3,reports/generation/lora/lora_v1_pretraining_manifest.json | reports/generation/lora/lora_v1_training/final_manifest.json | reports/generation/lora/p6_2_trainer_archive_manifest.json,669876c69ae689b9449aa4a68064f33f8681fdbf8ffe94ae5eda7cb53b07b019,NONE; preserve original path if referenced by frozen manifest
scripts/tune_retrieval_rerank.py,ARCHIVE,开发/评审/调参/辅助历史入口；可能仍被复现依赖，先逻辑归档,EXPERIMENT,8623,True,0,,1ce23dc4a56288db624cce71193536a45ef90d111503dbc347c413ad1618b945,NONE; preserve original path if referenced by frozen manifest
scripts/validate_data.py,KEEP_FINAL,最终功能或正式实验入口；正式train/test不可当作快速启动命令重跑,FINAL / RECOMMENDED,6576,True,0,,830424354f6e1a0cc1a499f22972cf70bdf44c606192af5795b285f5d003b900,NONE; preserve original path if referenced by frozen manifest
scripts/validate_rag_outputs.py,KEEP_FINAL,最终功能或正式实验入口；正式train/test不可当作快速启动命令重跑,FINAL / RECOMMENDED,3156,True,1,reports/generation/rag/rag_v1_formal_manifest.json,ac44762904c6186262b2ea8c2a3ab401c87b4d7140bb05fba7bf02ff124b007d,NONE; preserve original path if referenced by frozen manifest
scripts/verify_lora_v1_best.py,KEEP_FINAL,最终功能或正式实验入口；正式train/test不可当作快速启动命令重跑,FINAL / RECOMMENDED,8549,False,1,reports/generation/lora/lora_v1_training/final_manifest.json,1f963e8ff312e8877f181d7de48ea64e9ae64d4e43e7777ef9c816ab3bf76166,NONE; preserve original path if referenced by frozen manifest
src/__init__.py,KEEP_FINAL,数据/生成/检索/评测实现；冻结代码不改动，交付说明标注职责,RECOMMENDED,38,True,2,reports/generation/lora/lora_v1_pretraining_manifest.json | reports/generation/lora/lora_v1_training/final_manifest.json,b3d86312537df1043a45aa715bb7e1070159c00d629562e058d75a2557d2b8f2,NONE; preserve original path if referenced by frozen manifest
src/__pycache__/__init__.cpython-310.pyc,DELETE_CANDIDATE,可再生成的解释器/测试缓存；只建议清理，不执行,CACHE,197,False,0,,5083c67d69245f653fb7eabb67d51c11dc4f2c00080599a35eaa608a11e9cd51,NONE; preserve original path if referenced by frozen manifest
src/data/__init__.py,KEEP_FINAL,数据/生成/检索/评测实现；冻结代码不改动，交付说明标注职责,RECOMMENDED,42,True,0,,1d6d14dfede91fe11e04f31f32f1f8bf03440863eed11a436c2cb5fb86e4b86e,NONE; preserve original path if referenced by frozen manifest
src/data/deduplication.py,KEEP_FINAL,数据/生成/检索/评测实现；冻结代码不改动，交付说明标注职责,RECOMMENDED,5563,True,0,,f5ebdeb9f0bf571a785bf929d1452290e360c2b6377c3e32eda7b405b3e7ef03,NONE; preserve original path if referenced by frozen manifest
src/data/images.py,KEEP_FINAL,数据/生成/检索/评测实现；冻结代码不改动，交付说明标注职责,RECOMMENDED,9620,True,0,,99723e105b6020ba99fde1a5039bb68ed8716236db307a7fab6b1fbeb7384e48,NONE; preserve original path if referenced by frozen manifest
src/data/preprocess.py,KEEP_FINAL,数据/生成/检索/评测实现；冻结代码不改动，交付说明标注职责,RECOMMENDED,13410,True,0,,c568cb9fbdbecb7d6b65cfd90b9d666129ffa8d2a91377f214da98e2ad580283,NONE; preserve original path if referenced by frozen manifest
src/data/pv_parser.py,KEEP_FINAL,数据/生成/检索/评测实现；冻结代码不改动，交付说明标注职责,RECOMMENDED,1012,True,0,,5f29be6f1f7073af5c38cd9be0f35dd81c3b40a46f58c3bc5884b02cf2fb98e8,NONE; preserve original path if referenced by frozen manifest
src/data/review.py,KEEP_FINAL,数据/生成/检索/评测实现；冻结代码不改动，交付说明标注职责,RECOMMENDED,1433,True,0,,bf2fc5dc181ada9a9f65d48d3680361c0b60502dc3dc0083849428f30c6fc5c4,NONE; preserve original path if referenced by frozen manifest
src/data/streaming.py,KEEP_FINAL,数据/生成/检索/评测实现；冻结代码不改动，交付说明标注职责,RECOMMENDED,2753,True,0,,a039bee59e2be56f9425776ce828037c08e55341b06f6f740ae334527a9b3351,NONE; preserve original path if referenced by frozen manifest
src/generation/__init__.py,KEEP_FINAL,数据/生成/检索/评测实现；冻结代码不改动，交付说明标注职责,RECOMMENDED,34,True,2,reports/generation/lora/lora_v1_pretraining_manifest.json | reports/generation/lora/lora_v1_training/final_manifest.json,318e6e8e6954d5fae4613782ff5a1876beb764b0a3e529b640bd4a190cd6c505,NONE; preserve original path if referenced by frozen manifest
src/generation/__pycache__/__init__.cpython-310.pyc,DELETE_CANDIDATE,可再生成的解释器/测试缓存；只建议清理，不执行,CACHE,207,False,0,,c7c464ae74c342cad1820fbe0d033c467da69ea77061fb954c7e44026c08a35b,NONE; preserve original path if referenced by frozen manifest
src/generation/__pycache__/lora_training.cpython-310.pyc,DELETE_CANDIDATE,可再生成的解释器/测试缓存；只建议清理，不执行,CACHE,30646,False,0,,2b3fbe8d23dc6c37b9e7af1247b7e63b62cc5ccec49cf2629390ba0eb87d7b50,NONE; preserve original path if referenced by frozen manifest
src/generation/__pycache__/qlora_memory.cpython-310.pyc,DELETE_CANDIDATE,可再生成的解释器/测试缓存；只建议清理，不执行,CACHE,4919,False,0,,a0718e72e52afcf33a185ac4aa04f191c5fc48449e0afff1bd8692ca98a5ba56,NONE; preserve original path if referenced by frozen manifest
src/generation/__pycache__/qlora_memory.cpython-313.pyc,DELETE_CANDIDATE,可再生成的解释器/测试缓存；只建议清理，不执行,CACHE,5434,False,0,,518efdf3ba564243b43debeb7f4d2d586056b97ef91363a6fb3a59f20280e82f,NONE; preserve original path if referenced by frozen manifest
src/generation/evaluation.py,KEEP_FINAL,数据/生成/检索/评测实现；冻结代码不改动，交付说明标注职责,RECOMMENDED,4944,True,8,reports/generation/lora/project_test100_v1/human_review_finalization_manifest.json | reports/generation/lora/project_test100_v1/protocol_manifest.json | reports/generation/lora/project_validation_v1/delivery_manifest.json | reports/generation/lora/project_validation_v1/protocol_manifest.json | reports/generation/lora_rag/lora_rag_project_test100_v1/final_review_manifest.json | reports/generation/lora_rag/lora_rag_project_test100_v1/protocol_manifest.json | reports/generation/lora_rag/lora_rag_v2_development24_v1/final_review_manifest.json | reports/generation/lora_rag/lora_rag_v2_development24_v1/protocol_manifest.json,82c71e14d0c0104b96d1d83ba2857e76f89edf4330a96a6827d1cc05461aeda7,NONE; preserve original path if referenced by frozen manifest
src/generation/grounding.py,KEEP_FINAL,数据/生成/检索/评测实现；冻结代码不改动，交付说明标注职责,RECOMMENDED,12135,True,2,reports/generation/rag/rag_v1_formal_manifest.json | reports/generation/rag/rag_v2_p25_checkpoint_manifest_v1.json,1973b457ab888f4dad077da4ce2c1114ba7bea7530bbbd4a172cc97153f85845,NONE; preserve original path if referenced by frozen manifest
src/generation/lora_data.py,KEEP_FINAL,数据/生成/检索/评测实现；冻结代码不改动，交付说明标注职责,RECOMMENDED,25243,False,11,reports/generation/lora/lora_instruction_data_v1_final_manifest.json | reports/generation/lora/lora_v1_pretraining_manifest.json | reports/generation/lora/lora_v1_training/final_manifest.json | reports/generation/lora/project_test100_v1/human_review_finalization_manifest.json | reports/generation/lora/project_test100_v1/protocol_manifest.json | reports/generation/lora/project_validation_v1/delivery_manifest.json | reports/generation/lora/project_validation_v1/protocol_manifest.json | reports/generation/lora_rag/lora_rag_project_test100_v1/final_review_manifest.json | reports/generation/lora_rag/lora_rag_project_test100_v1/protocol_manifest.json | reports/generation/lora_rag/lora_rag_v2_development24_v1/final_review_manifest.json | reports/generation/lora_rag/lora_rag_v2_development24_v1/protocol_manifest.json,6fa199d16edbca11c2ece97c6b43ca18583df55ddf18a4f3113d47d10018efa3,NONE; preserve original path if referenced by frozen manifest
src/generation/lora_formal_review.py,KEEP_FINAL,数据/生成/检索/评测实现；冻结代码不改动，交付说明标注职责,RECOMMENDED,24478,False,4,reports/generation/lora/project_test100_v1/human_review_finalization_manifest.json | reports/generation/lora/project_test100_v1/protocol_manifest.json | reports/generation/lora_rag/lora_rag_project_test100_v1/final_review_manifest.json | reports/generation/lora_rag/lora_rag_project_test100_v1/protocol_manifest.json,901ab6728b3f01ef54eccffa165f84b23028649ac6834d49d42bad752cc19f02,NONE; preserve original path if referenced by frozen manifest
src/generation/lora_formal_test.py,KEEP_FINAL,数据/生成/检索/评测实现；冻结代码不改动，交付说明标注职责,RECOMMENDED,21361,False,4,reports/generation/lora/project_test100_v1/human_review_finalization_manifest.json | reports/generation/lora/project_test100_v1/protocol_manifest.json | reports/generation/lora_rag/lora_rag_project_test100_v1/final_review_manifest.json | reports/generation/lora_rag/lora_rag_project_test100_v1/protocol_manifest.json,b858d9f611f228d8a6421d6e7b2d4e64f870c07e24ff69d072cfa903acbdb540,NONE; preserve original path if referenced by frozen manifest
src/generation/lora_rag_integration.py,KEEP_FINAL,数据/生成/检索/评测实现；冻结代码不改动，交付说明标注职责,RECOMMENDED,47529,False,4,reports/generation/lora_rag/lora_rag_project_test100_v1/final_review_manifest.json | reports/generation/lora_rag/lora_rag_project_test100_v1/protocol_manifest.json | reports/generation/lora_rag/lora_rag_v2_development24_v1/final_review_manifest.json | reports/generation/lora_rag/lora_rag_v2_development24_v1/protocol_manifest.json,fe7ee912d1f41c0e134506f66759f76a7f1e5d4477950a4ea13615d01286ba61,NONE; preserve original path if referenced by frozen manifest
src/generation/lora_rag_project_test.py,KEEP_FINAL,数据/生成/检索/评测实现；冻结代码不改动，交付说明标注职责,RECOMMENDED,43640,False,2,reports/generation/lora_rag/lora_rag_project_test100_v1/final_review_manifest.json | reports/generation/lora_rag/lora_rag_project_test100_v1/protocol_manifest.json,6a609cae110424980030d88020ea72da07668b6e1da7e4016b6dcc40b21270c3,NONE; preserve original path if referenced by frozen manifest
src/generation/lora_training.py,KEEP_FINAL,数据/生成/检索/评测实现；冻结代码不改动，交付说明标注职责,RECOMMENDED,36573,False,11,reports/generation/lora/lora_v1_pretraining_manifest.json | reports/generation/lora/lora_v1_training/final_manifest.json | reports/generation/lora/p6_2_trainer_archive_manifest.json | reports/generation/lora/project_test100_v1/human_review_finalization_manifest.json | reports/generation/lora/project_test100_v1/protocol_manifest.json | reports/generation/lora/project_validation_v1/delivery_manifest.json | reports/generation/lora/project_validation_v1/protocol_manifest.json | reports/generation/lora_rag/lora_rag_project_test100_v1/final_review_manifest.json | reports/generation/lora_rag/lora_rag_project_test100_v1/protocol_manifest.json | reports/generation/lora_rag/lora_rag_v2_development24_v1/final_review_manifest.json | reports/generation/lora_rag/lora_rag_v2_development24_v1/protocol_manifest.json,9ac9587e71b6f892bb3c429f7726ff17edddc354ee57372c22da48ccd22e107e,NONE; preserve original path if referenced by frozen manifest
src/generation/lora_validation.py,KEEP_FINAL,数据/生成/检索/评测实现；冻结代码不改动，交付说明标注职责,RECOMMENDED,22578,False,8,reports/generation/lora/project_test100_v1/human_review_finalization_manifest.json | reports/generation/lora/project_test100_v1/protocol_manifest.json | reports/generation/lora/project_validation_v1/delivery_manifest.json | reports/generation/lora/project_validation_v1/protocol_manifest.json | reports/generation/lora_rag/lora_rag_project_test100_v1/final_review_manifest.json | reports/generation/lora_rag/lora_rag_project_test100_v1/protocol_manifest.json | reports/generation/lora_rag/lora_rag_v2_development24_v1/final_review_manifest.json | reports/generation/lora_rag/lora_rag_v2_development24_v1/protocol_manifest.json,ee87861d727c24588671b34c8fdeed24198b660093934e44a644ae1f34bada76,NONE; preserve original path if referenced by frozen manifest
src/generation/lora_validation_review.py,KEEP_FINAL,数据/生成/检索/评测实现；冻结代码不改动，交付说明标注职责,RECOMMENDED,23090,False,8,reports/generation/lora/project_test100_v1/human_review_finalization_manifest.json | reports/generation/lora/project_test100_v1/protocol_manifest.json | reports/generation/lora/project_validation_v1/delivery_manifest.json | reports/generation/lora/project_validation_v1/protocol_manifest.json | reports/generation/lora_rag/lora_rag_project_test100_v1/final_review_manifest.json | reports/generation/lora_rag/lora_rag_project_test100_v1/protocol_manifest.json | reports/generation/lora_rag/lora_rag_v2_development24_v1/final_review_manifest.json | reports/generation/lora_rag/lora_rag_v2_development24_v1/protocol_manifest.json,c10b9b9d3906b6aaa822ed76f9cc0bb78a8362f7c0aa4169a835c0c363726b9b,NONE; preserve original path if referenced by frozen manifest
src/generation/qlora_memory.py,KEEP_FINAL,数据/生成/检索/评测实现；冻结代码不改动，交付说明标注职责,RECOMMENDED,5335,False,11,reports/generation/lora/lora_v1_pretraining_manifest.json | reports/generation/lora/lora_v1_training/final_manifest.json | reports/generation/lora/p6_low_memory_smoke_v1_archive_manifest.json | reports/generation/lora/project_test100_v1/human_review_finalization_manifest.json | reports/generation/lora/project_test100_v1/protocol_manifest.json | reports/generation/lora/project_validation_v1/delivery_manifest.json | reports/generation/lora/project_validation_v1/protocol_manifest.json | reports/generation/lora_rag/lora_rag_project_test100_v1/final_review_manifest.json | reports/generation/lora_rag/lora_rag_project_test100_v1/protocol_manifest.json | reports/generation/lora_rag/lora_rag_v2_development24_v1/final_review_manifest.json | reports/generation/lora_rag/lora_rag_v2_development24_v1/protocol_manifest.json,9b4d9a72248dca51ec825d18b05833af3a0f3f8f1bb7b3b8a3a3c4767323f848,NONE; preserve original path if referenced by frozen manifest
src/generation/qwen.py,KEEP_FINAL,数据/生成/检索/评测实现；冻结代码不改动，交付说明标注职责,RECOMMENDED,33528,True,10,reports/generation/lora/project_test100_v1/human_review_finalization_manifest.json | reports/generation/lora/project_test100_v1/protocol_manifest.json | reports/generation/lora/project_validation_v1/delivery_manifest.json | reports/generation/lora/project_validation_v1/protocol_manifest.json | reports/generation/lora_rag/lora_rag_project_test100_v1/final_review_manifest.json | reports/generation/lora_rag/lora_rag_project_test100_v1/protocol_manifest.json | reports/generation/lora_rag/lora_rag_v2_development24_v1/final_review_manifest.json | reports/generation/lora_rag/lora_rag_v2_development24_v1/protocol_manifest.json | reports/generation/rag/rag_v1_formal_manifest.json | reports/generation/rag/rag_v2_p25_checkpoint_manifest_v1.json,344f4e41de9308bf7d213c2786e6022917943f21434c5615239312adf4214aad,NONE; preserve original path if referenced by frozen manifest
src/generation/rag.py,KEEP_FINAL,数据/生成/检索/评测实现；冻结代码不改动，交付说明标注职责,RECOMMENDED,31426,True,10,reports/generation/lora/project_test100_v1/human_review_finalization_manifest.json | reports/generation/lora/project_test100_v1/protocol_manifest.json | reports/generation/lora/project_validation_v1/delivery_manifest.json | reports/generation/lora/project_validation_v1/protocol_manifest.json | reports/generation/lora_rag/lora_rag_project_test100_v1/final_review_manifest.json | reports/generation/lora_rag/lora_rag_project_test100_v1/protocol_manifest.json | reports/generation/lora_rag/lora_rag_v2_development24_v1/final_review_manifest.json | reports/generation/lora_rag/lora_rag_v2_development24_v1/protocol_manifest.json | reports/generation/rag/rag_v1_formal_manifest.json | reports/generation/rag/rag_v2_p25_checkpoint_manifest_v1.json,20d9654b775692bedbe995faf07376eda652ddbba8046f58cb068ac0a053a2ef,NONE; preserve original path if referenced by frozen manifest
src/retrieval/__init__.py,KEEP_FINAL,数据/生成/检索/评测实现；冻结代码不改动，交付说明标注职责,RECOMMENDED,47,True,0,,9dd40ad3a01d4dd331d61c041ec465b55cb31c3152354b2f5118dd18139ac33c,NONE; preserve original path if referenced by frozen manifest
src/retrieval/catalog.py,KEEP_FINAL,数据/生成/检索/评测实现；冻结代码不改动，交付说明标注职责,RECOMMENDED,2884,True,0,,49e4f44c2be5bdf9733cb207ec471dcdb8d88cd322ec09a999c6ce037793753e,NONE; preserve original path if referenced by frozen manifest
src/retrieval/ernie_vil.py,KEEP_FINAL,数据/生成/检索/评测实现；冻结代码不改动，交付说明标注职责,RECOMMENDED,3175,True,0,,cb3b31388b0e185a47e12dfa8e759710186a1a2d4cf412901b868fbf402278e8,NONE; preserve original path if referenced by frozen manifest
src/retrieval/evaluation.py,KEEP_FINAL,数据/生成/检索/评测实现；冻结代码不改动，交付说明标注职责,RECOMMENDED,6457,True,0,,021565cb7c540c118b1087801d8da21db2dd201b0b5f9f5c599cca89d84e763a,NONE; preserve original path if referenced by frozen manifest
src/retrieval/faiss_index.py,KEEP_FINAL,数据/生成/检索/评测实现；冻结代码不改动，交付说明标注职责,RECOMMENDED,1886,True,0,,9e2f4f8781488433c84ea30b7eab942c35f124b88ea6138adf3582c1a622aede,NONE; preserve original path if referenced by frozen manifest
src/retrieval/feature_library.py,KEEP_FINAL,数据/生成/检索/评测实现；冻结代码不改动，交付说明标注职责,RECOMMENDED,1954,True,0,,c7c7772163fb2d33d845067bfdf354b9e4aa3d3ff1a4e364f321db61787f5212,NONE; preserve original path if referenced by frozen manifest
src/retrieval/formal_evaluation.py,KEEP_FINAL,数据/生成/检索/评测实现；冻结代码不改动，交付说明标注职责,RECOMMENDED,9367,True,0,,aeaff58228e97a35c88eec580073eb4254bc6b65aa125a23f7bdd97c42ee8345,NONE; preserve original path if referenced by frozen manifest
src/retrieval/rerank.py,KEEP_FINAL,数据/生成/检索/评测实现；冻结代码不改动，交付说明标注职责,RECOMMENDED,8401,True,1,reports/retrieval/rerank/rerank_v1_formal_manifest.json,f67f92f2286373d99adfb14cfeb70e91224e6da1d89117da00de16daaf31d4ae,NONE; preserve original path if referenced by frozen manifest
src/retrieval/windows_cuda.py,KEEP_FINAL,数据/生成/检索/评测实现；冻结代码不改动，交付说明标注职责,RECOMMENDED,1208,True,0,,76e4ef7613077b7134a2af622bff444c2cbb5a05942dc2061aa821f052314c3b,NONE; preserve original path if referenced by frozen manifest
tests/__pycache__/test_data.cpython-313-pytest-8.3.4.pyc,DELETE_CANDIDATE,可再生成的解释器/测试缓存；只建议清理，不执行,CACHE,10269,False,0,,d46dcc8b6a7705bd47311f94970300051e0cd816ef0e199f55005691fdae86ec,NONE; preserve original path if referenced by frozen manifest
tests/__pycache__/test_data.cpython-313.pyc,DELETE_CANDIDATE,可再生成的解释器/测试缓存；只建议清理，不执行,CACHE,10156,False,0,,cc6d00cf9a4402ce5e4947ac528aec2bcb50dee8b9c177d58bd2336eb2280118,NONE; preserve original path if referenced by frozen manifest
tests/__pycache__/test_deduplication.cpython-313-pytest-8.3.4.pyc,DELETE_CANDIDATE,可再生成的解释器/测试缓存；只建议清理，不执行,CACHE,4459,False,0,,eb10213ffcc7101b3aa23f82d8bb217f6ddcfe830c8b6f504880e411ab78e916,NONE; preserve original path if referenced by frozen manifest
tests/__pycache__/test_deduplication.cpython-313.pyc,DELETE_CANDIDATE,可再生成的解释器/测试缓存；只建议清理，不执行,CACHE,4345,False,0,,2df48f1a403d05cc9e6b895c62f130fd97d431f70efa7855f59ab5fde234b4b8,NONE; preserve original path if referenced by frozen manifest
tests/__pycache__/test_experiment_tracking.cpython-313-pytest-8.3.4.pyc,DELETE_CANDIDATE,可再生成的解释器/测试缓存；只建议清理，不执行,CACHE,6086,False,0,,83bd250da0ff758fa01c60eb410a70bda6c02a164debb42d191e79f0d5ed3b2a,NONE; preserve original path if referenced by frozen manifest
tests/__pycache__/test_experiment_tracking.cpython-313.pyc,DELETE_CANDIDATE,可再生成的解释器/测试缓存；只建议清理，不执行,CACHE,4538,False,0,,91307fd6f9f0784f0c45c7440254cb0c3b8a6cb4078b5d23db1db94dee80ec38,NONE; preserve original path if referenced by frozen manifest
tests/__pycache__/test_generation.cpython-310.pyc,DELETE_CANDIDATE,可再生成的解释器/测试缓存；只建议清理，不执行,CACHE,33740,False,0,,03bdea76475ec49957d5a5ac42ff8c3fd5190324f81af713926ab4ed86873b78,NONE; preserve original path if referenced by frozen manifest
tests/__pycache__/test_generation.cpython-313-pytest-8.3.4.pyc,DELETE_CANDIDATE,可再生成的解释器/测试缓存；只建议清理，不执行,CACHE,66462,False,0,,e0d18baf9d4e508eecfe49d18f85d22e46d99606583f7e2c53032509adcf0041,NONE; preserve original path if referenced by frozen manifest
tests/__pycache__/test_generation.cpython-313.pyc,DELETE_CANDIDATE,可再生成的解释器/测试缓存；只建议清理，不执行,CACHE,46830,False,0,,703d9535fd261c4cb4fb7eaabc58f8b4a4d9e7e662ddd4439285264feb29eedc,NONE; preserve original path if referenced by frozen manifest
tests/__pycache__/test_images.cpython-313-pytest-8.3.4.pyc,DELETE_CANDIDATE,可再生成的解释器/测试缓存；只建议清理，不执行,CACHE,4973,False,0,,7cd77a1487680a88d885fdc98ec8bfcb631860f16861df91c414df62ec10881c,NONE; preserve original path if referenced by frozen manifest
tests/__pycache__/test_images.cpython-313.pyc,DELETE_CANDIDATE,可再生成的解释器/测试缓存；只建议清理，不执行,CACHE,4859,False,0,,22bcafa120e9c04b57c80bedc73954aae2133efd8f399b3fd19f871711ead20d,NONE; preserve original path if referenced by frozen manifest
tests/__pycache__/test_lora_data.cpython-313-pytest-8.3.4.pyc,DELETE_CANDIDATE,可再生成的解释器/测试缓存；只建议清理，不执行,CACHE,11571,False,0,,d138995721db2c530a5286b6891479ad6341ed2ac8fd5f107b4a37937fcc6b6b,NONE; preserve original path if referenced by frozen manifest
tests/__pycache__/test_lora_training.cpython-313-pytest-8.3.4.pyc,DELETE_CANDIDATE,可再生成的解释器/测试缓存；只建议清理，不执行,CACHE,41232,False,0,,7a980c43658695ad3a6f35a68a4f50b5ad1ae54960c52f287b3e42cf5b298ee3,NONE; preserve original path if referenced by frozen manifest
tests/__pycache__/test_lora_validation.cpython-313-pytest-8.3.4.pyc,DELETE_CANDIDATE,可再生成的解释器/测试缓存；只建议清理，不执行,CACHE,39225,False,0,,727da543f4f1baf18a6b3005a706d04e74f024d22ccbfcff911ffc28a3a183f0,NONE; preserve original path if referenced by frozen manifest
tests/__pycache__/test_lora_validation_quick32.cpython-313-pytest-8.3.4.pyc,DELETE_CANDIDATE,可再生成的解释器/测试缓存；只建议清理，不执行,CACHE,19887,False,0,,81a0a5c20b20815a9bf235129c3803cf503191846225c5bf193f5d1a571b3a30,NONE; preserve original path if referenced by frozen manifest
tests/__pycache__/test_pipeline.cpython-313-pytest-8.3.4.pyc,DELETE_CANDIDATE,可再生成的解释器/测试缓存；只建议清理，不执行,CACHE,5577,False,0,,0b48752d5ba8f391a32ffb51d2f32e4d08afbe621a73799d679a1b22b52e082e,NONE; preserve original path if referenced by frozen manifest
tests/__pycache__/test_pipeline.cpython-313.pyc,DELETE_CANDIDATE,可再生成的解释器/测试缓存；只建议清理，不执行,CACHE,5463,False,0,,5d7d9b2b47c0a0c690ecbc6acee445d7cbb24735bbf7c1bdbc61729c648295f2,NONE; preserve original path if referenced by frozen manifest
tests/__pycache__/test_qlora_memory.cpython-313-pytest-8.3.4.pyc,DELETE_CANDIDATE,可再生成的解释器/测试缓存；只建议清理，不执行,CACHE,24642,False,0,,27877d5e4af752a776cb723514cbaf825c5a91436f01d284ce55dcb0a291ed9c,NONE; preserve original path if referenced by frozen manifest
tests/__pycache__/test_qlora_smoke.cpython-313-pytest-8.3.4.pyc,DELETE_CANDIDATE,可再生成的解释器/测试缓存；只建议清理，不执行,CACHE,5782,False,0,,cb4aa5b7209f6127ecc8eec7b1ba85db7ac8833946f7cdbee244853fe9e7954c,NONE; preserve original path if referenced by frozen manifest
tests/__pycache__/test_rag_formal.cpython-313-pytest-8.3.4.pyc,DELETE_CANDIDATE,可再生成的解释器/测试缓存；只建议清理，不执行,CACHE,12048,False,0,,20d0729514762427f9853cdb9efdf28da604143a6610a10c641f19a6234fe7eb,NONE; preserve original path if referenced by frozen manifest
tests/__pycache__/test_rag_formal.cpython-313.pyc,DELETE_CANDIDATE,可再生成的解释器/测试缓存；只建议清理，不执行,CACHE,11935,False,0,,fd95c8feb7155a4ed0fb19d91362e499eaa2d27c8c936a92c308625414682a75,NONE; preserve original path if referenced by frozen manifest
tests/__pycache__/test_retrieval_evaluation.cpython-313-pytest-8.3.4.pyc,DELETE_CANDIDATE,可再生成的解释器/测试缓存；只建议清理，不执行,CACHE,11591,False,0,,720f2c00493a61c932979f35e744dec457a1358a6a3f4ec644d4675adedb2830,NONE; preserve original path if referenced by frozen manifest
tests/__pycache__/test_retrieval_evaluation.cpython-313.pyc,DELETE_CANDIDATE,可再生成的解释器/测试缓存；只建议清理，不执行,CACHE,11477,False,0,,5d4056c8306340656a3d19e5412a8c65af30c37f404df58eabee06f819921b94,NONE; preserve original path if referenced by frozen manifest
tests/__pycache__/test_retrieval_index.cpython-313-pytest-8.3.4.pyc,DELETE_CANDIDATE,可再生成的解释器/测试缓存；只建议清理，不执行,CACHE,7794,False,0,,40ac2099296a512ce02bc88111a6093ce9d5da8cb307aabfbd91336a62f722cb,NONE; preserve original path if referenced by frozen manifest
tests/__pycache__/test_retrieval_index.cpython-313.pyc,DELETE_CANDIDATE,可再生成的解释器/测试缓存；只建议清理，不执行,CACHE,7681,False,0,,5b3a2a8c0f05cbe71e6bb1b7e67a2753da6eaf67ef3d6d61b37cf806eb54d783,NONE; preserve original path if referenced by frozen manifest
tests/__pycache__/test_retrieval_rerank.cpython-313-pytest-8.3.4.pyc,DELETE_CANDIDATE,可再生成的解释器/测试缓存；只建议清理，不执行,CACHE,6306,False,0,,f3b09a4719a213128b753c53829b9a5304a9ca7b01c43a9b35723eb4daa4cf92,NONE; preserve original path if referenced by frozen manifest
tests/__pycache__/test_retrieval_rerank.cpython-313.pyc,DELETE_CANDIDATE,可再生成的解释器/测试缓存；只建议清理，不执行,CACHE,6193,False,0,,b6ca88a313f1d43d54fe28a6162dbbbf200bd9575de04cf4886a7f0d597978b2,NONE; preserve original path if referenced by frozen manifest
tests/__pycache__/test_retrieval_rerank_formal.cpython-313-pytest-8.3.4.pyc,DELETE_CANDIDATE,可再生成的解释器/测试缓存；只建议清理，不执行,CACHE,4560,False,0,,6fffb00669e1d5942e0f6b11147754a210e6baab7345d2555b62558bd96d51d6,NONE; preserve original path if referenced by frozen manifest
tests/__pycache__/test_retrieval_rerank_formal.cpython-313.pyc,DELETE_CANDIDATE,可再生成的解释器/测试缓存；只建议清理，不执行,CACHE,4447,False,0,,b8896776238e90e9ba05b44f95f5e6b9f03cc740fd4fdf52f1646b9a032d676b,NONE; preserve original path if referenced by frozen manifest
tests/__pycache__/test_retrieval_runtime.cpython-313-pytest-8.3.4.pyc,DELETE_CANDIDATE,可再生成的解释器/测试缓存；只建议清理，不执行,CACHE,2157,False,0,,76e89f45653097d999c933787257f4f1bf86cacd02732d0a5eedf347ccfc788d,NONE; preserve original path if referenced by frozen manifest
tests/__pycache__/test_retrieval_runtime.cpython-313.pyc,DELETE_CANDIDATE,可再生成的解释器/测试缓存；只建议清理，不执行,CACHE,2044,False,0,,8ea2f72e33a7f5502cba3ed296df86dba924e5976ad93cfd23be4acfbd7d53ee,NONE; preserve original path if referenced by frozen manifest
tests/__pycache__/test_review.cpython-313-pytest-8.3.4.pyc,DELETE_CANDIDATE,可再生成的解释器/测试缓存；只建议清理，不执行,CACHE,5215,False,0,,d068ef800cf1e9b567248fde991a14bd43f75875b1ea85f53c4e187a46d41067,NONE; preserve original path if referenced by frozen manifest
tests/__pycache__/test_review.cpython-313.pyc,DELETE_CANDIDATE,可再生成的解释器/测试缓存；只建议清理，不执行,CACHE,5102,False,0,,c03e890392c2371b69610fd1b16ef8b29d1816631622eb27d32070c621ce69be,NONE; preserve original path if referenced by frozen manifest
tests/test_data.py,KEEP_FINAL,回归与保护规则测试（包含工程smoke的测试，不等同于运行模型smoke）,RECOMMENDED,5153,True,0,,2b74d3d85978f364890a5cba7332739531d5d5f3c20f6565803d43e47d6fdd15,NONE; preserve original path if referenced by frozen manifest
tests/test_deduplication.py,KEEP_FINAL,回归与保护规则测试（包含工程smoke的测试，不等同于运行模型smoke）,RECOMMENDED,2456,True,0,,85d4065ce4e74f919ab5697960a9738ad7bf1887038d2d2c60c8ff1b6b5f54ec,NONE; preserve original path if referenced by frozen manifest
tests/test_experiment_tracking.py,KEEP_FINAL,回归与保护规则测试（包含工程smoke的测试，不等同于运行模型smoke）,RECOMMENDED,3039,True,0,,ef06f57c8ec7399985d9302caed42c0281988964ac34dcfe0ab947260c744eb1,NONE; preserve original path if referenced by frozen manifest
tests/test_generation.py,KEEP_FINAL,回归与保护规则测试（包含工程smoke的测试，不等同于运行模型smoke）,RECOMMENDED,54921,True,1,reports/generation/rag/rag_v2_p25_checkpoint_manifest_v1.json,6caea6d27b684d8f7292605e2d990d4c8d0aff84880445bde3aa3bac8b444d3b,NONE; preserve original path if referenced by frozen manifest
tests/test_images.py,KEEP_FINAL,回归与保护规则测试（包含工程smoke的测试，不等同于运行模型smoke）,RECOMMENDED,2177,True,0,,daabcc5f7cbf7c3678600c85fe4a502a5cfb4c18b0cc2f4351501a346ea218b7,NONE; preserve original path if referenced by frozen manifest
tests/test_lora_data.py,KEEP_FINAL,回归与保护规则测试（包含工程smoke的测试，不等同于运行模型smoke）,RECOMMENDED,8199,False,1,reports/generation/lora/lora_instruction_data_v1_final_manifest.json,2eba1b4f2198d1d46f2001be2e4a1442bb6b926c245ae5a2523025e80ccb488b,NONE; preserve original path if referenced by frozen manifest
tests/test_lora_formal_test.py,KEEP_FINAL,回归与保护规则测试（包含工程smoke的测试，不等同于运行模型smoke）,RECOMMENDED,8737,False,4,reports/generation/lora/project_test100_v1/human_review_finalization_manifest.json | reports/generation/lora/project_test100_v1/protocol_manifest.json | reports/generation/lora_rag/lora_rag_project_test100_v1/final_review_manifest.json | reports/generation/lora_rag/lora_rag_project_test100_v1/protocol_manifest.json,a5437a473e491cb062d784a6698d89bfb3eebd31a72cd6aa3a4ab94acf19bded,NONE; preserve original path if referenced by frozen manifest
tests/test_lora_rag_integration.py,KEEP_FINAL,回归与保护规则测试（包含工程smoke的测试，不等同于运行模型smoke）,RECOMMENDED,12967,False,4,reports/generation/lora_rag/lora_rag_project_test100_v1/final_review_manifest.json | reports/generation/lora_rag/lora_rag_project_test100_v1/protocol_manifest.json | reports/generation/lora_rag/lora_rag_v2_development24_v1/final_review_manifest.json | reports/generation/lora_rag/lora_rag_v2_development24_v1/protocol_manifest.json,39d4ad452035677235f195825f99ae9ded244391b13cc5a296f32f42180f9592,NONE; preserve original path if referenced by frozen manifest
tests/test_lora_rag_project_test.py,KEEP_FINAL,回归与保护规则测试（包含工程smoke的测试，不等同于运行模型smoke）,RECOMMENDED,9865,False,2,reports/generation/lora_rag/lora_rag_project_test100_v1/final_review_manifest.json | reports/generation/lora_rag/lora_rag_project_test100_v1/protocol_manifest.json,3ad0d8a74b43c50c1aed00cc205a78708c18607bd4f1c8d13ab85b7cb69eb33d,NONE; preserve original path if referenced by frozen manifest
tests/test_lora_training.py,KEEP_FINAL,回归与保护规则测试（包含工程smoke的测试，不等同于运行模型smoke）,RECOMMENDED,8941,False,3,reports/generation/lora/lora_v1_pretraining_manifest.json | reports/generation/lora/lora_v1_training/final_manifest.json | reports/generation/lora/p6_2_trainer_archive_manifest.json,48bfc2072d1d1f58c7d15d16a0acbe63f143ae8d9b1fd333ae66693aec28453b,NONE; preserve original path if referenced by frozen manifest
tests/test_lora_validation.py,KEEP_FINAL,回归与保护规则测试（包含工程smoke的测试，不等同于运行模型smoke）,RECOMMENDED,9888,False,6,reports/generation/lora/project_validation_v1/delivery_manifest.json | reports/generation/lora/project_validation_v1/protocol_manifest.json | reports/generation/lora_rag/lora_rag_project_test100_v1/final_review_manifest.json | reports/generation/lora_rag/lora_rag_project_test100_v1/protocol_manifest.json | reports/generation/lora_rag/lora_rag_v2_development24_v1/final_review_manifest.json | reports/generation/lora_rag/lora_rag_v2_development24_v1/protocol_manifest.json,d469ffd7fa0a858e3c743863efd75a06cc51d5dcb6885465b8414680f8122827,NONE; preserve original path if referenced by frozen manifest
tests/test_lora_validation_quick32.py,KEEP_FINAL,回归与保护规则测试（包含工程smoke的测试，不等同于运行模型smoke）,RECOMMENDED,4834,False,2,reports/generation/lora/project_validation_v1/automatic_phase_manifest.json | reports/generation/lora/project_validation_v1/delivery_manifest.json,8215e745d2bb1a180ca7b6277f07f0eb70d62caacbd25d06835e4a818c86961e,NONE; preserve original path if referenced by frozen manifest
tests/test_pipeline.py,KEEP_FINAL,回归与保护规则测试（包含工程smoke的测试，不等同于运行模型smoke）,RECOMMENDED,3886,True,0,,5e772b59d777aa5c7caf65881d67eb2bc315dafafbd073f51ec67c82b33a3e0d,NONE; preserve original path if referenced by frozen manifest
tests/test_qlora_memory.py,KEEP_FINAL,回归与保护规则测试（包含工程smoke的测试，不等同于运行模型smoke）,RECOMMENDED,3985,False,3,reports/generation/lora/lora_v1_pretraining_manifest.json | reports/generation/lora/lora_v1_training/final_manifest.json | reports/generation/lora/p6_low_memory_smoke_v1_archive_manifest.json,46d850f119499a5c33a229d70a31372dd44d9892591db1a917956b3956197e2b,NONE; preserve original path if referenced by frozen manifest
tests/test_qlora_smoke.py,KEEP_FINAL,回归与保护规则测试（包含工程smoke的测试，不等同于运行模型smoke）,RECOMMENDED,1072,False,0,,e3bd38250f3b4a285a0f8d9067fa208e9089acfc0cdb0dbbaa3c9417e6d014a2,NONE; preserve original path if referenced by frozen manifest
tests/test_rag_formal.py,KEEP_FINAL,回归与保护规则测试（包含工程smoke的测试，不等同于运行模型smoke）,RECOMMENDED,10316,True,0,,ec2f308a906f28472cfad98839218d9d77e9c6c19393c8aee50572f432f4e372,NONE; preserve original path if referenced by frozen manifest
tests/test_retrieval_evaluation.py,KEEP_FINAL,回归与保护规则测试（包含工程smoke的测试，不等同于运行模型smoke）,RECOMMENDED,7549,True,0,,5adc2d8cd12e4aa7adcd902bbcd528aec60a5cba5feb6a4f1c64c5464f7367f5,NONE; preserve original path if referenced by frozen manifest
tests/test_retrieval_index.py,KEEP_FINAL,回归与保护规则测试（包含工程smoke的测试，不等同于运行模型smoke）,RECOMMENDED,4676,True,0,,775e9b50e1d8ec1de744c2fe2fc4e5a94c70840435fab22f2bf824d16ee25272,NONE; preserve original path if referenced by frozen manifest
tests/test_retrieval_rerank.py,KEEP_FINAL,回归与保护规则测试（包含工程smoke的测试，不等同于运行模型smoke）,RECOMMENDED,4692,True,0,,949932a1585516cbb3ef4f693ea4d74778498af75ca4d213f47c23018851e44c,NONE; preserve original path if referenced by frozen manifest
tests/test_retrieval_rerank_formal.py,KEEP_FINAL,回归与保护规则测试（包含工程smoke的测试，不等同于运行模型smoke）,RECOMMENDED,2521,True,1,reports/retrieval/rerank/rerank_v1_formal_manifest.json,427c65294aa233a69b3baec17e8e324fa465310a5474664e1345b0713f517f8e,NONE; preserve original path if referenced by frozen manifest
tests/test_retrieval_runtime.py,KEEP_FINAL,回归与保护规则测试（包含工程smoke的测试，不等同于运行模型smoke）,RECOMMENDED,1027,True,0,,48f3949f310d5bc2c7c8676fd7897a5189d3616918ea57499f5b60876853048a,NONE; preserve original path if referenced by frozen manifest
tests/test_review.py,KEEP_FINAL,回归与保护规则测试（包含工程smoke的测试，不等同于运行模型smoke）,RECOMMENDED,3246,True,0,,e733a279edfe3b747ecf848368d540608e1eb0df5888827d4d4fe3531f605842,NONE; preserve original path if referenced by frozen manifest
Week2.md,ARCHIVE,本地计划/迁移/交接或其他辅助材料，具体交付用途待人工确认；不删除,LEGACY,19299,False,0,,eb5b5f489b18104a7db9688f4264fd2f8460572fc61c1aec4ed78adc54410b20,NONE; preserve original path if referenced by frozen manifest
