audit_version,scope,use_for_tuning,product_id,category_l1,category_l2,status,issue_code,review_note,blocked_fields,title,relevant_attributes,image_path,image_sha256,source_dataset,source_dataset_sha256
week2_rag_fact_quality_audit_v1,validation,yes,37547557851,3C数码,键盘,PASS,none,本轮未发现标题、结构化属性与主图之间的明显冲突；不等同于外部商品真值确认。,,【石家庄发货】双飞燕KR-6A圆角舒办公家用USB有线防水电脑单键盘,"{""双飞燕型号"": [""kr-6a""], ""品牌"": [""双飞燕""], ""售后服务"": [""全国联保""], ""套餐类型"": [""官方标配""], ""成色"": [""全新""], ""接口类型"": [""USB"", ""PS/2""], ""是否支持人体工程学"": [""支持""], ""是否无线"": [""有线""], ""是否有多媒体功能键"": [""无""], ""是否机械键盘"": [""否""], ""有无手托"": [""无""], ""颜色分类"": [""USB扁口键盘+锁边大鼠标垫"", ""电脑通用: USB扁口有线键盘"", ""USB扁口键盘+双飞燕鼠标垫"", ""批发选项:USB扁口10个起拍"", ""USB扁口键盘+普通小鼠标垫""]}",data/images/week1_v3/37547557851.webp,3524d9f84df308a52a733eaa4f17c78d7f802a912fb4be02702b2a49baea3ac2,data/processed/week1_v3/multimodal/validation.jsonl,dd2bc1d6c21567176d95f5414bfd9304f48979b3bb39ab0b038627b1f346af0b
week2_rag_fact_quality_audit_v1,validation,yes,41137975381,3C数码,移动电源,REVIEW,accessory_boundary,商品是免焊接移动电源盒/充电宝壳，电池容量为 0mAh；需确认配件是否应纳入移动电源生成范围。,category_l2|电池容量|附加功能,6节可拆卸免焊接移动电源盒3.7/5/6/9/12V可调电压18650充电宝壳,"{""充电协议"": [""其他""], ""品牌"": [""MFYYJX""], ""型号"": [""116版""], ""外壳材质"": [""塑料""], ""尺寸"": [""162x82x22mm""], ""智能类型"": [""其他智能""], ""电池容量"": [""0mAh""], ""电池类型"": [""锂电池""], ""电芯类型"": [""圆柱状铝壳""], ""附加功能"": [""多U口输出"", ""带LED手电""], ""颜色分类"": [""QC双向快充 纯白(不含电池)"", ""标准版 黑盖(不含电池)"", ""QC双向快充 白盖(不含电池)"", ""标准版 纯白(不含电池)"", ""标准版 黑盖+双公头5.5线"", ""标准版 白盖(不含电池)"", ""QC双向快充 纯黑(不含电池)"", ""QC双向快充 黑盖+双公头5.5线"", ""标准版 纯黑(不含电池)"", ""QC双向快充 黑盖(不含电池)""]}",data/images/week1_v3/41137975381.webp,9e63d7be974daf0d8fa1c6cff608c6b1ffdbf67233fc00aad466d0c8147fa4b6,data/processed/week1_v3/multimodal/validation.jsonl,dd2bc1d6c21567176d95f5414bfd9304f48979b3bb39ab0b038627b1f346af0b
week2_rag_fact_quality_audit_v1,validation,yes,44167486558,家居日用,垃圾桶,PASS,none,本轮未发现标题、结构化属性与主图之间的明显冲突；不等同于外部商品真值确认。,,华萍 垃圾桶 无盖 欧式时尚金属纸篓 大号家用免脚踏式垃圾桶客厅,"{""品牌"": [""HP/华萍""], ""垃圾桶类型"": [""纸篓""], ""外壳材质"": [""金属""], ""容量"": [""10L""], ""开合方式"": [""无盖""], ""形状"": [""圆桶形""], ""货号"": [""HP850F""], ""适用场景"": [""家庭使用""], ""颜色分类"": [""HP850F 13升香槟色"", ""HP840 10升银"", ""0092北欧绿"", ""HP830 8升银"", ""0092北欧粉"", ""HP830F 8升香槟色"", ""0092北欧蓝"", ""HP840F 10升香槟色"", ""HP860F 18升香槟色""]}",data/images/week1_v3/44167486558.webp,f9d293c461d784c4adbee3ad76d28dbb4de4d912ed84b9683bc6bcb0c1b08138,data/processed/week1_v3/multimodal/validation.jsonl,dd2bc1d6c21567176d95f5414bfd9304f48979b3bb39ab0b038627b1f346af0b
week2_rag_fact_quality_audit_v1,validation,yes,44604493546,家居日用,拖把,PASS,none,本轮未发现标题、结构化属性与主图之间的明显冲突；不等同于外部商品真值确认。,,美丽雅平板拖把夹布式木地板地拖家用地板擦吸头发吸水墩布四拖布,"{""吸水性"": [""10s以下""], ""品牌"": [""Maryya/美丽雅""], ""型号"": [""HC50433""], ""尘推类型"": [""夹固式""], ""拖布材质"": [""超细纤维""], ""拖把杆的承重"": [""10KG以上""], ""杆材质"": [""不锈钢""], ""电源方式"": [""手动""], ""耐腐蚀度"": [""9级(含)-9.9级(含)""], ""脱水率"": [""90%(含)-100%(含)""], ""适用空间"": [""客厅""], ""颜色分类"": [""乐佳亮彩(铝合金杆)"", ""亲亲经典(不锈钢杆)""]}",data/images/week1_v3/44604493546.webp,67753783f453662095cf6887d1ec58d4b3e60477281b85cdbe55d1c520a55b97,data/processed/week1_v3/multimodal/validation.jsonl,dd2bc1d6c21567176d95f5414bfd9304f48979b3bb39ab0b038627b1f346af0b
week2_rag_fact_quality_audit_v1,validation,yes,520540561631,家居日用,保温杯,PASS,none,本轮未发现标题、结构化属性与主图之间的明显冲突；不等同于外部商品真值确认。,,路饮者不锈钢儿童保温杯Q7背带水壶带盖宝宝小学生水杯子防漏耐摔,"{""主图来源"": [""自主实拍图""], ""产地"": [""中国大陆""], ""保温产品"": [""保温杯""], ""保温性能描述"": [""69度以上6小时 / 41度以上24小时""], ""保温时长"": [""24小时(含)-36小时(不含)""], ""包装体积"": [""8cm*8cm*22.3cm""], ""品牌"": [""LUINSER/路饮者""], ""型号"": [""HVT1347-500""], ""容量"": [""401mL(含)-500mL(含)""], ""材质"": [""304不锈钢""], ""杯子容量值"": [""500ml""], ""杯子样式"": [""直身杯""], ""毛重"": [""0.504KG""], ""流行元素"": [""卡通""], ""适用人群"": [""学生""], ""适用场景"": [""运动""], ""适用空间"": [""户外""], ""颜色分类"": [""黄色350ml"", ""冬己白色500ML"", ""冬己白色350ML"", ""冬己粉色500ML"", ""冬己粉色350ML"", ""粉色350ML""], ""风格"": [""中式""]}",data/images/week1_v3/520540561631.webp,053d73f4b636234ea628c741c67f39e7faf1c0d111e4400f8eec95510acee976,data/processed/week1_v3/multimodal/validation.jsonl,dd2bc1d6c21567176d95f5414bfd9304f48979b3bb39ab0b038627b1f346af0b
week2_rag_fact_quality_audit_v1,validation,yes,522712107019,3C数码,鼠标,PASS,none,本轮未发现标题、结构化属性与主图之间的明显冲突；不等同于外部商品真值确认。,,微软Sculpt Ergonomic人体工学无线鼠标大馒头鼠标win10鼠标顺丰,"{""光学分辨率"": [""1000dpi""], ""品牌"": [""Microsoft/微软""], ""套餐类型"": [""官方标配""], ""工作方式"": [""蓝影""], ""微软无线型号"": [""sculpt人体工学鼠标""], ""成色"": [""全新""], ""按键数"": [""4个""], ""无线技术"": [""2.4GHz""], ""无线距离"": [""10m""], ""是否支持人体工程学"": [""支持""], ""是否盒装正品"": [""是""], ""滚轮数"": [""1个""], ""电源方式"": [""1节5号电池""], ""颜色分类"": [""彩盒版""]}",data/images/week1_v3/522712107019.webp,dc6c226153a6e4011256bcf9db5e88d9ec7341db7e35eb389c7fb362d0828538,data/processed/week1_v3/multimodal/validation.jsonl,dd2bc1d6c21567176d95f5414bfd9304f48979b3bb39ab0b038627b1f346af0b
week2_rag_fact_quality_audit_v1,validation,yes,524047928075,家居日用,保温杯,PASS,none,本轮未发现标题、结构化属性与主图之间的明显冲突；不等同于外部商品真值确认。,,生日礼物台湾星巴克杯子咖啡杯正品圣诞星光雪花超轻保温随行杯,"{""主图来源"": [""自主实拍图""], ""产地"": [""马来西亚""], ""保温产品"": [""保温杯""], ""保温性能描述"": [""90°以上开水6个小时""], ""保温时长"": [""6小时(含)-12小时(不含)""], ""品牌"": [""星巴克""], ""型号"": [""500ml""], ""容量"": [""401mL(含)-500mL(含)""], ""材质"": [""304不锈钢""], ""杯子容量值"": [""500毫升""], ""杯子样式"": [""直身杯""], ""颜色分类"": [""耶誕星光隨身瓶400ML"", ""雪花飛舞隨身瓶500ML""]}",data/images/week1_v3/524047928075.webp,02e901e24c2240044a6461fb6284d981bdf5e6966c3990ed27c97e4dc9048cde,data/processed/week1_v3/multimodal/validation.jsonl,dd2bc1d6c21567176d95f5414bfd9304f48979b3bb39ab0b038627b1f346af0b
week2_rag_fact_quality_audit_v1,validation,yes,526413502198,3C数码,鼠标,REVIEW,service_listing_boundary,标题主要销售鼠标维修/更换微动服务，主图是鼠标；需确认生成对象是服务还是商品。,category_l2|型号|接口类型,赛睿有线鼠标维修理永不双击连击换新品黄金触点微动移动失灵挑垫,"{""光学分辨率"": [""3200dpi""], ""品牌"": [""steelseries/赛睿""], ""售后服务"": [""其他/other""], ""型号"": [""突袭者""], ""套餐类型"": [""套餐一""], ""工作方式"": [""光学""], ""成色"": [""全新""], ""按键数"": [""3个""], ""接口类型"": [""RS(方口)""], ""是否支持人体工程学"": [""支持""], ""毛重"": [""230.00g""], ""颜色分类"": [""修其他内容"", ""(推荐)换黄金触点微动"", ""修移动出问题""]}",data/images/week1_v3/526413502198.webp,5b7881c2197e9138d2907983f0ae1ee667f71b27fd717578ab4878250a66cdf3,data/processed/week1_v3/multimodal/validation.jsonl,dd2bc1d6c21567176d95f5414bfd9304f48979b3bb39ab0b038627b1f346af0b
week2_rag_fact_quality_audit_v1,validation,yes,529465827962,家居日用,收纳箱,PASS,none,本轮未发现标题、结构化属性与主图之间的明显冲突；不等同于外部商品真值确认。,,高档古典红色中式结婚嫁妆木箱子新娘陪嫁箱实木储物盒收纳礼金箱,"{""净重"": [""2kg""], ""品牌"": [""艺茗轩""], ""型号"": [""YMXHX""], ""尺寸"": [""小号【30.5*20*14】"", ""中号【35*23*16】"", ""大号【42*26*20】""], ""是否手工"": [""是""], ""材质"": [""其他""], ""流行元素"": [""复古风""], ""货号"": [""A079""], ""适用人群"": [""大众""], ""适用对象"": [""磁卡"", ""遥控器"", ""化妆用品/首饰"", ""包包"", ""毛衣"", ""大衣/西服"", ""内衣"", ""卫生棉/卫生巾"", ""耳机线/电线""], ""适用空间"": [""卧室""], ""颜色分类"": [""红色""], ""风格"": [""中式""]}",data/images/week1_v3/529465827962.webp,a1c5e073d2b67c5edb3052c423f5aecec969b471188a99b451e74ade0154c283,data/processed/week1_v3/multimodal/validation.jsonl,dd2bc1d6c21567176d95f5414bfd9304f48979b3bb39ab0b038627b1f346af0b
week2_rag_fact_quality_audit_v1,validation,yes,530346398599,3C数码,鼠标,PASS,none,本轮未发现标题、结构化属性与主图之间的明显冲突；不等同于外部商品真值确认。,,笔记本静音有线 可爱无声联想戴尔华硕小米惠普女USB台式电脑鼠标,"{""上市时间"": [""2020-01-18""], ""光学分辨率"": [""800dpi""], ""包装体积"": [""2""], ""品牌"": [""other/其他""], ""售后服务"": [""店铺三包""], ""套餐类型"": [""官方标配""], ""工作方式"": [""光学""], ""成色"": [""全新""], ""按键数"": [""3个""], ""接口类型"": [""USB""], ""是否支持人体工程学"": [""支持""], ""毛重"": [""15""], ""系列"": [""其他/other""], ""颜色分类"": [""有线白色游戏鼠标发光板"", ""静音猫胡子无线黑鼠标垫加电池"", ""中性有线粉色送鼠标垫"", ""静音无线白色KT送鼠标垫"", ""静音有线粉色送鼠标垫"", ""静音无线小kt粉色送鼠标垫加电池"", ""静音有线白色送鼠标垫"", ""中性有线黑色送鼠标垫"", ""静音有线黑色送鼠标垫"", ""非静音猫胡子无线鼠标垫加电池"", ""中性有线白色送鼠标垫"", ""有线黑色游戏鼠标发光板"", ""静音有线熊猫粉色送鼠标垫"", ""静音无线粉色KT送鼠标垫"", ""中性有线银色送鼠标垫"", ""有线粉色加重静音101送鼠标垫"", ""静音猫胡子无线粉鼠标垫加电池"", ""静音猫胡子无线送鼠标垫"", ""有线粉色游戏鼠标发光板""]}",data/images/week1_v3/530346398599.webp,c83c871fdd1d1b32d4e7ed055eb372cfc56048cb1bed36ede4d692881a87fd2e,data/processed/week1_v3/multimodal/validation.jsonl,dd2bc1d6c21567176d95f5414bfd9304f48979b3bb39ab0b038627b1f346af0b
week2_rag_fact_quality_audit_v1,validation,yes,534591817203,家居日用,保温杯,PASS,none,本轮未发现标题、结构化属性与主图之间的明显冲突；不等同于外部商品真值确认。,,富光智能水杯保温杯礼品定制降温杯子男士商务控温茶杯不锈钢,"{""产地"": [""中国大陆""], ""保温性能描述"": [""室温20度环境下,注入95度以上热水,密封放置6小时水温≤50度""], ""保温时长"": [""6小时以下""], ""品牌"": [""富光""], ""型号"": [""FGL-3569""], ""容量"": [""201mL(含)-300mL(含)""], ""材质"": [""304不锈钢""], ""杯子样式"": [""直身杯""], ""颜色分类"": [""本色"", ""金色"", ""黑紫色""]}",data/images/week1_v3/534591817203.webp,139b0b5ac002d0054df5d0dc2a7f3df8c07bd80f10c677174904c0628b93473f,data/processed/week1_v3/multimodal/validation.jsonl,dd2bc1d6c21567176d95f5414bfd9304f48979b3bb39ab0b038627b1f346af0b
week2_rag_fact_quality_audit_v1,validation,yes,535288743349,3C数码,键盘,PASS,none,本轮未发现标题、结构化属性与主图之间的明显冲突；不等同于外部商品真值确认。,,黑爵AK60樱桃轴机械键盘cherry原厂青轴黑轴茶轴红轴电竞侧刻RGB,"{""保修期"": [""12个月""], ""品牌"": [""Ajazz/黑爵""], ""售后服务"": [""全国联保""], ""型号"": [""光环AK60""], ""套餐类型"": [""官方标配""], ""成色"": [""全新""], ""接口类型"": [""USB""], ""是否支持人体工程学"": [""支持""], ""是否无线"": [""有线""], ""是否有多媒体功能键"": [""有""], ""是否机械键盘"": [""是""], ""颜色分类"": [""Cherry黑轴(白光版)"", ""Cherry茶轴(白光版)"", ""Ajazz青轴(RGB版)"", ""Cherry红轴(RGB版)"", ""光轴绿光版"", ""Ajazz红轴(RGB版)"", ""Cherry青轴(RGB版)"", ""Ajazz黑轴(白光版)"", ""Ajazz茶轴(RGB版)"", ""RGB联动套装"", ""Ajazz银轴(RGB版)"", ""Ajazz青轴(白光版)""]}",data/images/week1_v3/535288743349.webp,c3297aca752c5400ced6b77f9b0032cee58e5f8cfc7a0a9b09973b685380d20a,data/processed/week1_v3/multimodal/validation.jsonl,dd2bc1d6c21567176d95f5414bfd9304f48979b3bb39ab0b038627b1f346af0b
week2_rag_fact_quality_audit_v1,validation,yes,535858215415,家居日用,垃圾桶,PASS,none,本轮未发现标题、结构化属性与主图之间的明显冲突；不等同于外部商品真值确认。,,环保分类不锈钢创意垃圾桶脚踏家用欧式厨房客厅酒店带盖30升大号,"{""品牌"": [""永昌家居""], ""国家"": [""英国""], ""垃圾桶类型"": [""脚踏式""], ""外壳材质"": [""不锈钢""], ""容量"": [""12L以上""], ""开合方式"": [""脚踏式""], ""形状"": [""长筒形""], ""洲"": [""欧洲""], ""货号"": [""垃圾桶""], ""适用场景"": [""家庭使用""], ""颜色分类"": [""方形15升砂光"", ""30L分类双内桶款"", ""高尚方形8升黑金"", ""高尚方形20L玫瑰金"", ""高尚方形8升玫瑰金"", ""方形15升香槟金"", ""分类双桶40升(20*2个内桶)"", ""高尚方形12升土豪金"", ""面包款30升香槟金"", ""高尚方形20L土豪金"", ""高尚方形8升砂光"", ""高尚方形40L砂光"", ""高尚方形12升黑金"", ""高尚方形20升黑金"", ""高尚方形12升砂光"", ""高尚方形12升玫瑰金"", ""分类双桶24升(12*2个内桶)"", ""高尚方形30L土豪金"", ""面包款20升砂光"", ""面包款20升香槟金"", ""高尚方形30L砂光"", ""高尚方形8升土豪金"", ""30L单桶面包盖款"", ""高尚方形20L砂光""]}",data/images/week1_v3/535858215415.webp,1f55825f5d1bad7c9f88b375ec61df0445265e44a3eb9414240ab3cfc2ed2981,data/processed/week1_v3/multimodal/validation.jsonl,dd2bc1d6c21567176d95f5414bfd9304f48979b3bb39ab0b038627b1f346af0b
week2_rag_fact_quality_audit_v1,validation,yes,537212951088,家居日用,收纳箱,PASS,none,本轮未发现标题、结构化属性与主图之间的明显冲突；不等同于外部商品真值确认。,,样板房皮革收纳箱收纳盒桌面储物箱家居收纳杂物整理箱软装饰品,"{""净重"": [""5kg""], ""尺寸"": [""中号360*250*180mm"", ""小号320*200*160mm"", ""大号400*290*200mm""], ""是否手工"": [""是""], ""材质"": [""其他""], ""适用人群"": [""大众""], ""适用对象"": [""大衣/西服"", ""其他"", ""磁卡"", ""耳机线/电线"", ""卫生棉/卫生巾"", ""遥控器"", ""被子"", ""内衣"", ""化妆用品/首饰"", ""毛衣""], ""适用空间"": [""衣橱/衣帽间""], ""颜色分类"": [""米白色+咖色带"", ""白色"", ""老花色五角星"", ""浅咖啡色"", ""米白色+黄色带"", ""黑色"", ""浅蓝色"", ""宝蓝色+白带"", ""宝蓝色"", ""粉红色"", ""米白+灰带""], ""风格"": [""北欧风格""]}",data/images/week1_v3/537212951088.webp,e133ae14da22ac0f6bec9bbaf7c1fe0827b7376155d5e2d9e6e5efa5c02560f6,data/processed/week1_v3/multimodal/validation.jsonl,dd2bc1d6c21567176d95f5414bfd9304f48979b3bb39ab0b038627b1f346af0b
week2_rag_fact_quality_audit_v1,validation,yes,547969224770,3C数码,鼠标,PASS,none,本轮未发现标题、结构化属性与主图之间的明显冲突；不等同于外部商品真值确认。,,成都飞天包邮追光豹无线鼠标101B三档切换1600dpi纯白色小巧舒适,"{""光学分辨率"": [""1600dpi""], ""品牌"": [""追光豹""], ""售后服务"": [""店铺三包""], ""型号"": [""101B""], ""工作方式"": [""光电""], ""成色"": [""全新""], ""按键数"": [""2个""], ""无线技术"": [""支持""], ""是否盒装正品"": [""是""], ""滚轮数"": [""1个""], ""电源方式"": [""1节7号电池""]}",data/images/week1_v3/547969224770.webp,ddf1febcf9badbe717373f285dbb9bb5b7ea01bff83b6049da43f2e4624dbce9,data/processed/week1_v3/multimodal/validation.jsonl,dd2bc1d6c21567176d95f5414bfd9304f48979b3bb39ab0b038627b1f346af0b
week2_rag_fact_quality_audit_v1,validation,yes,550858221146,家居日用,收纳箱,PASS,none,本轮未发现标题、结构化属性与主图之间的明显冲突；不等同于外部商品真值确认。,,塑料筐长方形周转筐收纳筐周转箱蔬菜塑料框胶框水果框子净菜筐子,"{""净重"": [""2.8KG""], ""品牌"": [""云峰""], ""型号"": [""周转筐""], ""容量"": [""100L""], ""尺寸"": [""45*35*23 cm"", ""小号"", ""32cmx22cmx16cm""], ""材质"": [""塑料""], ""货号"": [""ZZK""], ""适用对象"": [""其他""], ""适用空间"": [""户外""], ""颜色分类"": [""军绿色"", ""桔色"", ""浅绿色"", ""巧克力色"", ""浅黄色"", ""浅灰色"", ""天蓝色"", ""深灰色"", ""深卡其布色""]}",data/images/week1_v3/550858221146.webp,75855003e2e583c8d7e7f50520c24a2085bdb3223099c92dc55cecfea85826db,data/processed/week1_v3/multimodal/validation.jsonl,dd2bc1d6c21567176d95f5414bfd9304f48979b3bb39ab0b038627b1f346af0b
week2_rag_fact_quality_audit_v1,validation,yes,551505692433,3C数码,鼠标,PASS,none,本轮未发现标题、结构化属性与主图之间的明显冲突；不等同于外部商品真值确认。,,英菲克PM6无线游戏鼠标充电静音电脑台式笔记本办公家用无限光电电竞吃鸡牧马人机械男女生苹果华硕联想小米,"{""上市时间"": [""2020-06-25""], ""光学分辨率"": [""1600dpi""], ""品牌"": [""inphic/英菲克""], ""售后服务"": [""店铺三包""], ""型号"": [""PM6""], ""套餐类型"": [""官方标配""], ""工作方式"": [""光电""], ""成色"": [""全新""], ""按键数"": [""6个""], ""接口类型"": [""USB""], ""无线技术"": [""支持""], ""无线距离"": [""10m""], ""是否支持人体工程学"": [""支持""], ""是否盒装正品"": [""是""], ""滚轮数"": [""1个""], ""电源方式"": [""自带充电""], ""颜色分类"": [""磨砂黑-蓝牙版"", ""金属灰-【蓝牙版】"", ""金属灰"", ""磨砂黑-【蓝牙版】"", ""灰色-磨砂【无线充电静音版】"", ""酷炫黑"", ""黑色-磨砂【无线充电静音版】"", ""激情红"", ""红色-磨砂【无线充电静音版】"", ""金属灰-蓝牙版""]}",data/images/week1_v3/551505692433.webp,3e17a3b94a9f8f7606e0029065d79e057b1f05b87199759b8022730f6b3f2102,data/processed/week1_v3/multimodal/validation.jsonl,dd2bc1d6c21567176d95f5414bfd9304f48979b3bb39ab0b038627b1f346af0b
week2_rag_fact_quality_audit_v1,validation,yes,552025795571,家居日用,收纳箱,REVIEW,category_boundary,标题和主图为医疗废物周转箱，当前二级品类为收纳箱；需确认医疗废物箱是否纳入该品类。,category_l2|容量|适用空间,医疗废物专用周转箱塑料40加厚医用带盖黄色医院整理转运箱垃圾桶,"{""净重"": [""3kg""], ""品牌"": [""康宝""], ""型号"": [""100L""], ""容量"": [""100L""], ""尺寸"": [""中号""], ""材质"": [""塑料""], ""流行元素"": [""纯色""], ""货号"": [""医用周转箱""], ""适用对象"": [""其他""], ""适用空间"": [""卧室""], ""颜色分类"": [""20升箱子 送一个袋子"", ""40L箱子 送一个袋子"", ""垃圾袋20升 50条 不包含箱子"", ""100L箱子 送一个袋子"", ""垃圾袋60升 50条 不含箱子"", ""垃圾袋100升 50条 不含箱子"", ""垃圾袋40升 50条 不包含箱子"", ""60L箱子 送一个袋子"", ""特厚60升箱子 送一个袋子""], ""风格"": [""现代""]}",data/images/week1_v3/552025795571.webp,4a1920ab84c6b769b84329d0c60024a6b693632a60c2370c399643eb97eb8684,data/processed/week1_v3/multimodal/validation.jsonl,dd2bc1d6c21567176d95f5414bfd9304f48979b3bb39ab0b038627b1f346af0b
week2_rag_fact_quality_audit_v1,validation,yes,556323099133,3C数码,鼠标,PASS,none,本轮未发现标题、结构化属性与主图之间的明显冲突；不等同于外部商品真值确认。,,华为原装无线蓝牙鼠标 轻薄便携荣耀笔记本matebook13/X pro鼠标,"{""保修期"": [""12个月""], ""品牌"": [""Huawei/华为""], ""售后服务"": [""全国联保""], ""型号"": [""鼠标""], ""套餐类型"": [""官方标配""], ""工作方式"": [""光电""], ""成色"": [""全新""], ""生产企业"": [""华为技术有限公司""], ""颜色分类"": [""黑 色"", ""华为鼠标-银色"", ""华为鼠标-灰色""]}",data/images/week1_v3/556323099133.webp,ab37c62f4cff47a20a846f91378068e069d2d0e2ffec4cb6b0c63abd335e2b3b,data/processed/week1_v3/multimodal/validation.jsonl,dd2bc1d6c21567176d95f5414bfd9304f48979b3bb39ab0b038627b1f346af0b
week2_rag_fact_quality_audit_v1,validation,yes,556404503382,3C数码,耳机,PASS,none,本轮未发现标题、结构化属性与主图之间的明显冲突；不等同于外部商品真值确认。,,驾驶员单边单线耳机挂耳式耳塞带麦有线控通话手机耳麦左右通用,"{""佩戴方式"": [""挂耳式""], ""兼容平台"": [""WindowsMobile"", ""iOS"", ""ANDROID""], ""品牌"": [""other/其他""], ""型号"": [""圆口通用""], ""套餐类型"": [""官方标配""], ""是否线控"": [""是""], ""颜色分类"": [""1.2米硅胶头(黑色)+收纳盒"", ""1米直插头(白色)+收纳盒"", ""1.2米双耳硅胶头(黑色)"", ""1米直插头(黑色)+收纳盒"", ""1.2米硅胶头(黑色)"", ""1.2米双耳硅胶头(黑色)+收纳盒"", ""1米弯插头(白色)"", ""1米双耳(黑色)"", ""1.2米硅胶头(白色)"", ""1.6米直插头(白色)+收纳盒"", ""1米弯插头(黑色)+收纳盒"", ""1.6米直插头(黑色)+收纳盒"", ""1.6米直插头(白色)"", ""1米直插头(黑色)"", ""1米双耳(白色)"", ""1.2米硅胶头(白色)+收纳盒"", ""1米弯插头(黑色)"", ""1米直插头(白色)"", ""1米弯插头(白色)+收纳盒"", ""1.2米双耳硅胶头(白色)+收纳盒"", ""1.2米双耳硅胶头(白色)"", ""1.6米直插头(黑色)""]}",data/images/week1_v3/556404503382.webp,b559765f549af70df324a3546e79954fc0815212cf55d6143cdfff9ec8f8efc6,data/processed/week1_v3/multimodal/validation.jsonl,dd2bc1d6c21567176d95f5414bfd9304f48979b3bb39ab0b038627b1f346af0b
week2_rag_fact_quality_audit_v1,validation,yes,556912823177,家居日用,收纳箱,PASS,none,本轮未发现标题、结构化属性与主图之间的明显冲突；不等同于外部商品真值确认。,,三件套储物箱思库布可水洗衣服衣柜毛衣书本宜家特大号加长收纳箱,"{""净重"": [""1.9kg""], ""品牌"": [""收姐""], ""型号"": [""收纳箱""], ""容量"": [""50L""], ""尺寸"": [""迷你小号(宽14*深28*高13)"", ""三个大号(宽31深55高33"", ""三个中号(宽31深50高33)"", ""三个小号(宽31深34高33"", ""单大号(宽31深55高33)"", ""单个中号(宽31深50高33)"", ""单小号(宽31深34高33)""], ""材质"": [""牛津纺""], ""货号"": [""单,套""], ""适用空间"": [""衣橱/衣帽间"", ""门厅/玄关"", ""卧室"", ""车载"", ""客厅""], ""颜色分类"": [""白色"", ""黑色""]}",data/images/week1_v3/556912823177.webp,dfc895e0ec351ff31977adcdd37a783375dbe371735c784e06e378e4979c4396,data/processed/week1_v3/multimodal/validation.jsonl,dd2bc1d6c21567176d95f5414bfd9304f48979b3bb39ab0b038627b1f346af0b
week2_rag_fact_quality_audit_v1,validation,yes,557414216305,3C数码,鼠标,PASS,none,本轮未发现标题、结构化属性与主图之间的明显冲突；不等同于外部商品真值确认。,,Razer雷蛇狂蛇幻彩RGB台式电脑有线电竞游戏鼠标原幻目灵蛇,"{""光学分辨率"": [""3500dpi""], ""包装体积"": [""220mm*160mm*67mm""], ""品牌"": [""Razer/雷蛇""], ""售后服务"": [""全国联保""], ""型号"": [""地狱狂蛇""], ""套餐类型"": [""官方标配""], ""工作方式"": [""光电""], ""成色"": [""全新""], ""按键数"": [""3个""], ""接口类型"": [""USB""], ""是否支持人体工程学"": [""支持""], ""毛重"": [""362g""], ""颜色分类"": [""雷蛇狂蛇幻彩""]}",data/images/week1_v3/557414216305.webp,9da758b4fa79e0611d181626c46e3e1c7515e294c9a81dfecd4c6ddddd873544,data/processed/week1_v3/multimodal/validation.jsonl,dd2bc1d6c21567176d95f5414bfd9304f48979b3bb39ab0b038627b1f346af0b
week2_rag_fact_quality_audit_v1,validation,yes,558895854325,家居日用,保温杯,PASS,none,本轮未发现标题、结构化属性与主图之间的明显冲突；不等同于外部商品真值确认。,,face保温杯男女士学生316不锈钢可爱简约ins大容量便携定制水杯子,"{""主图来源"": [""自主实拍图""], ""产地"": [""中国大陆""], ""保温产品"": [""保温杯""], ""保温性能描述"": [""8小时75度以上""], ""保温时长"": [""12小时(含)-24小时(不含)""], ""品牌"": [""Face""], ""型号"": [""fb-024""], ""容量"": [""401mL(含)-500mL(含)""], ""材质"": [""316不锈钢""], ""杯子容量值"": [""450mL""], ""杯子样式"": [""子弹头型""], ""毛重"": [""0.315Kg""], ""流行元素"": [""小清新""], ""适用人群"": [""学生""], ""适用场景"": [""运动""], ""适用空间"": [""户外""], ""颜色分类"": [""洋蕃红小号(升级316不锈钢内胆)"", ""孔雀蓝(升级316不锈钢内胆)"", ""珍珠白(升级316不锈钢内胆)"", ""樱花粉(升级316不锈钢内胆)"", ""彩蛋黄(升级316不锈钢内胆)"", ""郁金黄(升级316不锈钢内胆)""], ""风格"": [""美式""]}",data/images/week1_v3/558895854325.webp,c4bbea7c2f46b1cab5a08cc59c38ccd2be252c4e3db0279683000e7416fdb944,data/processed/week1_v3/multimodal/validation.jsonl,dd2bc1d6c21567176d95f5414bfd9304f48979b3bb39ab0b038627b1f346af0b
week2_rag_fact_quality_audit_v1,validation,yes,559163599708,家居日用,垃圾桶,PASS,none,本轮未发现标题、结构化属性与主图之间的明显冲突；不等同于外部商品真值确认。,,智能垃圾桶厕所卫生间窄纸篓夹缝有盖电动自动感应垃圾桶家用带盖,"{""产品出口必备单证"": [""报关单""], ""企业出口资质"": [""对外贸易经营者备案登记表""], ""出口检测机构"": [""ce""], ""品牌"": [""欧本""], ""外壳材质"": [""塑料""], ""容量"": [""7L"", ""10L""], ""形状"": [""长筒形""], ""洲"": [""欧洲""], ""货号"": [""GYT-12a""], ""适用场景"": [""家庭使用""], ""颜色分类"": [""浅黄色"", ""深灰色"", ""浅灰色"", ""深卡其布色"", ""白色"", ""紫色""], ""验厂标准"": [""BSCI""]}",data/images/week1_v3/559163599708.webp,ffc027c1ce6109936a25a48486f94c841038cb2e26420a44c5b875e613fc51f3,data/processed/week1_v3/multimodal/validation.jsonl,dd2bc1d6c21567176d95f5414bfd9304f48979b3bb39ab0b038627b1f346af0b
week2_rag_fact_quality_audit_v1,validation,yes,559329008070,3C数码,耳机,PASS,none,本轮未发现标题、结构化属性与主图之间的明显冲突；不等同于外部商品真值确认。,,Hion/北恩FOR900呼叫中心话务员头戴式电销客服电脑电话耳机耳麦,"{""产地"": [""中国大陆""], ""佩戴方式"": [""头戴式""], ""保修期"": [""36个月""], ""品牌"": [""Hion/北恩""], ""售后服务"": [""全国联保""], ""地市"": [""深圳市""], ""型号"": [""FOR900""], ""套餐类型"": [""官方标配""], ""插头直径"": [""3.5mm""], ""是否无线"": [""有线""], ""是否有麦克风"": [""有""], ""是否线控"": [""否""], ""材质"": [""塑料""], ""灵敏度"": [""118DB/mW""], ""生产企业"": [""深圳市北恩汇业通信设备有限公司""], ""省份"": [""广东省""], ""线长"": [""1.4-2.5米""], ""耳机插头类型"": [""直插""], ""耳机类别"": [""主动降噪耳机"", ""HIFI耳机""], ""耳机输出音源"": [""通讯设备""], ""阻抗"": [""150Ω""], ""频响范围"": [""200-10000Hz""], ""颜色分类"": [""水晶头插AVAYA/16/96系列IP电话机"", ""水晶头调音静音/6挡线序调节"", ""USB主动降噪器调音静音插电脑使用"", ""水晶头插cisco思科IP电话机"", ""TYPE-C-接手机/电脑接口"", ""水晶头插电话机使用"", ""单头3.5/4插单口电脑/手机使用"", ""USB调音静音插电脑使用"", ""单孔插头(适用手机/单孔电脑+调音/静音)"", ""水晶头插亿联/潮流/华为IP电话机"", ""PC3.5/双插头调音静音插电脑使用"", ""PC3.5/双插头插电脑使用""]}",data/images/week1_v3/559329008070.webp,ecf3b7d9955240425212a3d0d2501bd41bf000587569749bca578fabf863d5dc,data/processed/week1_v3/multimodal/validation.jsonl,dd2bc1d6c21567176d95f5414bfd9304f48979b3bb39ab0b038627b1f346af0b
week2_rag_fact_quality_audit_v1,validation,yes,559348202154,家居日用,拖把,PASS,none,本轮未发现标题、结构化属性与主图之间的明显冲突；不等同于外部商品真值确认。,,妙洁旋转桶拖把一拖净免手洗带桶双驱动旋转甩干墩布干湿两用拖把,"{""品牌"": [""妙洁""], ""型号"": [""2720""], ""拖布材质"": [""超细纤维""], ""拖把价格"": [""105-180元""], ""拖把杆的承重"": [""10Kg以下""], ""杆材质"": [""不锈钢""], ""电源方式"": [""手动""], ""驱动类型"": [""双驱动""]}",data/images/week1_v3/559348202154.webp,2da50a48fa7374be8a925696dc1832309b56d3c147199cd4fcd1c5dc75770a5e,data/processed/week1_v3/multimodal/validation.jsonl,dd2bc1d6c21567176d95f5414bfd9304f48979b3bb39ab0b038627b1f346af0b
week2_rag_fact_quality_audit_v1,validation,yes,559530161916,3C数码,移动电源,PASS,none,本轮未发现标题、结构化属性与主图之间的明显冲突；不等同于外部商品真值确认。,,Recci锐思7磨砂7000mA lightning输入充电宝聚合物移动电源上飞机,"{""品牌"": [""Recci""], ""型号"": [""7000""], ""外壳材质"": [""塑料""], ""尺寸"": [""125x59x12mm""], ""电池容量"": [""7000mAh""], ""电池类型"": [""锂聚合物电池""], ""电芯类型"": [""方形铝壳""], ""附加功能"": [""无""], ""颜色分类"": [""橡木棕"", ""动感绿"", ""优雅蓝"", ""象牙白"", ""中国红"", ""磨砂黑"", ""樱花粉"", ""魅力紫""]}",data/images/week1_v3/559530161916.webp,a207b169c0c005000849416489bfa2558a127fae5422dd9cb3b3d673261615dc,data/processed/week1_v3/multimodal/validation.jsonl,dd2bc1d6c21567176d95f5414bfd9304f48979b3bb39ab0b038627b1f346af0b
week2_rag_fact_quality_audit_v1,validation,yes,560142904030,3C数码,移动电源,PASS,none,本轮未发现标题、结构化属性与主图之间的明显冲突；不等同于外部商品真值确认。,,iwalk 20000毫安大容量自带线充电宝适用于苹果华为P10P20P30三星VIVO小米OPPO安卓手机通用双向快充移动电源,"{""充电协议"": [""其他""], ""品牌"": [""iWALK/爱沃可""], ""型号"": [""sbs200Q""], ""外壳材质"": [""其他""], ""尺寸"": [""170x62x24mm""], ""生产企业"": [""厦门广开电子有限公司""], ""电池容量"": [""20000mAh""], ""电池类型"": [""锂离子电池""], ""电芯类型"": [""圆柱状铝壳""], ""颜色分类"": [""白色"", ""黑色""]}",data/images/week1_v3/560142904030.webp,c1c34d6b5362682367a825550e690079487d8f396b73e591c645c3a38ace2968,data/processed/week1_v3/multimodal/validation.jsonl,dd2bc1d6c21567176d95f5414bfd9304f48979b3bb39ab0b038627b1f346af0b
week2_rag_fact_quality_audit_v1,validation,yes,561194272917,3C数码,耳机,PASS,none,本轮未发现标题、结构化属性与主图之间的明显冲突；不等同于外部商品真值确认。,,IM原装正品手机耳麦 OPPOMH133 r11 r9 r7 r9plus r9s 入耳式耳机,"{""上市时间"": [""2018-03-25""], ""佩戴方式"": [""入耳式""], ""兼容平台"": [""WindowsMobile"", ""iOS"", ""ANDROID""], ""功能"": [""主动降噪功能(Active Noise Canceling)""], ""品牌"": [""IM/弋美""], ""售后服务"": [""店铺三包""], ""型号"": [""IM106S""], ""套餐类型"": [""官方标配""], ""插头直径"": [""3.5mm""], ""是否无线"": [""有线""], ""是否有麦克风"": [""有""], ""是否线控"": [""是""], ""灵敏度"": [""114dB/mW""], ""线长"": [""120cm""], ""耳机与播放设备连接方式"": [""有线连接""], ""耳机发声原理"": [""动圈""], ""耳机左右腔体间连接方式"": [""有线连接""], ""耳机插头类型"": [""直插""], ""耳机类别"": [""手机线控耳机"", ""HIFI耳机""], ""耳机输出音源"": [""通讯设备""], ""适用音乐类型"": [""通用""], ""防尘性能"": [""IP4X""], ""防水性能"": [""IPX4""], ""阻抗"": [""32Ω""], ""频响范围"": [""20-20000Hz""], ""颜色分类"": [""玫瑰金"", ""贵族银"", ""土豪金""]}",data/images/week1_v3/561194272917.webp,2566b71004beb03c76047474e9439f456a871eac15d43a82758c1d22d615ee89,data/processed/week1_v3/multimodal/validation.jsonl,dd2bc1d6c21567176d95f5414bfd9304f48979b3bb39ab0b038627b1f346af0b
week2_rag_fact_quality_audit_v1,validation,yes,561395704571,3C数码,移动电源,PASS,none,本轮未发现标题、结构化属性与主图之间的明显冲突；不等同于外部商品真值确认。,,Anker超级充便携移动电源二合一充电器5000毫安适用于苹果充电宝,"{""充电协议"": [""QC2.0""], ""品牌"": [""ANKER""], ""型号"": [""FUSHION""], ""尺寸"": [""5x5x1mm""], ""电池容量"": [""5000mAh""], ""电池类型"": [""锂离子电池""], ""电芯类型"": [""圆柱状铝壳""], ""颜色分类"": [""二合一充电器红色"", ""二合一充电器白色"", ""二合一充电器黑色""]}",data/images/week1_v3/561395704571.webp,73d8a1227f2d6557f018f5e21f955425ed2ae2cc14d08d84ccfa2397ee2366e9,data/processed/week1_v3/multimodal/validation.jsonl,dd2bc1d6c21567176d95f5414bfd9304f48979b3bb39ab0b038627b1f346af0b
week2_rag_fact_quality_audit_v1,validation,yes,562000639610,家居日用,拖把,PASS,none,本轮未发现标题、结构化属性与主图之间的明显冲突；不等同于外部商品真值确认。,,星海洁发明专利手不湿省力耐用拖把挤水桶器拖把拧水榨干盛水桶器,"{""吸水性"": [""20s-30s""], ""品牌"": [""星海洁""], ""国家/地区"": [""日本""], ""型号"": [""ABS""], ""拖布材质"": [""超细纤维""], ""拖把价格"": [""105-180元""], ""洲"": [""亚洲""], ""脱水率"": [""90%(含)-100%(含)""], ""颜色分类"": [""浅蓝色"", ""宝蓝色""], ""驱动类型"": [""双驱动""]}",data/images/week1_v3/562000639610.webp,03d36b8d47d8d9411a55378c35cd44ef3d25d32d55c647ddcc1e74c7caf9f384,data/processed/week1_v3/multimodal/validation.jsonl,dd2bc1d6c21567176d95f5414bfd9304f48979b3bb39ab0b038627b1f346af0b
week2_rag_fact_quality_audit_v1,validation,yes,562137902252,3C数码,耳机,PASS,none,本轮未发现标题、结构化属性与主图之间的明显冲突；不等同于外部商品真值确认。,,Sony/索尼 WH-1000XM3 1000XM4头戴式无线降噪蓝牙通话商务耳机,"{""上市时间"": [""2018-10-23""], ""佩戴方式"": [""头戴式""], ""兼容平台"": [""iOS"", ""ANDROID"", ""WindowsMobile""], ""功能"": [""自适应降噪功能(Adaptive Noise Canceling)""], ""品牌"": [""Sony/索尼""], ""售后服务"": [""全国联保""], ""型号"": [""WH-1000XM3""], ""套餐类型"": [""官方标配""], ""插头直径"": [""3.5mm""], ""是否无线"": [""无线""], ""是否有麦克风"": [""有""], ""是否线控"": [""是""], ""智能类型"": [""其他智能""], ""耳机发声原理"": [""动圈""], ""耳机插头类型"": [""直角L""], ""耳机类别"": [""主动降噪耳机"", ""无线耳机""], ""耳机输出音源"": [""随身视听""], ""适用音乐类型"": [""人声女声流行风类型""], ""颜色分类"": [""1000XM3银色+耳机架+插头+发票"", ""1000XM3黑色国行已拆封99新"", ""1000XM4黑色 国行现货+发票"", ""1000XM3银色国行已拆封99新"", ""1000XM4黑色 国行现货"", ""1000XM3银色 国行"", ""1000XM4银色 国行现货+发票"", ""1000XM3黑色+耳机架+插头+发票"", ""1000XM3黑色 国行"", ""1000XM4银色 国行现货""]}",data/images/week1_v3/562137902252.jpg,7c5efd64d9feb911c3301064ddae8c66625e30a4ba7256c9d246ae5b13fdf8fa,data/processed/week1_v3/multimodal/validation.jsonl,dd2bc1d6c21567176d95f5414bfd9304f48979b3bb39ab0b038627b1f346af0b
week2_rag_fact_quality_audit_v1,validation,yes,562296958075,3C数码,鼠标,PASS,none,本轮未发现标题、结构化属性与主图之间的明显冲突；不等同于外部商品真值确认。,,双飞燕无线鼠标 G3-220N笔记本台式电脑省电办公家用商务游戏光电,"{""保修期"": [""12个月""], ""光学分辨率"": [""1000dpi""], ""包装体积"": [""200*100*50mm""], ""双飞燕无线型号"": [""G3-220N""], ""品牌"": [""双飞燕""], ""售后服务"": [""全国联保""], ""套餐类型"": [""官方标配""], ""工作方式"": [""光电""], ""成色"": [""全新""], ""按键数"": [""3个""], ""接口类型"": [""USB""], ""无线技术"": [""2.4GHz""], ""无线距离"": [""15m""], ""是否支持人体工程学"": [""支持""], ""是否盒装正品"": [""是""], ""毛重"": [""150克""], ""滚轮数"": [""1个""], ""生产企业"": [""东莞伍联电子科技有限公司""], ""电源方式"": [""1节5号电池""], ""颜色分类"": [""G3-220N""]}",data/images/week1_v3/562296958075.webp,2d8d776ecc706d3670e82a9d713a113a7814e22500d7e3216ad1fef0609d3b24,data/processed/week1_v3/multimodal/validation.jsonl,dd2bc1d6c21567176d95f5414bfd9304f48979b3bb39ab0b038627b1f346af0b
week2_rag_fact_quality_audit_v1,validation,yes,564110705919,3C数码,移动电源,PASS,none,本轮未发现标题、结构化属性与主图之间的明显冲突；不等同于外部商品真值确认。,,渂熙qi无线移动电源充电宝安卓苹果手机通用多功能智能充电宝包邮,"{""充电协议"": [""其他"", ""QC3.0""], ""品牌"": [""CampHee/渂熙""], ""型号"": [""qi-2021""], ""外壳材质"": [""塑料""], ""尺寸"": [""135X75X18mm""], ""是否带充电插头"": [""否""], ""是否带屏幕"": [""不带屏幕""], ""是否带数据线"": [""是""], ""是否支持无线充电"": [""是""], ""最大输出功率"": [""10W""], ""电池容量"": [""10000mAh""], ""电池类型"": [""锂聚合物电池""], ""电芯类型"": [""软包""], ""附加功能"": [""无线充电"", ""多U口输出""], ""颜色分类"": [""无线充电接收器(安卓正口)"", ""无线充电接收器(type-C口)"", ""黑色(无线充电宝)"", ""灰色(无线充电宝)"", ""无线充电接收器(苹果接口)"", ""无线充电接收器(安卓反口)"", ""白色(无线充电宝)""]}",data/images/week1_v3/564110705919.webp,13f2121792e1f960021a73ef7c6a4baa9fa52e35d9d9b1870693f5bb534a3c8c,data/processed/week1_v3/multimodal/validation.jsonl,dd2bc1d6c21567176d95f5414bfd9304f48979b3bb39ab0b038627b1f346af0b
week2_rag_fact_quality_audit_v1,validation,yes,564373089785,家居日用,拖把,PASS,none,本轮未发现标题、结构化属性与主图之间的明显冲突；不等同于外部商品真值确认。,,大号拖把平板家用瓷砖地尘推棉线酒店长排拖免手洗干湿两用一拖布,"{""吸水性"": [""10s以下""], ""品牌"": [""鑫威特""], ""型号"": [""CT001""], ""尘推类型"": [""布套式""], ""拖布材质"": [""棉线""], ""拖把杆的承重"": [""10KG以上""], ""杆材质"": [""不锈钢""], ""耐腐蚀度"": [""10级""], ""脱水率"": [""90%(含)-100%(含)""], ""颜色分类"": [""浅黄色"", ""军绿色"", ""深紫色"", ""浅灰色"", ""紫罗兰"", ""粉红色"", ""红色"", ""深卡其布色"", ""浅绿色"", ""巧克力色"", ""深蓝色"", ""白色"", ""桔色"", ""天蓝色"", ""深灰色"", ""紫色""]}",data/images/week1_v3/564373089785.webp,c51a2233053e03eaeb1d71b89324ae0d8038152245bf62fc682498e8b3b91b00,data/processed/week1_v3/multimodal/validation.jsonl,dd2bc1d6c21567176d95f5414bfd9304f48979b3bb39ab0b038627b1f346af0b
week2_rag_fact_quality_audit_v1,validation,yes,565078231259,家居日用,垃圾桶,CONFLICT,brand_title_attribute_conflict,标题和主图品牌为 ZITALEN，结构化“品牌”为 1208S，疑似把型号写入品牌字段。,品牌,【新品】ZITALEN智能感应开关桶(6L 9L可选)不锈钢大容量,"{""品牌"": [""1208S""], ""容量"": [""9L""], ""开合方式"": [""感应式""], ""形状"": [""圆桶形""], ""货号"": [""智能感应垃圾桶""], ""颜色分类"": [""6L"", ""9L""]}",data/images/week1_v3/565078231259.webp,a960c55f8cdaed118d769910560337f02ffdf85357d69da003ad756ff21d641a,data/processed/week1_v3/multimodal/validation.jsonl,dd2bc1d6c21567176d95f5414bfd9304f48979b3bb39ab0b038627b1f346af0b
week2_rag_fact_quality_audit_v1,validation,yes,565810629297,家居日用,拖把,PASS,none,本轮未发现标题、结构化属性与主图之间的明显冲突；不等同于外部商品真值确认。,,的意义懒人喷雾喷水拖把平板干湿两用第三代家用免手洗刮刮乐拖把,"{""吸水性"": [""10s-20s""], ""品牌"": [""+的意义""], ""型号"": [""懒人喷雾拖把 第三代""], ""尘推类型"": [""粘扣式""], ""拖布材质"": [""超细纤维""], ""拖把杆的承重"": [""10Kg以下""], ""杆材质"": [""不锈钢""], ""电源方式"": [""手动""], ""耐腐蚀度"": [""1级以下""], ""脱水率"": [""40%以下""], ""适用空间"": [""客厅""], ""颜色分类"": [""白色"", ""银灰色"", ""灰色"", ""黑色"", ""浅灰色"", ""蓝色"", ""银色"", ""粉红色""]}",data/images/week1_v3/565810629297.jpg,427ac02c1e6d78fb59d026f91b1e192c771320810ca4d5b562981e40fdad0f75,data/processed/week1_v3/multimodal/validation.jsonl,dd2bc1d6c21567176d95f5414bfd9304f48979b3bb39ab0b038627b1f346af0b
week2_rag_fact_quality_audit_v1,validation,yes,566986927827,家居日用,保温杯,PASS,none,本轮未发现标题、结构化属性与主图之间的明显冲突；不等同于外部商品真值确认。,,公主可以儿童保温杯上训练小学生密封健康钢保温壶手带吸管女宝宝,"{""主图来源"": [""自主实拍图""], ""产地"": [""中国大陆""], ""保温产品"": [""礼品杯""], ""保温性能描述"": [""1""], ""保温时长"": [""6小时(含)-12小时(不含)""], ""包装体积"": [""0.25G""], ""品牌"": [""other/其他""], ""型号"": [""无""], ""容量"": [""401mL(含)-500mL(含)""], ""材质"": [""不锈钢""], ""杯子容量值"": [""实际容量500/600ML""], ""杯子样式"": [""直身杯""], ""毛重"": [""0.5kg""], ""流行元素"": [""卡通""], ""适用人群"": [""儿童""], ""适用场景"": [""运动""], ""适用空间"": [""户外""], ""颜色分类"": [""小兔500ml(四盖+豪礼)刻字"", ""孔雀蓝"", ""500ML小兔(3盖+豪礼)刻字"", ""小鹿500ml(四盖+豪礼)刻字"", ""500ml悟空(3盖+豪礼)刻字"", ""悟空500ml(四盖+豪礼)刻字"", ""500ml狮子(3盖+豪礼)刻字"", ""500ml小鹿(3盖+豪礼)刻字"", ""500ml小羊(四盖+豪礼)刻字"", ""红色"", ""狮子500ml(四盖+豪礼)刻字"", ""叮当猫500ml(四盖+豪礼)刻字"", ""500ML小象(3盖+豪礼)刻字"", ""桔红色"", ""500ml叮当猫(3盖+豪礼)刻字"", ""500ml小象(四盖+豪礼)刻字"", ""小猴(3盖+豪礼)580ML刻字"", ""500ML小狗(3盖+豪礼)刻字"", ""500ml小猴(3盖+豪礼)刻字"", ""藕色"", ""天蓝色"", ""小猴(四盖+豪礼)580ML刻字"", ""500ml(KT猫3盖+豪礼)刻字"", ""粉红色"", ""小猴500ml(四盖+豪礼)刻字"", ""500ML小羊(3盖+豪礼)刻字"", ""(KT猫500ml(四盖+豪礼)刻字""], ""风格"": [""韩式""]}",data/images/week1_v3/566986927827.webp,6ed6537251e28cd63edb2aaf95f735167e9145c1174eff83480ef4f92715ffad,data/processed/week1_v3/multimodal/validation.jsonl,dd2bc1d6c21567176d95f5414bfd9304f48979b3bb39ab0b038627b1f346af0b
week2_rag_fact_quality_audit_v1,validation,yes,569958345076,3C数码,移动电源,PASS,none,本轮未发现标题、结构化属性与主图之间的明显冲突；不等同于外部商品真值确认。,,尚族移动电源220v家备用应急便携式超大容量电瓶户外太阳能蓄电池,"{""充电协议"": [""其他""], ""品牌"": [""sade""], ""型号"": [""SKA1000""], ""外壳材质"": [""合金""], ""尺寸"": [""408x164x273mm""], ""智能类型"": [""不支持智能""], ""电池容量"": [""273000mAh""], ""电池类型"": [""锂离子电池""], ""电芯类型"": [""圆柱状铝壳""], ""附加功能"": [""液晶显示"", ""带插头"", ""多U口输出"", ""太阳能""], ""颜色分类"": [""【至尊版1500w】+SD130太阳能*1"", ""【迷你版100w】+SD45太阳能"", ""【升级版500w】 +SD135太阳能"", ""【无插座版200w】52000毫安/黑"", ""【至尊版1500w】273000毫安"", ""【升级版500w】145600毫安/银"", ""【基础版300w】 +SD90太阳能"", ""【豪华版1000w】273000毫安/银"", ""【豪华版1000w】+SD100太阳能*2"", ""【无插座版200w】52000毫安/银"", ""【基础版300w】 93600毫安/银"", ""【迷你版100w】 24000毫安/银"", ""【豪华版1000w】+SD100太阳能*1"", ""【豪华版1000w】273000毫安/黑"", ""【基础版300w】 93600毫安/黑"", ""【迷你版100w】 24000毫安/黑"", ""【出口110v,美规欧标】联系客服"", ""【升级版500w】145600毫安/黑"", ""【无插座版200w】+SD65太阳能""]}",data/images/week1_v3/569958345076.webp,d28542b6d9b1c489b5a129d2447f0f72d72f40107134c189e7609536a0f9500b,data/processed/week1_v3/multimodal/validation.jsonl,dd2bc1d6c21567176d95f5414bfd9304f48979b3bb39ab0b038627b1f346af0b
week2_rag_fact_quality_audit_v1,validation,yes,571248535069,3C数码,耳机,PASS,none,本轮未发现标题、结构化属性与主图之间的明显冲突；不等同于外部商品真值确认。,,JBL T280BT无线蓝牙耳机跑步运动耳塞防汗防水磁吸入耳式金属耳麦,"{""传输半径"": [""10m""], ""佩戴方式"": [""入耳式""], ""功能"": [""通话功能""], ""品牌"": [""JBL""], ""售后服务"": [""全国联保""], ""型号"": [""T280BT""], ""声道"": [""2""], ""套餐类型"": [""套餐一""], ""待机时间"": [""12天""], ""是否单双耳"": [""双边立体声""], ""耳机与播放设备连接方式"": [""蓝牙连接""], ""耳机左右腔体间连接方式"": [""无线连接""], ""蓝牙版本"": [""4.0""], ""防尘性能"": [""IP5X""], ""防水性能"": [""IPX5""], ""颜色分类"": [""激情红+礼包"", ""梦幻蓝+礼包"", ""寒光灰+礼包""]}",data/images/week1_v3/571248535069.webp,c55156164b7edd77798ac9e97051605f9f62dfac4686eca33ba695f6aa231740,data/processed/week1_v3/multimodal/validation.jsonl,dd2bc1d6c21567176d95f5414bfd9304f48979b3bb39ab0b038627b1f346af0b
week2_rag_fact_quality_audit_v1,validation,yes,571596142685,家居日用,拖把,PASS,none,本轮未发现标题、结构化属性与主图之间的明显冲突；不等同于外部商品真值确认。,,平板拖把家用瓷砖地免手洗旋转拖把干湿两用懒人拖地平拖布一拖净,"{""吸水性"": [""10s以下""], ""品牌"": [""鹏硕""], ""型号"": [""Y666""], ""尘推类型"": [""夹固式""], ""拖布材质"": [""超细纤维""], ""拖把杆的承重"": [""10KG以上""], ""杆材质"": [""不锈钢""], ""耐腐蚀度"": [""10级""], ""脱水率"": [""90%(含)-100%(含)""], ""颜色分类"": [""升级加强杆(共六块布)+小刮刀"", ""升级加强杆(共两块布)+小刮刀"", ""升级加强杆(共四块布)+小刮刀""]}",data/images/week1_v3/571596142685.webp,a01ef0a81df32d1a579a3a19033024555e496e98c25a9b5bde05a7f07703832d,data/processed/week1_v3/multimodal/validation.jsonl,dd2bc1d6c21567176d95f5414bfd9304f48979b3bb39ab0b038627b1f346af0b
week2_rag_fact_quality_audit_v1,validation,yes,572168959881,家居日用,保温杯,PASS,none,本轮未发现标题、结构化属性与主图之间的明显冲突；不等同于外部商品真值确认。,,【企业】 摔不碎雪花银杯银杯子999纯银足银内胆保健杯茶水杯正品,"{""主图来源"": [""自主实拍图""], ""产地"": [""中国大陆""], ""保温产品"": [""礼品杯""], ""保温性能描述"": [""非保温杯0-2小时""], ""保温时长"": [""6小时以下""], ""包装体积"": [""0.1""], ""品牌"": [""正轩阁(餐饮具)""], ""型号"": [""ZXG6758""], ""容量"": [""301mL(含)-400mL(含)""], ""材质"": [""贵金属""], ""杯子容量值"": [""350毫升""], ""杯子样式"": [""直身杯""], ""毛重"": [""500g""], ""流行元素"": [""纯色""], ""适用人群"": [""大众""], ""适用场景"": [""日常送礼""], ""适用空间"": [""客厅""], ""颜色分类"": [""70克大号雪花银杯—竹报平安"", ""50克小号方型—琴棋书画"", ""70克大号雪花银杯—花开富贵"", ""70克大号雪花银杯—一帆风顺"", ""70克大号雪花银杯—龙凤呈祥"", ""70克大号雪花银杯—松鹤延年"", ""50克小号圆型—龙凤呈祥"", ""70克大号雪花银杯—马到成功""], ""风格"": [""中式""]}",data/images/week1_v3/572168959881.webp,aa0ec6807341fc64c5aead4a02b6cd93c4fb1707de65de7702d0ff6283a3c3ae,data/processed/week1_v3/multimodal/validation.jsonl,dd2bc1d6c21567176d95f5414bfd9304f48979b3bb39ab0b038627b1f346af0b
week2_rag_fact_quality_audit_v1,validation,yes,572484530247,家居日用,保温杯,PASS,none,本轮未发现标题、结构化属性与主图之间的明显冲突；不等同于外部商品真值确认。,,哈尔斯保温杯男女士304不锈钢水杯学生韩版文艺清新简约便携茶杯,"{""主图来源"": [""自主实拍图""], ""产地"": [""中国大陆""], ""保温产品"": [""保温杯""], ""保温性能描述"": [""6小时≥40°C""], ""保温时长"": [""6小时(含)-12小时(不含)""], ""品牌"": [""HAERS/哈尔斯""], ""型号"": [""HD-350-35""], ""容量"": [""301mL(含)-400mL(含)""], ""材质"": [""304不锈钢""], ""杯子容量值"": [""350mL""], ""杯子样式"": [""直身杯""], ""流行元素"": [""小清新""], ""适用人群"": [""大众""], ""适用场景"": [""运动""], ""适用空间"": [""车载""], ""颜色分类"": [""黑色"", ""金色"", ""白色"", ""桃色""], ""风格"": [""韩式""]}",data/images/week1_v3/572484530247.webp,d97d9298126fca72d17cce557e1de77466e423e43d2aa5d741c6e58d978a7e9e,data/processed/week1_v3/multimodal/validation.jsonl,dd2bc1d6c21567176d95f5414bfd9304f48979b3bb39ab0b038627b1f346af0b
week2_rag_fact_quality_audit_v1,validation,yes,572645689177,3C数码,耳机,PASS,none,本轮未发现标题、结构化属性与主图之间的明显冲突；不等同于外部商品真值确认。,,Hifiman ANANDA平板振膜hifi头戴式电脑音乐耳罩式耳机,"{""上市时间"": [""2018-06-28""], ""佩戴方式"": [""头戴式""], ""兼容平台"": [""ANDROID"", ""WindowsMobile"", ""iOS""], ""品牌"": [""Hifiman""], ""型号"": [""ANANDA""], ""套餐类型"": [""套餐一""], ""插头直径"": [""3.5mm""], ""是否无线"": [""有线""], ""是否有麦克风"": [""无""], ""是否线控"": [""否""], ""灵敏度"": [""103dB/mW""], ""耳机发声原理"": [""其他/other""], ""耳机类别"": [""HIFI耳机"", ""监听耳机""], ""耳机输出音源"": [""HiFi""], ""适用音乐类型"": [""通用""], ""阻抗"": [""25Ω""], ""频响范围"": [""8-55000Hz""], ""颜色分类"": [""ananda 国行正品"", ""ananda bt蓝牙版正品""]}",data/images/week1_v3/572645689177.webp,b22d517566c8973323a2e3598663f4b9aa7ddba8dbea27b925acfd4b25dd3ecf,data/processed/week1_v3/multimodal/validation.jsonl,dd2bc1d6c21567176d95f5414bfd9304f48979b3bb39ab0b038627b1f346af0b
week2_rag_fact_quality_audit_v1,validation,yes,573914060697,3C数码,移动电源,PASS,none,本轮未发现标题、结构化属性与主图之间的明显冲突；不等同于外部商品真值确认。,,罗马仕20000毫安QC3.0PD双向快充充电宝官方可爱卡通便携超薄小巧,"{""充电协议"": [""QC3.0"", ""PD3.0""], ""品牌"": [""ROMOSS/罗马仕""], ""型号"": [""sense 6+""], ""外壳材质"": [""塑料""], ""尺寸"": [""160X80X22MM""], ""是否带屏幕"": [""不带屏幕""], ""是否带数据线"": [""是""], ""最大输出功率"": [""18W""], ""电池容量"": [""20000mAh""], ""电池类型"": [""锂聚合物电池""], ""电芯类型"": [""软包""], ""附加功能"": [""多U口输出""], ""颜色分类"": [""S6+快充版-周瑜"", ""S6+快充版双面-勇士"", ""S6+快充版双面-路飞"", ""S6+快充版-孙悟空"", ""S6+快充版双面-柯南"", ""S6+快充版-美少女"", ""S6+快充版双面-小炮"", ""S6+快充版双面-两口子"", ""S6+快充版双面-遇见爱情"", ""S6+快充版-花木兰"", ""S6+快充版双面-美少女"", ""S6+快充版-炮兵"", ""S6+快充版双面-蜡笔"", ""S6+快充版(来图定制单面)"", ""S6+快充版-少女心"", ""S6+快充版双面-跑车"", ""S6+快充版双面-Q版少女"", ""S6+快充版-甄姬"", ""S6+快充版(来图定制双面)"", ""S6+快充版-阿狸"", ""S6+快充版双面-hi sky""]}",data/images/week1_v3/573914060697.webp,dc2b9b6718abb8e5ae20a7ce8714016cab8f6d507bcd558dd2d07f86f1a71152,data/processed/week1_v3/multimodal/validation.jsonl,dd2bc1d6c21567176d95f5414bfd9304f48979b3bb39ab0b038627b1f346af0b
week2_rag_fact_quality_audit_v1,validation,yes,574249081746,家居日用,垃圾桶,PASS,none,本轮未发现标题、结构化属性与主图之间的明显冲突；不等同于外部商品真值确认。,,家用大号分类垃圾桶厨房客厅卧室卫生间厕所带盖可爱创意有盖拉筒,"{""品牌"": [""群荣""], ""垃圾桶类型"": [""收纳桶""], ""外壳材质"": [""塑料""], ""容量"": [""12L以上""], ""开合方式"": [""按压式""], ""形状"": [""长筒形""], ""货号"": [""3501A""], ""适用场景"": [""家庭使用""], ""颜色分类"": [""16升蓝色 买1送1"", ""16升粉色 买1送1"", ""10升蓝色 买1送1"", ""10升卡其色 买1送1"", ""10升绿色 买1送1"", ""16升卡其色 买1送1"", ""16升绿色 买1送1"", ""10升粉色 买1送1""]}",data/images/week1_v3/574249081746.webp,39dcee34ff532b6ff6ab43f0184c9ed9a45da8798f76a0bb71bf642fd251bb7d,data/processed/week1_v3/multimodal/validation.jsonl,dd2bc1d6c21567176d95f5414bfd9304f48979b3bb39ab0b038627b1f346af0b
week2_rag_fact_quality_audit_v1,validation,yes,574970160109,3C数码,键盘,PASS,none,本轮未发现标题、结构化属性与主图之间的明显冲突；不等同于外部商品真值确认。,,磁动力ZK23光轴机械键盘 LK光轴电脑电竞酒店游戏专用网咖RGB蓝光,"{""品牌"": [""ZIDLI/磁动力""], ""售后服务"": [""店铺三包""], ""型号"": [""ZK23""], ""套餐类型"": [""官方标配""], ""成色"": [""全新""], ""接口类型"": [""USB""], ""是否支持人体工程学"": [""支持""], ""是否无线"": [""有线""], ""是否有多媒体功能键"": [""有""], ""是否机械键盘"": [""是""], ""有无手托"": [""有""], ""毛重"": [""1kg左右""], ""轴体"": [""光轴""], ""颜色分类"": [""ZK23黑色键鼠耳机套装"", ""ZK23黑色LK光轴手托版"", ""ZK23银黑LK光轴"", ""ZK23银黑键鼠套装"", ""ZK23黑色LK光轴"", ""ZK23黑色键鼠套装""]}",data/images/week1_v3/574970160109.webp,67c4a37a684ac15ac9f82d6604bee7d2d71a61784f90f3a635a77b9f1ddb16da,data/processed/week1_v3/multimodal/validation.jsonl,dd2bc1d6c21567176d95f5414bfd9304f48979b3bb39ab0b038627b1f346af0b
week2_rag_fact_quality_audit_v1,validation,yes,576028049893,3C数码,移动电源,PASS,none,本轮未发现标题、结构化属性与主图之间的明显冲突；不等同于外部商品真值确认。,,私人移动电源套装年会活动礼品定制公司LOGO充电宝礼盒定制,"{""充电协议"": [""其他""], ""品牌"": [""金澜轩""], ""型号"": [""G6""], ""外壳材质"": [""合金""], ""尺寸"": [""135X68X11mm""], ""电池容量"": [""10000mAh""], ""电池类型"": [""锂聚合物电池""], ""电芯类型"": [""软包""], ""附加功能"": [""多U口输出""], ""颜色分类"": [""红色"", ""银色"", ""白色套装"", ""黑色"", ""金色套装"", ""黑色套装"", ""红色套装"", ""金色""]}",data/images/week1_v3/576028049893.webp,cf32c34f470897e4c2b2f9583eb1eebc7465a89cb2776496c20ad7afaafba88f,data/processed/week1_v3/multimodal/validation.jsonl,dd2bc1d6c21567176d95f5414bfd9304f48979b3bb39ab0b038627b1f346af0b
week2_rag_fact_quality_audit_v1,validation,yes,576694559149,家居日用,保温杯,PASS,none,本轮未发现标题、结构化属性与主图之间的明显冲突；不等同于外部商品真值确认。,,茶水分离保温杯男士便携车载高档泡茶杯子304不锈钢水杯女大容量,"{""产地"": [""中国大陆""], ""保温产品"": [""保温杯""], ""保温时长"": [""6小时(含)-12小时(不含)""], ""品牌"": [""宜加美""], ""型号"": [""W648-W649""], ""容量"": [""401mL(含)-500mL(含)""], ""材质"": [""304不锈钢""], ""杯子样式"": [""直身杯""], ""颜色分类"": [""W649本色420ml 送杯套杯刷"", ""W649黑色420ml 送杯套杯刷"", ""W648本色350ml 送杯套杯刷"", ""W648黑色350ml 送杯套杯刷""]}",data/images/week1_v3/576694559149.webp,5094ee29d63136e60af5641b6bf88341ab7325d18acc15bf658b42c8378f63fc,data/processed/week1_v3/multimodal/validation.jsonl,dd2bc1d6c21567176d95f5414bfd9304f48979b3bb39ab0b038627b1f346af0b
week2_rag_fact_quality_audit_v1,validation,yes,576904378076,家居日用,拖把,PASS,none,本轮未发现标题、结构化属性与主图之间的明显冲突；不等同于外部商品真值确认。,,拖把旋转免手洗干湿两用自动甩干懒人神拖家用地拖布桶脱水墩抹布,"{""个数"": [""二个"", ""四个"", ""六个""], ""吸水性"": [""10s以下""], ""品牌"": [""尚奇""], ""型号"": [""SEX""], ""拖布材质"": [""超细纤维""], ""拖把杆的承重"": [""10KG以上""], ""拖把杆类型"": [""提升杆+不锈钢盘""], ""杆材质"": [""不锈钢""], ""电源方式"": [""手动""], ""耐腐蚀度"": [""10级""], ""脱水率"": [""90%(含)-100%(含)""], ""配件类型"": [""金属篮""], ""颜色分类"": [""桔色""], ""驱动类型"": [""双驱动""]}",data/images/week1_v3/576904378076.webp,9d0594bdaf46d25f4d833ecef71aae92a3686884123cd86bcc007d963aa11277,data/processed/week1_v3/multimodal/validation.jsonl,dd2bc1d6c21567176d95f5414bfd9304f48979b3bb39ab0b038627b1f346af0b
week2_rag_fact_quality_audit_v1,validation,yes,579600375674,3C数码,耳机,REVIEW,sku_component_boundary,标题包含 AirPods 单只补配，结构化属性未说明单只/整套；需确认具体 SKU。,型号|套餐类型|是否单双耳,国行Apple/苹果 AirPods二代 无线蓝牙耳机/单只补配 左耳右耳充,"{""佩戴方式"": [""入耳式""], ""品牌"": [""Apple/苹果""], ""型号"": [""AirPods""], ""套餐类型"": [""官方标配""], ""是否单双耳"": [""双边立体声""], ""耳机类别"": [""真无线耳机""], ""蓝牙版本"": [""4.0""], ""颜色分类"": [""全新国行无线充电盒(二代)"", ""国行有线充电盒(二代)"", ""全新国行 单支二代左耳"", ""全新国行有线充电盒(二代)"", ""全新国行 单支二代右耳""]}",data/images/week1_v3/579600375674.webp,40ac375f2348c2f341be995e4d8095aae9fd3257e44bb319f9f0df01bb6b765b,data/processed/week1_v3/multimodal/validation.jsonl,dd2bc1d6c21567176d95f5414bfd9304f48979b3bb39ab0b038627b1f346af0b
week2_rag_fact_quality_audit_v1,validation,yes,580298584089,家居日用,收纳箱,CONFLICT,material_title_image_attribute_conflict,标题和主图均为布艺收纳箱，结构化“材质”为塑料。,材质,沃之沃布艺收纳箱装衣服牛津布钢架整理箱百纳箱储物箱衣服打包袋,"{""产品出口必备单证"": [""报关单""], ""净重"": [""1kg""], ""品牌"": [""沃之沃""], ""型号"": [""66L牛津布百纳箱""], ""容量"": [""66L""], ""尺寸"": [""45*35*23 cm""], ""是否手工"": [""否""], ""材质"": [""塑料""], ""货号"": [""牛津布收纳箱""], ""适用人群"": [""大众""], ""适用对象"": [""其他"", ""毛衣"", ""内衣""], ""适用空间"": [""卧室""], ""颜色分类"": [""紫色"", ""浅绿色"", ""浅黄色"", ""紫罗兰"", ""桔色"", ""深紫色"", ""白色"", ""军绿色"", ""天蓝色""]}",data/images/week1_v3/580298584089.jpg,a5c3d0d2ef5b7d95f2e139e2783305db5854f32538be3ff124224fbdce52773f,data/processed/week1_v3/multimodal/validation.jsonl,dd2bc1d6c21567176d95f5414bfd9304f48979b3bb39ab0b038627b1f346af0b
week2_rag_fact_quality_audit_v1,validation,yes,580333585585,3C数码,鼠标,PASS,none,本轮未发现标题、结构化属性与主图之间的明显冲突；不等同于外部商品真值确认。,,达尔优LM109执法官台式电脑鼠标牧马人游戏有线发光USB吃鸡电脑笔记本办公家用LOL电竞大司马骚男外设店CF,"{""保修期"": [""12个月""], ""光学分辨率"": [""4000dpi""], ""品牌"": [""达尔优""], ""型号"": [""执法官""], ""套餐类型"": [""官方标配""], ""工作方式"": [""光电""], ""成色"": [""全新""], ""接口类型"": [""USB""], ""是否支持人体工程学"": [""支持""], ""颜色分类"": [""LM109黑枪灰色"", ""LM109黑"", ""LM109红色(静音版)"", ""LM109白色""]}",data/images/week1_v3/580333585585.webp,5bf0f6c3edbf58b88c059e42632506eadce84b2e71491bf93cb81508c8c5e65c,data/processed/week1_v3/multimodal/validation.jsonl,dd2bc1d6c21567176d95f5414bfd9304f48979b3bb39ab0b038627b1f346af0b
week2_rag_fact_quality_audit_v1,validation,yes,580390189481,3C数码,鼠标,PASS,none,本轮未发现标题、结构化属性与主图之间的明显冲突；不等同于外部商品真值确认。,,电脑鼠标有线华硕联想通用 台式小型女士简约儿童迷你办公手提USB,"{""上市时间"": [""2020-01-18""], ""光学分辨率"": [""800dpi""], ""包装体积"": [""2""], ""品牌"": [""other/其他""], ""套餐类型"": [""官方标配""], ""工作方式"": [""光学""], ""成色"": [""全新""], ""按键数"": [""3个""], ""接口类型"": [""USB""], ""是否支持人体工程学"": [""支持""], ""毛重"": [""15""], ""系列"": [""其他/other""], ""颜色分类"": [""黑色"", ""黑色+鼠标垫""]}",data/images/week1_v3/580390189481.jpg,688c4f34255729c2b025dbd8c80101764357e95f9cbe649683b233f4d700cc47,data/processed/week1_v3/multimodal/validation.jsonl,dd2bc1d6c21567176d95f5414bfd9304f48979b3bb39ab0b038627b1f346af0b
week2_rag_fact_quality_audit_v1,validation,yes,580397149507,家居日用,垃圾桶,PASS,none,本轮未发现标题、结构化属性与主图之间的明显冲突；不等同于外部商品真值确认。,,欧本厨房智能垃圾桶大号家用带盖厨余垃圾桶自动感应垃圾箱大容量,"{""产品出口必备单证"": [""原产地证""], ""企业出口资质"": [""进出口货物报关注册登记证书""], ""出口检测机构"": [""ce""], ""品牌"": [""欧本""], ""外壳材质"": [""不锈钢""], ""容量"": [""12L以上""], ""形状"": [""长筒形""], ""洲"": [""欧洲""], ""货号"": [""GYT-16c""], ""适用场景"": [""家庭使用""], ""颜色分类"": [""桔色""], ""验厂标准"": [""宜家""]}",data/images/week1_v3/580397149507.webp,cf36cdb0dbce354a18f0cce857d81237c15bddb1a4514f1013ae4b1b7be1f059,data/processed/week1_v3/multimodal/validation.jsonl,dd2bc1d6c21567176d95f5414bfd9304f48979b3bb39ab0b038627b1f346af0b
week2_rag_fact_quality_audit_v1,validation,yes,580709425243,3C数码,鼠标,PASS,none,本轮未发现标题、结构化属性与主图之间的明显冲突；不等同于外部商品真值确认。,,无线鼠标女生可爱无声静音卡通惠普联想华硕苹果华为笔记本通用,"{""上市时间"": [""2019-04-09""], ""光学分辨率"": [""1600dpi""], ""包装体积"": [""0.01""], ""品牌"": [""富德""], ""售后服务"": [""全国联保""], ""型号"": [""V8H""], ""套餐类型"": [""官方标配""], ""工作方式"": [""光电""], ""成色"": [""全新""], ""按键数"": [""3个""], ""接口类型"": [""USB""], ""无线技术"": [""支持""], ""无线距离"": [""15m""], ""是否支持人体工程学"": [""支持""], ""是否盒装正品"": [""是""], ""毛重"": [""64g""], ""滚轮数"": [""1个""], ""电源方式"": [""1节5号电池""], ""颜色分类"": [""I210黑色"", ""E580黑色"", ""猴子"", ""小黄鸡"", ""i210粉色"", ""火烈鸟"", ""刺猬"", ""狐狸"", ""蓝狐狸"", ""棕熊"", ""花孔雀"", ""孔雀"", ""考拉""]}",data/images/week1_v3/580709425243.webp,214e449871cbeb987257d66108ec6a1e1212ab85795c575fcaa98f436d31e633,data/processed/week1_v3/multimodal/validation.jsonl,dd2bc1d6c21567176d95f5414bfd9304f48979b3bb39ab0b038627b1f346af0b
week2_rag_fact_quality_audit_v1,validation,yes,581300584985,3C数码,耳机,PASS,none,本轮未发现标题、结构化属性与主图之间的明显冲突；不等同于外部商品真值确认。,,维肯蓝牙耳机无线蓝牙超长续航运动耳机跑步不掉小米苹果华为安卓通用入耳式耳塞开车专用隐形耳返七夕礼物,"{""上市时间"": [""2019-1-20""], ""产地"": [""中国大陆""], ""传输半径"": [""10m"", ""12m""], ""佩戴方式"": [""入耳式""], ""保修期"": [""12个月""], ""功能"": [""通话功能""], ""品牌"": [""Viken/维肯""], ""地市"": [""广州市""], ""型号"": [""J29""], ""声道"": [""2""], ""套餐类型"": [""官方标配""], ""是否单双耳"": [""双边立体声""], ""智能类型"": [""其他智能""], ""材质"": [""金属""], ""生产企业"": [""广州维肯通讯科技有限公司""], ""省份"": [""广东省""], ""耳机与播放设备连接方式"": [""蓝牙连接""], ""耳机左右腔体间连接方式"": [""无线连接""], ""耳机类别"": [""智能耳机""], ""蓝牙版本"": [""5.0""], ""防尘性能"": [""不支持防尘""], ""防水性能"": [""不支持防水""], ""颜色分类"": [""【收藏加购拍下 赠运费险 2年质保 30天免费试用】"", ""黑色"", ""红色""]}",data/images/week1_v3/581300584985.webp,d48eebc42678f98dba1101322d9d64b46cb9d2b423e598e4e2ddc4e5d52bbaa3,data/processed/week1_v3/multimodal/validation.jsonl,dd2bc1d6c21567176d95f5414bfd9304f48979b3bb39ab0b038627b1f346af0b
week2_rag_fact_quality_audit_v1,validation,yes,584308818142,3C数码,移动电源,PASS,none,本轮未发现标题、结构化属性与主图之间的明显冲突；不等同于外部商品真值确认。,,羽博30000毫安充电宝大容量聚合物快充闪充vivo手机通用移动电源,"{""充电协议"": [""其他""], ""品牌"": [""Yoobao/羽博""], ""外壳材质"": [""塑料""], ""尺寸"": [""149x75x37mm""], ""智能类型"": [""不支持智能""], ""最大输出功率"": [""22.5W""], ""电池容量"": [""30000mAh""], ""电池类型"": [""锂聚合物电池""], ""电芯类型"": [""软包""], ""羽博型号"": [""30W""], ""附加功能"": [""液晶显示"", ""多U口输出""], ""颜色分类"": [""雪山白【快充版】"", ""珊瑚蓝【标准版】"", ""陨石黑【快充版】"", ""雪山白【标准版+Type-C数据线】"", ""雪山白【标准版】"", ""珊瑚蓝【快充版+Type-C数据线】"", ""珊瑚蓝【标准版+Type-C数据线】"", ""陨石黑【标准版+Type-C数据线】"", ""陨石黑【快充版+Type-C数据线】"", ""陨石黑【标准版】"", ""珊瑚蓝【快充版】"", ""雪山白【快充版+Type-C数据线】""]}",data/images/week1_v3/584308818142.webp,c60a5b0ccb4ea5fc2a034d5819646ce0e4b1d5f0f69d3d2061fc5ad4e3d32d7a,data/processed/week1_v3/multimodal/validation.jsonl,dd2bc1d6c21567176d95f5414bfd9304f48979b3bb39ab0b038627b1f346af0b
week2_rag_fact_quality_audit_v1,validation,yes,584648531319,家居日用,保温杯,PASS,none,本轮未发现标题、结构化属性与主图之间的明显冲突；不等同于外部商品真值确认。,,亚泰不锈钢保温杯男女士车载茶水分离创意水杯高档泡茶杯直身杯,"{""主图来源"": [""自主实拍图""], ""产地"": [""中国大陆""], ""保温产品"": [""保温杯""], ""保温性能描述"": [""6小时≥42°C""], ""保温时长"": [""6小时42度以上""], ""品牌"": [""YATA/亚泰""], ""型号"": [""YT2-082""], ""容量"": [""301mL(含)-400mL(含)""], ""材质"": [""304不锈钢""], ""杯子容量值"": [""300mL""], ""杯子样式"": [""直身杯""], ""流行元素"": [""小清新""], ""适用人群"": [""大众""], ""颜色分类"": [""金色350ml无提绳带茶漏"", ""蓝色350ml带提绳无茶漏"", ""玫红300ml无提绳带茶漏"", ""灰色350ml无提绳带茶漏"", ""金色350ml带提绳无茶漏"", ""玫红350ml无提绳带茶漏"", ""灰色350ml带提绳无茶漏"", ""金色300ml无提绳带茶漏""]}",data/images/week1_v3/584648531319.webp,fa64d400a7d3bf1e86c4bebbd7a9bc01da62656f7b3becf7d61800a80e7f423e,data/processed/week1_v3/multimodal/validation.jsonl,dd2bc1d6c21567176d95f5414bfd9304f48979b3bb39ab0b038627b1f346af0b
week2_rag_fact_quality_audit_v1,validation,yes,585183140226,家居日用,垃圾桶,PASS,none,本轮未发现标题、结构化属性与主图之间的明显冲突；不等同于外部商品真值确认。,,夹缝卫生间垃圾桶家用大号创意北欧简约长方形卧室厨房窄厕所纸篓,"{""品牌"": [""BAOJIAJIE/宝家洁""], ""垃圾桶类型"": [""收纳桶""], ""外壳材质"": [""塑料""], ""容量"": [""10L""], ""开合方式"": [""无盖""], ""形状"": [""长筒形""], ""适用场景"": [""家庭使用""], ""颜色分类"": [""象牙白北欧风简约垃圾桶"", ""厨房挂壁式垃圾桶"", ""象牙白"", ""象牙白垃圾桶+100只垃圾袋"", ""厨房壁挂式垃圾桶小号"", ""象牙白+100只大垃圾袋""]}",data/images/week1_v3/585183140226.webp,101296acd06a7fcda2177033bee377294ce25cb338a0118dcfecfa647262d44c,data/processed/week1_v3/multimodal/validation.jsonl,dd2bc1d6c21567176d95f5414bfd9304f48979b3bb39ab0b038627b1f346af0b
week2_rag_fact_quality_audit_v1,validation,yes,586203674883,家居日用,收纳箱,REVIEW,capacity_plausibility,标题和主图为多尺寸木质收纳箱，结构化容量仅 1L；需结合具体尺寸/SKU 核实。,容量|尺寸,粉色木箱子实木收纳箱复古红酒箱超市陈列橱窗道具装饰箱水果木箱,"{""净重"": [""3kg""], ""品牌"": [""other其他""], ""型号"": [""ECB5D5030""], ""容量"": [""1L""], ""尺寸"": [""中号"", ""大号"", ""特大号"", ""小号""], ""材质"": [""其他""], ""适用对象"": [""大衣/西服"", ""遥控器"", ""内衣"", ""包包"", ""耳机线/电线"", ""磁卡"", ""卫生棉/卫生巾"", ""毛衣"", ""被子"", ""其他"", ""化妆用品/首饰""], ""适用空间"": [""门厅/玄关""], ""颜色分类"": [""松木原色"", ""深棕色桐木带盖"", ""古铜色桐木带盖"", ""松木带盖 拍下请备注颜色"", ""松木红色"", ""粉色桐木带盖"", ""松木粉色"", ""红色桐木带盖"", ""蓝色桐木带盖"", ""原木色桐木带盖"", ""桐木蓝色"", ""桐木绿色"", ""桐木粉色"", ""桐木红色"", ""绿色桐木带盖"", ""松木古铜色"", ""松木深棕色"", ""松木绿色"", ""松木蓝色"", ""桐木原木色"", ""桐木古铜色"", ""桐木深棕色""]}",data/images/week1_v3/586203674883.webp,a6e9bab22f0e1e5acd7093caf66e2a9e2c2a22321f21909659f4085c250c3b18,data/processed/week1_v3/multimodal/validation.jsonl,dd2bc1d6c21567176d95f5414bfd9304f48979b3bb39ab0b038627b1f346af0b
week2_rag_fact_quality_audit_v1,validation,yes,587180176821,3C数码,耳机,PASS,none,本轮未发现标题、结构化属性与主图之间的明显冲突；不等同于外部商品真值确认。,,BYZ S389入耳式手机耳机兼容3.5mm接口通用带线控支持语音K歌清晰,"{""产地"": [""中国大陆""], ""佩戴方式"": [""入耳式""], ""兼容平台"": [""iOS"", ""ANDROID""], ""品牌"": [""BYZ""], ""地市"": [""佛山市""], ""型号"": [""S389""], ""套餐类型"": [""官方标配""], ""是否原装"": [""品牌非原装""], ""是否线控"": [""是""], ""省份"": [""广东省""], ""颜色分类"": [""白色"", ""支持批发 联系客服报价"", ""黑色""]}",data/images/week1_v3/587180176821.webp,84db832a68939ba63f9ca026f99fdda5f21c5c6269e4f174285ed73f0542f64c,data/processed/week1_v3/multimodal/validation.jsonl,dd2bc1d6c21567176d95f5414bfd9304f48979b3bb39ab0b038627b1f346af0b
week2_rag_fact_quality_audit_v1,validation,yes,587823728552,3C数码,耳机,CONFLICT,product_identity_conflict,标题指向 VIVO/iQOO 原装耳机，主图与结构化品牌/型号指向 PLEXTONE G15。,品牌|型号,VIVO iQOO耳机原装弯头游戏专用电竟vivoiqoo3吃鸡Z1 pro iqooneo,"{""佩戴方式"": [""入耳式""], ""品牌"": [""PLEXTONE/浦记""], ""型号"": [""游戏耳机G15""], ""套餐类型"": [""套餐一""], ""是否原装"": [""品牌非原装""], ""是否线控"": [""是""], ""颜色分类"": [""红色耳机"", ""新款G15黑色耳机"", ""升级版扁线G20红色"", ""新款G15红色耳机"", ""新款G15绿色耳机"", ""黑色耳机"", ""升级版扁线G20黑色"", ""绿色耳机"", ""升级版扁线G20绿色""]}",data/images/week1_v3/587823728552.webp,6308f44c511b7acd95139279b9214abc4af29fb9bf3c62cd69c27393ce6f3e3b,data/processed/week1_v3/multimodal/validation.jsonl,dd2bc1d6c21567176d95f5414bfd9304f48979b3bb39ab0b038627b1f346af0b
week2_rag_fact_quality_audit_v1,validation,yes,590013076786,家居日用,垃圾桶,PASS,none,本轮未发现标题、结构化属性与主图之间的明显冲突；不等同于外部商品真值确认。,,防水智能垃圾桶自动感应式长方形窄缝卫生间客厅厕所带盖小号家用,"{""外壳材质"": [""塑料""], ""容量"": [""10L""], ""形状"": [""长筒形""], ""适用场景"": [""家庭使用""], ""颜色分类"": [""军绿色"", ""白色"", ""深紫色"", ""深卡其布色"", ""巧克力色"", ""浅黄色"", ""深灰色"", ""深蓝色"", ""天蓝色""]}",data/images/week1_v3/590013076786.webp,e6c2e1bf92908011c3f2bf0367584ece967277070d69df6ec3d4a199dd8b6094,data/processed/week1_v3/multimodal/validation.jsonl,dd2bc1d6c21567176d95f5414bfd9304f48979b3bb39ab0b038627b1f346af0b
week2_rag_fact_quality_audit_v1,validation,yes,590454993449,3C数码,耳机,REVIEW,connection_variant_ambiguity,标题同时出现有线、蓝牙和 DIY，结构化属性仅为有线；主图只能确认有线耳机。,是否无线|耳机与播放设备连接方式,Shure/舒尔SE846娄氏十单元动铁耳机入耳式diy有线蓝牙高音质圈铁,"{""上市时间"": [""2019-03-09""], ""佩戴方式"": [""入耳式""], ""兼容平台"": [""WindowsMobile"", ""alios"", ""iOS"", ""ANDROID"", ""yunos""], ""品牌"": [""Shure/舒尔""], ""售后服务"": [""店铺三包""], ""套餐类型"": [""官方标配""], ""插头直径"": [""3.5mm""], ""是否无线"": [""有线""], ""是否有麦克风"": [""有""], ""是否线控"": [""是""], ""智能类型"": [""其他智能""], ""灵敏度"": [""110dB/mW""], ""线长"": [""1.2米""], ""耳机发声原理"": [""动圈""], ""耳机插头类型"": [""其他""], ""耳机类别"": [""普通耳机"", ""手机线控耳机""], ""耳机输出音源"": [""通讯设备""], ""舒尔耳机型号"": [""其他型号""], ""适用音乐类型"": [""通用""], ""阻抗"": [""16Ω""], ""频响范围"": [""20-20000Hz""], ""颜色分类"": [""SE535配黑色镀银线(6单元)"", ""透明846配4.4平衡线(10单元)"", ""SE535配弯插8股线(6单元)"", ""透明846配发烧蓝牙线(10单元)"", ""SE535配发烧蓝牙线(6单元)"", ""SE846配黑色镀银线(10单元)"", ""SE535透明耳机头(6单元)"", ""SE846透明耳机头(10单元)"", ""透明846配L插发烧银线(10单元)"", ""SE535配白色镀银线(6单元)"", ""SE846圈铁耳机头(10单元)""]}",data/images/week1_v3/590454993449.webp,4f32c16c37fd96e9221838dccf82581f16e5bb9aa8e55bc61d1190902cb960ce,data/processed/week1_v3/multimodal/validation.jsonl,dd2bc1d6c21567176d95f5414bfd9304f48979b3bb39ab0b038627b1f346af0b
week2_rag_fact_quality_audit_v1,validation,yes,591205504897,家居日用,垃圾桶,PASS,none,本轮未发现标题、结构化属性与主图之间的明显冲突；不等同于外部商品真值确认。,,日本SP厨房可挂式壁挂悬挂橱柜门半圆垃圾桶家用简约挂壁拉圾挂墙,"{""品牌"": [""SPSUACE""], ""垃圾桶类型"": [""收纳桶""], ""外壳材质"": [""塑料""], ""开合方式"": [""无盖""], ""形状"": [""圆桶形""], ""洲"": [""亚洲""], ""货号"": [""227-H-3946""], ""适用场景"": [""家庭使用""], ""颜色分类"": [""咖啡大号"", ""咖啡小号(带压圈)"", ""灰色小号(带压圈)"", ""灰色大号""]}",data/images/week1_v3/591205504897.png,e9633b13e3b43387344892451958a1f44a3d930596c4ba1bb511d0897a931ee1,data/processed/week1_v3/multimodal/validation.jsonl,dd2bc1d6c21567176d95f5414bfd9304f48979b3bb39ab0b038627b1f346af0b
week2_rag_fact_quality_audit_v1,validation,yes,591829516020,3C数码,移动电源,PASS,none,本轮未发现标题、结构化属性与主图之间的明显冲突；不等同于外部商品真值确认。,,适用于苹果背夹式充电宝XR超薄xs max电池iphone 11pro max充电壳,"{""充电协议"": [""pd2.0""], ""品牌"": [""MELIID/魅力电""], ""型号"": [""苹果""], ""外壳材质"": [""其他""], ""尺寸"": [""160x78x16mm""], ""电池容量"": [""5500MAH""], ""电池类型"": [""锂聚合物电池""], ""电芯类型"": [""软包""], ""颜色分类"": [""11 6000 留言颜色"", ""Xs/X 5200毫安【蓝色】"", ""12promax【 6500黑色】"", ""XR 6000毫安【蓝色】"", ""苹果12【 6000 黑色】"", ""苹果12pro【 6500蓝色】"", ""XR 6000毫安【白色】"", ""XR 6000毫安【黑色】"", ""12promax【 6500蓝色】"", ""11 pro max 6500留言颜色"", ""苹果12【 6000 白色】"", ""Xs/X 5200毫安【黑色】"", ""12 mini 6000 蓝色"", ""苹果12【 6000 蓝色】"", ""Max 6500【白色】"", ""12 mini 6000 白色"", ""苹果12pro【 6500黑色】"", ""11 pro 5200 留言颜色"", ""苹果12pro【 6500白色】"", ""Max 6500【蓝色】"", ""12promax【 6500白色】"", ""Xs/X 5200毫安【白色】"", ""12 mini 6000 黑色"", ""Max 6500【黑色】""]}",data/images/week1_v3/591829516020.webp,e9f3087a11215b40b8453b376e042fafbbd5ddaab6e2ac62b37f9a94f8e9b8f8,data/processed/week1_v3/multimodal/validation.jsonl,dd2bc1d6c21567176d95f5414bfd9304f48979b3bb39ab0b038627b1f346af0b
week2_rag_fact_quality_audit_v1,validation,yes,593174187042,3C数码,鼠标,PASS,none,本轮未发现标题、结构化属性与主图之间的明显冲突；不等同于外部商品真值确认。,,爱国者AIGO新款无线鼠标省电游戏办公商务便携笔记本台式电脑USB,"{""光学分辨率"": [""1600dpi""], ""品牌"": [""Aigo/爱国者""], ""售后服务"": [""店铺三包""], ""套餐类型"": [""官方标配""], ""工作方式"": [""光电""], ""成色"": [""全新""], ""按键数"": [""3个""], ""接口类型"": [""USB""], ""是否支持人体工程学"": [""支持""], ""爱国者有线型号"": [""Q34""], ""颜色分类"": [""黑色"", ""新款Q710""]}",data/images/week1_v3/593174187042.png,8d9066876ab936565fb9e95b14825d73ff89bbf59dcc33e557c0e8691de28b3a,data/processed/week1_v3/multimodal/validation.jsonl,dd2bc1d6c21567176d95f5414bfd9304f48979b3bb39ab0b038627b1f346af0b
week2_rag_fact_quality_audit_v1,validation,yes,594070208995,3C数码,移动电源,PASS,none,本轮未发现标题、结构化属性与主图之间的明显冲突；不等同于外部商品真值确认。,,漫威正品钢铁侠移动电源 美国队长10000毫安手机平板大容量充电宝,"{""品牌"": [""other/其他""], ""型号"": [""钢铁侠移动电源""], ""外壳材质"": [""塑料""], ""尺寸"": [""105x75x45mm""], ""电池容量"": [""10000mAh""], ""电池类型"": [""锂聚合物电池""], ""颜色分类"": [""6000毫安"", ""10000毫安""]}",data/images/week1_v3/594070208995.webp,903f427b89dcd3fc794048ef1d42f15cd2e65ec35edec24a7afd36c264317159,data/processed/week1_v3/multimodal/validation.jsonl,dd2bc1d6c21567176d95f5414bfd9304f48979b3bb39ab0b038627b1f346af0b
week2_rag_fact_quality_audit_v1,validation,yes,594155212844,家居日用,收纳箱,PASS,none,本轮未发现标题、结构化属性与主图之间的明显冲突；不等同于外部商品真值确认。,,爱丽思密闭透明收纳箱单反相机收纳防潮防霉防虫零食爱丽丝收纳箱,"{""产地"": [""中国大陆""], ""净重"": [""1.8kg""], ""品牌"": [""IRIS/爱丽思""], ""国家/地区"": [""日本""], ""尺寸"": [""单个装""], ""是否手工"": [""否""], ""材质"": [""塑料""], ""洲"": [""亚洲""], ""流行元素"": [""纯色""], ""货号"": [""MIP-75""], ""适用人群"": [""大众""], ""适用对象"": [""包包"", ""毛衣"", ""卫生棉/卫生巾"", ""被子"", ""大衣/西服"", ""内衣""], ""适用空间"": [""卧室""], ""颜色分类"": [""MIP-75"", ""MIP-25"", ""MIP-25蓝色"", ""MIP-75蓝色""], ""风格"": [""日式""]}",data/images/week1_v3/594155212844.webp,33b17cde95ccdd74fffd300243351f878c36de1c8b1b3795cde97ea802d231f2,data/processed/week1_v3/multimodal/validation.jsonl,dd2bc1d6c21567176d95f5414bfd9304f48979b3bb39ab0b038627b1f346af0b
week2_rag_fact_quality_audit_v1,validation,yes,594163110869,3C数码,鼠标,PASS,none,本轮未发现标题、结构化属性与主图之间的明显冲突；不等同于外部商品真值确认。,,方正usb有线鼠标办公室台式机电脑办公用笔记本家用游戏扁口鼠标,"{""上市时间"": [""2019-05-01""], ""保修期"": [""12个月""], ""光学分辨率"": [""1000dpi""], ""品牌"": [""IFOUND""], ""售后服务"": [""店铺三包""], ""型号"": [""F610""], ""套餐类型"": [""官方标配""], ""工作方式"": [""光电""], ""成色"": [""全新""], ""按键数"": [""3个""], ""接口类型"": [""USB""], ""是否支持人体工程学"": [""支持""], ""颜色分类"": [""F610发光鼠标+鼠标垫"", ""F610有线发光鼠标""]}",data/images/week1_v3/594163110869.webp,98d1dcfbe06ca164f54b2763d0a94a047fbf302595183e24d4b7e46ef74ecf4c,data/processed/week1_v3/multimodal/validation.jsonl,dd2bc1d6c21567176d95f5414bfd9304f48979b3bb39ab0b038627b1f346af0b
week2_rag_fact_quality_audit_v1,validation,yes,594811177137,家居日用,收纳箱,PASS,none,本轮未发现标题、结构化属性与主图之间的明显冲突；不等同于外部商品真值确认。,,牛皮纸收纳盒文件箱纸质超硬装书收纳箱有盖零食离职整理盒储物箱,"{""产品出口必备单证"": [""无""], ""产地"": [""中国大陆""], ""净重"": [""0.7KG""], ""品牌"": [""思卡诺(节庆用品)""], ""地市"": [""台州市""], ""型号"": [""收纳箱""], ""容量"": [""30L""], ""尺寸"": [""32cmx22cmx16cm""], ""是否手工"": [""是""], ""材质"": [""纸""], ""款式"": [""折叠式""], ""流行元素"": [""粉嫩少女心""], ""省份"": [""浙江省""], ""货号"": [""028""], ""适用人群"": [""大众""], ""适用对象"": [""内衣"", ""遥控器"", ""包包"", ""化妆用品/首饰"", ""其他"", ""被子"", ""卫生棉/卫生巾"", ""毛衣"", ""大衣/西服"", ""耳机线/电线"", ""磁卡""], ""适用空间"": [""衣橱/衣帽间""], ""颜色分类"": [""深紫色"", ""深灰色"", ""巧克力色"", ""军绿色"", ""桔色"", ""浅灰色"", ""深蓝色"", ""浅黄色"", ""深卡其布色"", ""天蓝色"", ""浅绿色""], ""风格"": [""欧式""]}",data/images/week1_v3/594811177137.webp,5b589ebfe644821201a87887a94129f9a40a0dfb3f63e3e32bd5458c966f47d2,data/processed/week1_v3/multimodal/validation.jsonl,dd2bc1d6c21567176d95f5414bfd9304f48979b3bb39ab0b038627b1f346af0b
week2_rag_fact_quality_audit_v1,validation,yes,594830440707,3C数码,鼠标,PASS,none,本轮未发现标题、结构化属性与主图之间的明显冲突；不等同于外部商品真值确认。,,卓威ZOWIE ec2a/ec1a/ec2b/ZA123/FK1+S2/EC2-A 电竞游戏明基鼠标,"{""保修期"": [""12个月""], ""光学分辨率"": [""3200dpi""], ""品牌"": [""ZOWIE GEAR/卓威奇亚""], ""售后服务"": [""全国联保""], ""型号"": [""EC-A系列""], ""套餐类型"": [""官方标配""], ""工作方式"": [""光电""], ""成色"": [""全新""], ""按键数"": [""5个""], ""接口类型"": [""USB""], ""是否支持人体工程学"": [""支持""], ""颜色分类"": [""EC2白"", ""EC1升级款"", ""EC2-A"", ""EC2升级款""]}",data/images/week1_v3/594830440707.webp,7153ebe839d781f0aab4f0a16bf7cf54f7b6e128a3ffcccc4f7fabee27a3ab4d,data/processed/week1_v3/multimodal/validation.jsonl,dd2bc1d6c21567176d95f5414bfd9304f48979b3bb39ab0b038627b1f346af0b
week2_rag_fact_quality_audit_v1,validation,yes,595059390848,家居日用,拖把,PASS,none,本轮未发现标题、结构化属性与主图之间的明显冲突；不等同于外部商品真值确认。,,拖把免手洗拖地神器旋转家用杆干湿两用通用平板托把一拖拖布桶净,"{""品牌"": [""巴迪森""], ""型号"": [""TL-411""], ""尘推类型"": [""粘扣式""], ""拖布材质"": [""超细纤维""], ""拖把杆的承重"": [""10KG以上""], ""杆材质"": [""不锈钢""], ""电源方式"": [""手动""], ""颜色分类"": [""褐色"", ""酒红色"", ""绿色"", ""红色"", ""蓝色"", ""粉红色"", ""深紫色"", ""透明""]}",data/images/week1_v3/595059390848.webp,bc947d1d772ac2b1b7a5dc13c84e49c1a592e9098d88e339e625f0a725ea6c88,data/processed/week1_v3/multimodal/validation.jsonl,dd2bc1d6c21567176d95f5414bfd9304f48979b3bb39ab0b038627b1f346af0b
week2_rag_fact_quality_audit_v1,validation,yes,596561935088,家居日用,垃圾桶,PASS,none,本轮未发现标题、结构化属性与主图之间的明显冲突；不等同于外部商品真值确认。,,优百纳方形高端感应垃圾桶防水智能家用客厅厨房卫生间厕所窄有盖,"{""产品出口必备单证"": [""无""], ""企业出口资质"": [""无""], ""品牌"": [""嘉耐特""], ""外壳材质"": [""不锈钢""], ""容量"": [""10L""], ""形状"": [""长筒形""], ""洲"": [""欧洲""], ""货号"": [""JNT0180""], ""适用场景"": [""家庭使用""], ""颜色分类"": [""巧克力色"", ""军绿色"", ""天蓝色""], ""验厂标准"": [""BSCI""]}",data/images/week1_v3/596561935088.webp,805fb0e3ef1d760b7d3effdfefe37af12c978d3ee1d7bc05ef507272c15d5f7a,data/processed/week1_v3/multimodal/validation.jsonl,dd2bc1d6c21567176d95f5414bfd9304f48979b3bb39ab0b038627b1f346af0b
week2_rag_fact_quality_audit_v1,validation,yes,596692429930,家居日用,垃圾桶,PASS,none,本轮未发现标题、结构化属性与主图之间的明显冲突；不等同于外部商品真值确认。,,垃圾桶带盖静音缓降创意脚踩拉圾桶家用客厅大号厨房脚踏式拉机桶,"{""品牌"": [""永声(塑描)""], ""垃圾桶类型"": [""脚踏式""], ""外壳材质"": [""塑料""], ""容量"": [""9L""], ""开合方式"": [""脚踏式""], ""形状"": [""圆桶形""], ""适用场景"": [""家庭使用""], ""颜色分类"": [""海星9L+4卷垃圾袋"", ""枫叶6L(带1卷垃圾袋)"", ""枫叶9L+4卷垃圾袋"", ""枫叶9L(带1卷垃圾袋)"", ""海星6L(带1卷垃圾袋)"", ""3D款9L+4卷垃圾袋"", ""3D款9L(带1卷垃圾袋)"", ""海星6L+4卷垃圾袋"", ""枫叶6L+4卷垃圾袋"", ""3D款6L+4卷垃圾袋"", ""海星9L(带1卷垃圾袋)"", ""3D款6L(带1卷垃圾袋)""]}",data/images/week1_v3/596692429930.png,460a6015031118d2f6b2bc544f4efd9219049732c8756ec0a73bbeb2f0999cfe,data/processed/week1_v3/multimodal/validation.jsonl,dd2bc1d6c21567176d95f5414bfd9304f48979b3bb39ab0b038627b1f346af0b
week2_rag_fact_quality_audit_v1,validation,yes,597102621828,家居日用,保温杯,REVIEW,capacity_variant_ambiguity,标题出现 1000mL、1L、800mL，主图出现 900/750mL，结构化值为 900mL；存在多规格混写。,容量|杯子容量值,大容量保温杯男女便携水杯茶杯子1000ml户外车载1L不锈钢壶800ml,"{""主图来源"": [""自主实拍图""], ""产地"": [""中国大陆""], ""保温产品"": [""保温杯""], ""保温性能描述"": [""12小时""], ""保温时长"": [""6小时(含)-12小时(不含)""], ""品牌"": [""楚轩""], ""型号"": [""1000""], ""容量"": [""801mL(含)-900mL(含)""], ""材质"": [""304不锈钢""], ""杯子容量值"": [""900mL""], ""杯子样式"": [""直身杯""], ""适用人群"": [""大众""], ""适用场景"": [""旅行""], ""适用空间"": [""客厅""], ""颜色分类"": [""加厚渐变蓝900ml+杯套+杯刷"", ""加厚渐变红900ml+杯套+杯刷"", ""加厚渐变红520ml+杯套+杯刷"", ""加厚渐变红750ml+杯套+杯刷"", ""加厚本色520ml+杯套+杯刷"", ""加厚本色750ml+杯套+杯刷"", ""加厚本色900ml+杯套+杯刷"", ""加厚渐变蓝750ml+杯套+杯刷"", ""加厚渐变蓝520ml+杯套+杯刷""], ""风格"": [""中式""]}",data/images/week1_v3/597102621828.webp,04cdc00ce7dd986ff613bc5026603dde89ded3aafc6da84e16dd214761304315,data/processed/week1_v3/multimodal/validation.jsonl,dd2bc1d6c21567176d95f5414bfd9304f48979b3bb39ab0b038627b1f346af0b
week2_rag_fact_quality_audit_v1,validation,yes,597205994580,3C数码,耳机,PASS,none,本轮未发现标题、结构化属性与主图之间的明显冲突；不等同于外部商品真值确认。,,JBL T280 TWS真无线蓝牙耳机5.0运动跑步迷你入耳挂耳式防水耳塞,"{""佩戴方式"": [""入耳式""], ""品牌"": [""JBL""], ""售后服务"": [""全国联保""], ""型号"": [""T280 TWS""], ""套餐类型"": [""官方标配""], ""是否无线"": [""无线""], ""是否有麦克风"": [""有""], ""是否线控"": [""耳机机身按键控制""], ""智能类型"": [""不支持智能""], ""耳机与播放设备连接方式"": [""蓝牙连接""], ""耳机发声原理"": [""动圈""], ""耳机左右腔体间连接方式"": [""无线连接""], ""耳机类别"": [""运动耳机"", ""真无线耳机""], ""耳机输出音源"": [""通讯设备""], ""适用音乐类型"": [""通用""], ""防水性能"": [""IPX5""], ""颜色分类"": [""6月1号开门红提前收藏加购"", ""【全新国行】蓝色T280TWS+联保"", ""【全新国行】灰色T280TWS+联保"", ""【全新国行】红色T280TWS PLUS"", ""【全新国行】红色T280TWS+联保"", ""【全新国行】灰色T280TWS PLUS"", ""【全新国行】蓝色T280TWS PLUS""]}",data/images/week1_v3/597205994580.webp,ec2292ec4edd61a3474bb1c3d571fc804f4e43f5234479dd08056f6c39b68999,data/processed/week1_v3/multimodal/validation.jsonl,dd2bc1d6c21567176d95f5414bfd9304f48979b3bb39ab0b038627b1f346af0b
week2_rag_fact_quality_audit_v1,validation,yes,597328189786,3C数码,鼠标,REVIEW,connection_variant_ambiguity,标题同时包含有线、无线、蓝牙，结构化属性指向蓝牙，主图未给出明确连接方式。,无线技术|接口类型,日本SANWA人体工学电脑办公游戏蓝光有线鼠标游戏吃鸡LOL穿越火线家用电竞无线蓝牙手握式可调速,"{""保修期"": [""12个月""], ""品牌"": [""Sanwa Supply""], ""售后服务"": [""全国联保""], ""型号"": [""GMAERGBT11""], ""套餐类型"": [""官方标配""], ""工作方式"": [""蓝影""], ""成色"": [""全新""], ""按键数"": [""6个""], ""无线技术"": [""蓝牙""], ""无线距离"": [""10m""], ""是否支持人体工程学"": [""支持""], ""是否盒装正品"": [""是""], ""生产企业"": [""山业""], ""电源方式"": [""二节7号电池""], ""颜色分类"": [""蓝牙款"", ""静音版 有线款"", ""无线款"", ""静音版 蓝牙款"", ""有线款"", ""静音版 无线款""]}",data/images/week1_v3/597328189786.webp,233ac5809f6692e642a7f4e9952b379504e33ab9eaa983712826833cf75b3dc8,data/processed/week1_v3/multimodal/validation.jsonl,dd2bc1d6c21567176d95f5414bfd9304f48979b3bb39ab0b038627b1f346af0b
week2_rag_fact_quality_audit_v1,validation,yes,597352950256,家居日用,垃圾桶,PASS,none,本轮未发现标题、结构化属性与主图之间的明显冲突；不等同于外部商品真值确认。,,智能垃圾桶自动感应家用厨房浴室卫生间客厅卧室分类防水垃圾桶,"{""品牌"": [""海悦(个人清洁)""], ""外壳材质"": [""塑料""], ""容量"": [""10L""], ""形状"": [""长筒形""], ""货号"": [""ljt002""], ""适用场景"": [""家庭使用""], ""颜色分类"": [""紫罗兰"", ""白色"", ""黑色"", ""紫色"", ""粉红色""]}",data/images/week1_v3/597352950256.webp,efd10f1ef49d42a7929f8f8e74eb39eb16be3e1353c5d1fc88007d253d05f785,data/processed/week1_v3/multimodal/validation.jsonl,dd2bc1d6c21567176d95f5414bfd9304f48979b3bb39ab0b038627b1f346af0b
week2_rag_fact_quality_audit_v1,validation,yes,597667566007,家居日用,垃圾桶,PASS,none,本轮未发现标题、结构化属性与主图之间的明显冲突；不等同于外部商品真值确认。,,日本单层垃圾桶分类按压式家用卧室垃圾篓防水防臭弹盖塑料桶带盖,"{""品牌"": [""imakara""], ""外壳材质"": [""塑料""], ""容量"": [""12L以上""], ""货号"": [""FFL""], ""适用场景"": [""家庭使用""], ""颜色分类"": [""褐色"", ""白色""]}",data/images/week1_v3/597667566007.webp,f6a6bf6f27aad53c61c7d927677e62a92cc7b5b8e75ef525af181bc24438ae28,data/processed/week1_v3/multimodal/validation.jsonl,dd2bc1d6c21567176d95f5414bfd9304f48979b3bb39ab0b038627b1f346af0b
week2_rag_fact_quality_audit_v1,validation,yes,598779879631,3C数码,鼠标,PASS,none,本轮未发现标题、结构化属性与主图之间的明显冲突；不等同于外部商品真值确认。,,MVTV梦田 M520海妖职业电子竞技游戏RGB鼠标七彩流光网吧吃鸡包邮,"{""光学分辨率"": [""5000dpi""], ""品牌"": [""other/其他""], ""售后服务"": [""店铺三包""], ""工作方式"": [""光电""], ""成色"": [""全新""], ""按键数"": [""6个""], ""接口类型"": [""USB""], ""是否支持人体工程学"": [""支持""], ""系列"": [""MVTV梦田""]}",data/images/week1_v3/598779879631.webp,c33734b06f94b865d6349af100a7804c4107a8b209cd59591860c173b358b29f,data/processed/week1_v3/multimodal/validation.jsonl,dd2bc1d6c21567176d95f5414bfd9304f48979b3bb39ab0b038627b1f346af0b
week2_rag_fact_quality_audit_v1,validation,yes,599057480741,家居日用,保温杯,PASS,none,本轮未发现标题、结构化属性与主图之间的明显冲突；不等同于外部商品真值确认。,,创意潮情侣网红学生易拉罐吸管可乐杯刻字定制不锈钢个性保温水壶,"{""主图来源"": [""自主实拍图""], ""产地"": [""中国大陆""], ""保温时长"": [""6小时(含)-12小时(不含)""], ""品牌"": [""无品牌""], ""型号"": [""001""], ""容量"": [""401mL(含)-500mL(含)""], ""材质"": [""304不锈钢""], ""杯子样式"": [""直身杯""], ""颜色分类"": [""一生一世杯(13黑色)"", ""红色SUP"", ""可口可乐"", ""一生一世杯(14白色)"", ""小黄人"", ""黑色SUP"", ""百事可乐"", ""白色SUP""]}",data/images/week1_v3/599057480741.webp,001a1e1ae44ba0818caa22c7383d90ce3ec65b775649a3fe3d42b31a05281344,data/processed/week1_v3/multimodal/validation.jsonl,dd2bc1d6c21567176d95f5414bfd9304f48979b3bb39ab0b038627b1f346af0b
week2_rag_fact_quality_audit_v1,validation,yes,599816096782,3C数码,移动电源,PASS,none,本轮未发现标题、结构化属性与主图之间的明显冲突；不等同于外部商品真值确认。,,10000mAh Power Bank充电宝超薄便携移动电源小米手机快充闪充,"{""品牌"": [""wopow/沃品""], ""型号"": [""MI1""], ""外壳材质"": [""塑料""], ""尺寸"": [""90x63x22mm""], ""电池容量"": [""10000mAh""], ""电池类型"": [""锂聚合物电池""], ""电芯类型"": [""方形铝壳""], ""附加功能"": [""多U口输出""], ""颜色分类"": [""白色""]}",data/images/week1_v3/599816096782.webp,16ab304299d6e1b6811a16e2ad0c63aa0e57ce81f5e3bdfce0d164d40e475683,data/processed/week1_v3/multimodal/validation.jsonl,dd2bc1d6c21567176d95f5414bfd9304f48979b3bb39ab0b038627b1f346af0b
week2_rag_fact_quality_audit_v1,validation,yes,599958487813,家居日用,拖把,PASS,none,本轮未发现标题、结构化属性与主图之间的明显冲突；不等同于外部商品真值确认。,,日本花王静电拖把吸尘除尘纸湿巾平板拖把免洗懒人拖布家用一拖净,"{""品牌"": [""KAO/花王""], ""型号"": [""平板拖把""], ""尘推类型"": [""夹固式""], ""电源方式"": [""手动""], ""颜色分类"": [""军绿色"", ""巧克力色"", ""浅灰色"", ""白色"", ""深紫色"", ""深灰色"", ""桔色"", ""紫罗兰"", ""天蓝色"", ""深卡其布色"", ""紫色"", ""粉红色"", ""浅绿色"", ""红色"", ""深蓝色""]}",data/images/week1_v3/599958487813.webp,5583be3958ec48a2f14c8d80bcfee383a23a53dc2dff38bef14a9da2207dc024,data/processed/week1_v3/multimodal/validation.jsonl,dd2bc1d6c21567176d95f5414bfd9304f48979b3bb39ab0b038627b1f346af0b
week2_rag_fact_quality_audit_v1,validation,yes,600221038133,家居日用,收纳箱,PASS,none,本轮未发现标题、结构化属性与主图之间的明显冲突；不等同于外部商品真值确认。,,韩国儿童玩具整理箱衣服收纳盒塑料家用可爱女孩卡通超大号储物箱,"{""净重"": [""1kg""], ""容量"": [""25L""], ""尺寸"": [""顺丰包邮""], ""材质"": [""塑料""], ""适用空间"": [""儿童房"", ""客厅"", ""厨房"", ""卧室"", ""餐厅"", ""衣橱/衣帽间"", ""户外"", ""车载"", ""门厅/玄关"", ""书房"", ""宿舍"", ""浴室"", ""阳台/庭院"", ""桌面""], ""颜色分类"": [""小号北欧蓝"", ""中号浅灰色"", ""小号深色灰"", ""大号北欧蓝"", ""大号自然白"", ""中号深灰色"", ""大号浅灰色"", ""小号浅色灰"", ""小号自然白"", ""中号北欧蓝"", ""中号自然白"", ""大号深灰色""]}",data/images/week1_v3/600221038133.webp,ae34f0749cb544e5fe7dbf9ea5dc812e1df2ee1fb052c7661357b0020a9c7f24,data/processed/week1_v3/multimodal/validation.jsonl,dd2bc1d6c21567176d95f5414bfd9304f48979b3bb39ab0b038627b1f346af0b
week2_rag_fact_quality_audit_v1,validation,yes,600255465931,3C数码,耳机,CONFLICT,wireless_title_image_attribute_conflict,标题写无线蓝牙，结构化“是否无线”为有线；主图可见连接线。,是否无线|耳机与播放设备连接方式,佟年同款杨紫猫耳耳机火线妹发光头戴式无线蓝牙猫耳朵带麦女生可爱亲爱的热爱的学生少女粉色耳麦韩版小巧,"{""上市时间"": [""2019-08-08""], ""产地"": [""中国大陆""], ""佩戴方式"": [""头戴式""], ""保修期"": [""12个月""], ""兼容平台"": [""ANDROID"", ""yunos"", ""iOS"", ""alios"", ""WindowsMobile""], ""品牌"": [""龙涛""], ""售后服务"": [""全国联保""], ""地市"": [""深圳市""], ""型号"": [""猫耳朵耳机""], ""套餐类型"": [""官方标配""], ""插头直径"": [""3.5mm""], ""是否无线"": [""有线""], ""是否有麦克风"": [""有""], ""是否线控"": [""是""], ""材质"": [""塑料""], ""灵敏度"": [""104dB/mW""], ""生产企业"": [""深圳市中涛贸易有限公司""], ""省份"": [""广东省""], ""耳机发声原理"": [""圈铁结合""], ""耳机插头类型"": [""直插""], ""耳机类别"": [""游戏耳机"", ""手机线控耳机""], ""耳机输出音源"": [""随身视听""], ""适用音乐类型"": [""通用""], ""阻抗"": [""32Ω""], ""频响范围"": [""18-20000hz""], ""颜色分类"": [""黑蓝【有线耳朵发光】带麦"", ""白粉【有线耳朵发光】带麦"", ""杨紫同款蓝牙版白色【无线耳朵发光】带麦"", ""杨紫同款白色【有线耳朵发光】带麦"", ""蓝牙版白粉【无线全亮】带麦"", ""蓝牙版白蓝【无线全亮】带麦""]}",data/images/week1_v3/600255465931.webp,f68ac2cd434e49d3e40c76e431e89c30b5ad0bb2cc7a96b0384a71455fcc81b0,data/processed/week1_v3/multimodal/validation.jsonl,dd2bc1d6c21567176d95f5414bfd9304f48979b3bb39ab0b038627b1f346af0b
week2_rag_fact_quality_audit_v1,validation,yes,600307012365,家居日用,收纳箱,PASS,none,本轮未发现标题、结构化属性与主图之间的明显冲突；不等同于外部商品真值确认。,,折叠收纳箱 宝宝婴儿衣物整理盒布艺装衣服家用卧室防潮防尘,"{""产地"": [""中国大陆""], ""净重"": [""1kg""], ""品牌"": [""集美""], ""尺寸"": [""大号"", ""小号"", ""两件套""], ""是否手工"": [""否""], ""材质"": [""无纺布""], ""流行元素"": [""马卡龙色""], ""货号"": [""4579 6942 7164""], ""适用人群"": [""大众""], ""适用空间"": [""卧室""], ""颜色分类"": [""紫色"", ""大号灰色M"", ""灰色"", ""大号米白K"", ""粉色R"", ""绿色"", ""大号咖啡P"", ""小号紫色W"", ""米黄色z"", ""米白色"", ""小号米白X"", ""大号紫色B"", ""大号蓝色L"", ""大号绿色N"", ""大号米黄C"", ""小号灰色A"", ""小号米黄Q"", ""咖啡色"", ""小号粉色e"", ""蓝色"", ""小号蓝色F"", ""小号咖啡U"", ""大号粉色T"", ""小号绿色D""], ""风格"": [""北欧风格""]}",data/images/week1_v3/600307012365.webp,c7422a09fd6dd33360ba7543deaedbe165ab8d709d11dad08d9293741350e4e5,data/processed/week1_v3/multimodal/validation.jsonl,dd2bc1d6c21567176d95f5414bfd9304f48979b3bb39ab0b038627b1f346af0b
week2_rag_fact_quality_audit_v1,validation,yes,600424925621,3C数码,移动电源,PASS,none,本轮未发现标题、结构化属性与主图之间的明显冲突；不等同于外部商品真值确认。,,户外太阳能便携式发电机系统220V大功率输出整套家用带电视冰箱,"{""充电协议"": [""其他""], ""品牌"": [""Crocus""], ""型号"": [""1220""], ""外壳材质"": [""其他""], ""尺寸"": [""300x127x240mm""], ""智能类型"": [""不支持智能""], ""电池容量"": [""160000mAh""], ""电池类型"": [""锂离子电池""], ""电芯类型"": [""圆柱状铝壳""], ""附加功能"": [""支持快充"", ""带插头"", ""太阳能"", ""多U口输出""], ""颜色分类"": [""160000毫安(220V)"", ""80000毫安(220V)""]}",data/images/week1_v3/600424925621.webp,8f92000992b237562316a0ea1a86dfff1950498bb92f561c259f4050bbcb906f,data/processed/week1_v3/multimodal/validation.jsonl,dd2bc1d6c21567176d95f5414bfd9304f48979b3bb39ab0b038627b1f346af0b
week2_rag_fact_quality_audit_v1,validation,yes,600694488553,家居日用,保温杯,PASS,none,本轮未发现标题、结构化属性与主图之间的明显冲突；不等同于外部商品真值确认。,,创意时尚简约带吸管不锈钢咖啡保温杯子男女学生便携原宿ins水杯,"{""主图来源"": [""自主实拍图""], ""产地"": [""中国大陆""], ""保温时长"": [""6小时(含)-12小时(不含)""], ""品牌"": [""other/其他""], ""型号"": [""QA-1A5S""], ""容量"": [""401mL(含)-500mL(含)""], ""材质"": [""304不锈钢""], ""杯子样式"": [""大肚杯""], ""颜色分类"": [""蓝色water"", ""紫色TEA"", ""浅灰色milk"", ""深色coffee""]}",data/images/week1_v3/600694488553.webp,85eaca2ff0692a4c7b1772cac4f1e4f5a959204cc25d6e554a2e244721531be8,data/processed/week1_v3/multimodal/validation.jsonl,dd2bc1d6c21567176d95f5414bfd9304f48979b3bb39ab0b038627b1f346af0b
week2_rag_fact_quality_audit_v1,validation,yes,600702277714,家居日用,保温杯,PASS,none,本轮未发现标题、结构化属性与主图之间的明显冲突；不等同于外部商品真值确认。,,富光正品新款保温杯 儿童吸管杯 双盖学生杯 316不锈钢儿童水杯子,"{""主图来源"": [""自主实拍图""], ""产地"": [""中国大陆""], ""保温产品"": [""保温杯""], ""保温时长"": [""6小时(含)-12小时(不含)""], ""包装体积"": [""100*100*285""], ""品牌"": [""富光""], ""型号"": [""FZ194001""], ""容量"": [""501mL(含)-600mL(含)""], ""材质"": [""316不锈钢""], ""杯子样式"": [""大肚杯""], ""流行元素"": [""卡通""], ""适用人群"": [""儿童""], ""颜色分类"": [""蓝色小猪杯"", ""粉色兔子 送备用吸嘴"", ""绿色恐龙送备用吸嘴"", ""粉红色兔子杯"", ""绿色恐龙杯"", ""蓝色小猪 送备用吸嘴""]}",data/images/week1_v3/600702277714.webp,e54be4f01d50efd5f37b4be57f5334c9c7219c34526ac7f53e653ef7c983f78b,data/processed/week1_v3/multimodal/validation.jsonl,dd2bc1d6c21567176d95f5414bfd9304f48979b3bb39ab0b038627b1f346af0b
week2_rag_fact_quality_audit_v1,validation,yes,600955779275,家居日用,保温杯,PASS,none,本轮未发现标题、结构化属性与主图之间的明显冲突；不等同于外部商品真值确认。,,保温杯女316不锈钢学生网红韩版简约小巧便携水杯壶,"{""主图来源"": [""自主实拍图""], ""产地"": [""中国大陆""], ""保温产品"": [""保温杯""], ""保温性能描述"": [""开水保温12小时左右""], ""保温时长"": [""6小时(含)-12小时(不含)""], ""品牌"": [""UP STYLE/悠家良品""], ""型号"": [""悠家316保温杯""], ""容量"": [""401mL(含)-500mL(含)""], ""材质"": [""316不锈钢""], ""杯子容量值"": [""500毫升""], ""杯子样式"": [""直身杯""], ""流行元素"": [""小清新""], ""适用人群"": [""大众""], ""适用场景"": [""日常送礼""], ""适用空间"": [""户外""], ""颜色分类"": [""银雪白500毫升316不锈钢"", ""艾草绿500毫升316不锈钢"", ""夜幕蓝500毫升316不锈钢"", ""墨玉黑500毫升316不锈钢"", ""蔷薇粉500毫升316不锈钢""], ""风格"": [""韩式""]}",data/images/week1_v3/600955779275.webp,b22a108041f1a871527713c0161ef503a016f1edfa92e38ebf327e3805c59295,data/processed/week1_v3/multimodal/validation.jsonl,dd2bc1d6c21567176d95f5414bfd9304f48979b3bb39ab0b038627b1f346af0b
week2_rag_fact_quality_audit_v1,validation,yes,601065850690,3C数码,键盘,PASS,none,本轮未发现标题、结构化属性与主图之间的明显冲突；不等同于外部商品真值确认。,,斗鱼DKM150主播吃鸡机械键盘电竞游戏电脑青轴黑轴红轴茶轴104键魔兽世界专用全键无冲有线发光键盘lol,"{""保修期"": [""12个月""], ""品牌"": [""斗鱼(数码)""], ""售后服务"": [""店铺三包""], ""型号"": [""DKM150""], ""套餐类型"": [""官方标配""], ""成色"": [""全新""], ""接口类型"": [""USB""], ""是否支持人体工程学"": [""支持""], ""是否无线"": [""有线""], ""是否有多媒体功能键"": [""无""], ""是否机械键盘"": [""是""], ""颜色分类"": [""涂鸦版-黑色黑轴"", ""双拼版-红轴白粉"", ""黑色白光 黑轴"", ""橙色白光 黑轴"", ""黑色白光 茶轴"", ""粉色白光 青轴"", ""涂鸦版-黑色青轴"", ""双拼版-青轴粉白"", ""橙色白光 青轴"", ""橙色白光 红轴"", ""黑色白光 红轴"", ""橙色白光 茶轴"", ""双拼版-青轴白橙"", ""粉色白光 红轴"", ""黑色白光 青轴"", ""涂鸦版-橙色黑轴"", ""双拼版-黑轴橙白"", ""涂鸦版-橙色青轴""]}",data/images/week1_v3/601065850690.webp,eba5a4d30fffb3f7c8fc431aef0a5b488597acf7c087dcb8c5369683a986fb59,data/processed/week1_v3/multimodal/validation.jsonl,dd2bc1d6c21567176d95f5414bfd9304f48979b3bb39ab0b038627b1f346af0b
week2_rag_fact_quality_audit_v1,validation,yes,601447163749,3C数码,鼠标,PASS,none,本轮未发现标题、结构化属性与主图之间的明显冲突；不等同于外部商品真值确认。,,Logitech/ 罗技G304 无线电竞游戏鼠标GPRO无线版吃鸡HERO引擎,"{""光学分辨率"": [""其他/other""], ""品牌"": [""Logitech/罗技""], ""售后服务"": [""全国联保""], ""套餐类型"": [""官方标配""], ""工作方式"": [""激光""], ""成色"": [""全新""], ""按键数"": [""5个""], ""接口类型"": [""USB""], ""无线技术"": [""2.4GHz""], ""无线距离"": [""3M""], ""是否支持人体工程学"": [""支持""], ""是否盒装正品"": [""是""], ""滚轮数"": [""1个""], ""电源方式"": [""一节五号电池""], ""罗技无线型号"": [""G304""], ""颜色分类"": [""全新G304黑+大桌垫+脚贴"", ""全新G304紫"", ""全新G304白+大桌垫+脚贴"", ""拆封G304白"", ""全新G304白+KDA礼盒"", ""全新G304黑"", ""全新G304白"", ""拆封G304黑"", ""拆封G304蓝"", ""拆封G304紫"", ""全新G304蓝"", ""全新G304蓝+大桌垫+脚贴"", ""全新G304蓝+KDA礼盒"", ""拆封G304紫+鼠标垫+脚贴"", ""拆封G304KDA版单鼠标"", ""全新G304 KDA礼盒版送KDA鼠标垫"", ""拆封G304黑+鼠标垫+脚贴"", ""全新G304紫+KDA礼盒"", ""全新G304黑+KDA礼盒"", ""拆封G304白+鼠标垫+脚贴"", ""拆封G304蓝+鼠标垫+脚贴"", ""全新G304紫+大桌垫+脚贴""]}",data/images/week1_v3/601447163749.webp,fd4c041bfcb64e159e0c5d1608da81f085d5733fcbea623a47a65db3b88b8786,data/processed/week1_v3/multimodal/validation.jsonl,dd2bc1d6c21567176d95f5414bfd9304f48979b3bb39ab0b038627b1f346af0b
week2_rag_fact_quality_audit_v1,validation,yes,601468709350,家居日用,收纳箱,PASS,none,本轮未发现标题、结构化属性与主图之间的明显冲突；不等同于外部商品真值确认。,,收纳箱塑料整理箱衣物零食储物箱装衣服盒子有盖特大号储蓄箱大号,"{""产品出口必备单证"": [""原产地证""], ""产地"": [""中国大陆""], ""企业出口资质"": [""无""], ""净重"": [""0.40KG""], ""出口检测机构"": [""无""], ""品牌"": [""唯创唯品""], ""国家/地区"": [""中国台湾""], ""地市"": [""台州市""], ""型号"": [""3610""], ""尺寸"": [""32cmx22cmx16cm"", ""大号"", ""特大号"", ""45*35*23 cm"", ""小号"", ""中号"", ""80*60*40 cm""], ""是否手工"": [""否""], ""材质"": [""塑料""], ""洲"": [""亚洲""], ""流行元素"": [""粉嫩少女心""], ""省份"": [""浙江省""], ""货号"": [""收纳箱.""], ""适用人群"": [""大众""], ""适用空间"": [""衣橱/衣帽间""], ""颜色分类"": [""巧克力色"", ""桔色"", ""军绿色"", ""天蓝色""], ""风格"": [""北欧风格""], ""验厂标准"": [""无""]}",data/images/week1_v3/601468709350.webp,b35ff0a35abfb81185ef0d31483184bf64ae9ce564ec46f44a7e47c826f0a1da,data/processed/week1_v3/multimodal/validation.jsonl,dd2bc1d6c21567176d95f5414bfd9304f48979b3bb39ab0b038627b1f346af0b
week2_rag_fact_quality_audit_v1,validation,yes,601768324618,3C数码,耳机,PASS,none,本轮未发现标题、结构化属性与主图之间的明显冲突；不等同于外部商品真值确认。,,艾本c200a四六级听力耳机大学英语fm头戴式 调频无线耳机四级专用46 专四专八中考保护听力耳机口语雅思学生,"{""产地"": [""中国大陆""], ""佩戴方式"": [""头戴式""], ""保修期"": [""12个月""], ""品牌"": [""艾本""], ""地市"": [""郑州市""], ""型号"": [""C-200""], ""套餐类型"": [""套餐二"", ""官方标配"", ""套餐一"", ""套餐三""], ""插头直径"": [""3.5mm""], ""是否无线"": [""无线""], ""是否有麦克风"": [""无""], ""是否线控"": [""否""], ""材质"": [""塑料""], ""生产企业"": [""郑州艾本电子科技有限公司""], ""省份"": [""河南省""], ""线长"": [""0.1""], ""耳机插头类型"": [""直插""], ""耳机类别"": [""无线耳机"", ""翻译耳机""], ""耳机输出音源"": [""其他""], ""颜色分类"": [""C-201调频FM+送电池(白色)"", ""BC201蓝牙版(可充电)白色"", ""BC202蓝牙版(可充电)黑色"", ""BC202蓝牙版(可充电)红色"", ""C-202调频FM+送电池(黑色)"", ""C-201调频FM+送电池(黑色)"", ""C10调频版(可充电+电量显示)新款推荐"", ""200A PRO调频FM(6键版)+送电池"", ""买B1真无线蓝牙耳机送C201(黑色)听力耳机"", ""买B1真无线蓝牙耳机送C201(白色)听力耳机"", ""BC10蓝牙款(调频FM+蓝牙+可充电+电量显示)"", ""B1真无线蓝牙耳机(触控板)"", ""C-202调频FM+送电池(红色)"", ""买B1真无线蓝牙耳机送200A听力耳机"", ""200调频FM+AF音频+送电池"", ""BC201蓝牙版(可充电)黑色""]}",data/images/week1_v3/601768324618.webp,f3921b8e9e2436bb2810f0aa6a6dc2c07c12c4817a97a4fd2ee100c40d2c9fe3,data/processed/week1_v3/multimodal/validation.jsonl,dd2bc1d6c21567176d95f5414bfd9304f48979b3bb39ab0b038627b1f346af0b
week2_rag_fact_quality_audit_v1,validation,yes,601845417488,家居日用,收纳箱,PASS,none,本轮未发现标题、结构化属性与主图之间的明显冲突；不等同于外部商品真值确认。,,特大号塑料收纳箱子有盖收纳盒衣服储物箱家用清仓超大容量整理箱,"{""产品出口必备单证"": [""报关单""], ""企业出口资质"": [""对外贸易经营者备案登记表""], ""净重"": [""4kg""], ""出口检测机构"": [""sgs""], ""品牌"": [""好居乐""], ""国家/地区"": [""日本""], ""型号"": [""295""], ""容量"": [""180L""], ""尺寸"": [""大号"", ""33*15*85 cm"", ""32cmx22cmx16cm"", ""60*40*30 cm"", ""50*40*30 cm"", ""80*60*40 cm"", ""小号"", ""中号"", ""40*40*25 cm"", ""45*35*23 cm"", ""特大号""], ""是否手工"": [""否""], ""材质"": [""塑料""], ""洲"": [""亚洲""], ""货号"": [""295""], ""适用人群"": [""大众""], ""适用对象"": [""其他"", ""包包"", ""卫生棉/卫生巾"", ""大衣/西服"", ""被子"", ""磁卡"", ""毛衣"", ""化妆用品/首饰"", ""遥控器"", ""内衣"", ""耳机线/电线""], ""适用空间"": [""卧室""], ""颜色分类"": [""浅灰色"", ""紫色"", ""红色"", ""天蓝色"", ""粉红色"", ""紫罗兰""], ""风格"": [""北欧风格""]}",data/images/week1_v3/601845417488.webp,ef5cdff11680ddb826ac2aec7def805c5ee111e3e27e38bb42daaee3c6c1546a,data/processed/week1_v3/multimodal/validation.jsonl,dd2bc1d6c21567176d95f5414bfd9304f48979b3bb39ab0b038627b1f346af0b
week2_rag_fact_quality_audit_v1,validation,yes,601943728885,家居日用,保温杯,CONFLICT,capacity_title_attribute_conflict,标题写 2200mL，结构化“容量”为 1200mL。,容量|杯子容量值,富光家居日用热水瓶FGL-3383不锈钢真空保温水壶2200ml车载旅行壶,"{""产地"": [""荷兰""], ""保温时长"": [""6小时(含)-12小时(不含)""], ""品牌"": [""富光""], ""型号"": [""*""], ""容量"": [""1200ML""], ""材质"": [""不锈钢""], ""杯子样式"": [""直身杯""], ""颜色分类"": [""1200ML"", ""2200mL"", ""内盖""], ""风格"": [""中式""]}",data/images/week1_v3/601943728885.webp,2ff7e989bb88e177844738c8e5b7ee5c1c101c1f4943886c2053e75bb07dd217,data/processed/week1_v3/multimodal/validation.jsonl,dd2bc1d6c21567176d95f5414bfd9304f48979b3bb39ab0b038627b1f346af0b
week2_rag_fact_quality_audit_v1,validation,yes,602178087570,3C数码,键盘,PASS,none,本轮未发现标题、结构化属性与主图之间的明显冲突；不等同于外部商品真值确认。,,女生口红真机械键盘青轴USB有线主播网红糖果色樱花粉少女笔记本台式外接朋克复古圆帽可爱吃鸡游戏专用键盘,"{""上市时间"": [""2019-08-28""], ""保修期"": [""12个月""], ""品牌"": [""Technology/新盟""], ""售后服务"": [""全国联保""], ""型号"": [""口红机械键盘""], ""套餐类型"": [""官方标配""], ""成色"": [""全新""], ""接口类型"": [""USB""], ""是否支持人体工程学"": [""支持""], ""是否无线"": [""有线""], ""是否有多媒体功能键"": [""有""], ""是否机械键盘"": [""是""], ""轴体"": [""青轴""], ""键数"": [""108键""], ""颜色分类"": [""口红色-白光青轴"", ""樱花粉混彩版【白光-青轴】灰色空格"", ""口红色【白光-青轴】女皇版"", ""蒂夫尼蓝-白光青轴"", ""粉色口红色-白光青轴"", ""少女粉-白光青轴"", ""口红色-白光青轴+粉色鼠标"", ""旗舰版-青轴冰蓝光-金属灰"", ""樱花粉-白光红轴"", ""粉色口红色-白光青轴+粉色鼠标"", ""口红色混彩版【白光-青轴】橘色空格"", ""樱花粉混彩版【白光-青轴】灰色空格+粉色鼠标"", ""87键银色口红-白光青轴+粉色鼠标"", ""黑色口红白光青轴+粉色鼠标"", ""粉色口红色-白光青轴+粉色鼠标+耳机"", ""经典黑粉-白光青轴旋钮版"", ""少女粉-白光青轴+粉色鼠标"", ""黑色口红白光青轴+粉色鼠标+耳机"", ""樱花粉-白光青轴+粉色鼠标"", ""蒂夫尼蓝-白光青轴+蒂夫尼蓝鼠标"", ""口红色【白光-青轴】女皇版+牧马人星空鼠标"", ""口红色混彩版【白光-青轴】玫红空格"", ""口红色混彩版【白光-青轴】大红空格+粉色鼠标"", ""樱花粉-白光红轴+粉色鼠标"", ""黑色口红色-白光青轴"", ""樱花粉-白光青轴"", ""旗舰版-青轴白光-樱花粉【87键】+粉色竞技鼠标"", ""口红色混彩版【白光-青轴】橘色空格+粉色鼠标"", ""口红色混彩版【白光-青轴】大红空格"", ""口红色混彩版【白光-青轴】玫红空格+粉色鼠标""]}",data/images/week1_v3/602178087570.webp,71b6113f60818b334b470a0daaf6237d4cadf674242c473e42788f580540b85b,data/processed/week1_v3/multimodal/validation.jsonl,dd2bc1d6c21567176d95f5414bfd9304f48979b3bb39ab0b038627b1f346af0b
week2_rag_fact_quality_audit_v1,validation,yes,602598244496,家居日用,垃圾桶,PASS,none,本轮未发现标题、结构化属性与主图之间的明显冲突；不等同于外部商品真值确认。,,按压式垃圾桶家用带盖厕所纸篓卫生间夹缝有盖客厅翻盖大号圾垃桶,"{""品牌"": [""青草阳光""], ""垃圾桶类型"": [""收纳桶""], ""外壳材质"": [""塑料""], ""容量"": [""10L""], ""开合方式"": [""按压式""], ""形状"": [""长筒形""], ""货号"": [""长筒形家居分类垃圾桶""], ""适用场景"": [""家庭使用""], ""颜色分类"": [""浅绿色"", ""浅灰色"", ""紫罗兰"", ""深蓝色"", ""深卡其布色"", ""天蓝色"", ""花色"", ""桔色"", ""巧克力色"", ""深灰色"", ""白色"", ""粉红色"", ""深紫色"", ""军绿色"", ""浅黄色"", ""绿色"", ""紫色"", ""红色""]}",data/images/week1_v3/602598244496.webp,f09f4091f933c537d9ddb94da82003a8249abf8d790183c669f8c55075ecfe33,data/processed/week1_v3/multimodal/validation.jsonl,dd2bc1d6c21567176d95f5414bfd9304f48979b3bb39ab0b038627b1f346af0b
week2_rag_fact_quality_audit_v1,validation,yes,602673260976,家居日用,拖把,PASS,none,本轮未发现标题、结构化属性与主图之间的明显冲突；不等同于外部商品真值确认。,,吸水拖把海绵头免手洗挤水对折式胶棉地拖家用干湿两用懒人胶棉拖,"{""品牌"": [""优思居""], ""型号"": [""YSJ3006""], ""拖布材质"": [""海绵""], ""挤水方式"": [""对折式""], ""杆材质"": [""不锈钢""], ""洲"": [""亚洲""], ""颜色分类"": [""米咖38cm共1头"", ""升级加强杆/卡其色+拖把头3个"", ""加强杆/拖把卡其+灰+拖把头1个"", ""米咖38cm共2头"", ""加强杆/拖把抹茶绿+灰+拖把头3个"", ""黄绿38cm共3头"", ""加强杆/拖把卡其+灰+拖把头2个"", ""升级加强杆/卡其色+拖把头1个"", ""加强杆/拖把抹茶绿+灰+拖把头1个"", ""加强杆/拖把抹茶绿+灰+拖把头2个"", ""升级加强杆/卡其色+拖把头2个"", ""加强杆/拖把卡其+灰+拖把头3个""]}",data/images/week1_v3/602673260976.jpg,4a85714e594f2186ae734ab2c3780afa723f1c84f279f47d9ba599fdb37e9fe7,data/processed/week1_v3/multimodal/validation.jsonl,dd2bc1d6c21567176d95f5414bfd9304f48979b3bb39ab0b038627b1f346af0b
week2_rag_fact_quality_audit_v1,validation,yes,602865649489,3C数码,键盘,PASS,none,本轮未发现标题、结构化属性与主图之间的明显冲突；不等同于外部商品真值确认。,,EWEADN粉色可爱无线机械手感键盘女生朋克复古笔记本电脑台式办公打字专用口红网红马卡龙蓝牙鼠标套装键鼠,"{""保修期"": [""12个月""], ""品牌"": [""EWEADN/前行者""], ""售后服务"": [""全国联保""], ""型号"": [""无线双模键盘""], ""套餐类型"": [""官方标配""], ""成色"": [""全新""], ""接口类型"": [""蓝牙"", ""USB""], ""是否支持人体工程学"": [""支持""], ""是否无线"": [""无线""], ""是否有多媒体功能键"": [""有""], ""是否机械键盘"": [""否""], ""有无手托"": [""无""], ""颜色分类"": [""彩蓝色【送电池+鼠标垫+1年质保】"", ""混彩绿【送电池+鼠标垫+1年质保】"", ""彩粉色【送电池+鼠标垫+1年质保】"", ""彩蓝色+小键盘【送电池+鼠标垫+1年质保】"", ""混彩蓝【送电池+鼠标垫+1年质保】"", ""彩绿色+小键盘【送电池+鼠标垫+1年质保】"", ""冰雪白【送电池+鼠标垫+1年质保】"", ""混彩粉【送电池+鼠标垫+1年质保】"", ""彩粉色+小键盘【送电池+鼠标垫+1年质保】"", ""彩绿色【送电池+鼠标垫+1年质保】"", ""清新蓝【送电池+鼠标垫+1年质保】"", ""混彩黑【送电池+鼠标垫+1年质保】"", ""混彩绿蓝牙套装【静音长续航+iPad适用】"", ""混彩粉蓝牙套装【静音长续航+iPad适用】"", ""樱花粉【送电池+鼠标垫+1年质保】""]}",data/images/week1_v3/602865649489.webp,c48af8e4aafab04e8e7fa431b9b4b35e73c11af3e3c235edbd79a43bda24718e,data/processed/week1_v3/multimodal/validation.jsonl,dd2bc1d6c21567176d95f5414bfd9304f48979b3bb39ab0b038627b1f346af0b
week2_rag_fact_quality_audit_v1,validation,yes,604304655707,3C数码,键盘,PASS,none,本轮未发现标题、结构化属性与主图之间的明显冲突；不等同于外部商品真值确认。,,游戏机械键盘MY轴 青轴 红轴 黑轴静音有线usb真键盘电脑台式防水,"{""品牌"": [""狼途(数码)""], ""售后服务"": [""全国联保""], ""型号"": [""K1000""], ""套餐类型"": [""官方标配""], ""接口类型"": [""USB""], ""是否支持人体工程学"": [""支持""], ""是否无线"": [""有线""], ""是否有多媒体功能键"": [""有""], ""是否机械键盘"": [""是""], ""有无手托"": [""有""], ""颜色分类"": [""黑色-混彩-黑轴"", ""金属红黑-红光-青轴"", ""黑色-橙光-插拨轴"", ""金属黑-三色光-插拨轴"", ""黑色-混光-插拨轴"", ""金属红黑-红三色光-插拨轴"", ""黑色-混彩-青轴"", ""银白-冰光蓝-青轴"", ""粉白-混彩-青轴"", ""蓝黑-白光-青轴"", ""电镀朋克-混光-红轴"", ""红黑-红光-黑轴"", ""黑色-混光-红轴-87键"", ""黑色-混光-红轴-104键""]}",data/images/week1_v3/604304655707.webp,4fd8f7e66f8681d2cd674dc2203f5ca6b0f1bc521a8f7d2d5d05f70551c5eba0,data/processed/week1_v3/multimodal/validation.jsonl,dd2bc1d6c21567176d95f5414bfd9304f48979b3bb39ab0b038627b1f346af0b
week2_rag_fact_quality_audit_v1,validation,yes,604712328413,3C数码,移动电源,PASS,none,本轮未发现标题、结构化属性与主图之间的明显冲突；不等同于外部商品真值确认。,,女生可爱创意独角兽充电宝ins便捷小巧萌毛绒卡通暖手少女心网红,"{""充电协议"": [""pd2.0""], ""品牌"": [""other/其他""], ""型号"": [""885456-77""], ""尺寸"": [""100x60x80mm""], ""智能类型"": [""不支持智能""], ""电池容量"": [""5000mAh""], ""电池类型"": [""锂离子电池""], ""颜色分类"": [""天空蓝彩尾巴"", ""粉色"", ""浅黄色"", ""青绿色"", ""浅灰色"", ""青绿色彩尾巴""]}",data/images/week1_v3/604712328413.webp,7a62154d7a1a4f232b59786f80b7e6b9c44a8faeb0e9cf49f3860f27f79566a6,data/processed/week1_v3/multimodal/validation.jsonl,dd2bc1d6c21567176d95f5414bfd9304f48979b3bb39ab0b038627b1f346af0b
week2_rag_fact_quality_audit_v1,validation,yes,604970248763,3C数码,耳机,PASS,none,本轮未发现标题、结构化属性与主图之间的明显冲突；不等同于外部商品真值确认。,,Edifier/漫步者 TO-U真无线蓝牙耳机双耳迷你可爱重低音防水5.0超长待机隐形运动苹果安卓通用,"{""上市时间"": [""2019-08-19""], ""产地"": [""中国大陆""], ""传输半径"": [""10m""], ""佩戴方式"": [""入耳式""], ""保修期"": [""12年""], ""功能"": [""通话功能""], ""品牌"": [""Edifier/漫步者""], ""地市"": [""东莞市""], ""型号"": [""TO-U""], ""声道"": [""2""], ""套餐类型"": [""官方标配""], ""是否单双耳"": [""双边立体声""], ""智能类型"": [""不支持智能""], ""材质"": [""塑料""], ""生产企业"": [""莞市漫步者科技有限公司""], ""省份"": [""广东省""], ""耳机与播放设备连接方式"": [""蓝牙连接""], ""耳机左右腔体间连接方式"": [""无线连接""], ""耳机类别"": [""真无线耳机""], ""蓝牙版本"": [""5.0""], ""防尘性能"": [""IP4X""], ""防水性能"": [""IPX5""], ""颜色分类"": [""薄绿色"", ""黛蓝色"", ""嫣粉色""]}",data/images/week1_v3/604970248763.webp,fcfef07e82f0959da4927e3dd1aac52a2659fc38c344de484e9eef5496c2101c,data/processed/week1_v3/multimodal/validation.jsonl,dd2bc1d6c21567176d95f5414bfd9304f48979b3bb39ab0b038627b1f346af0b
week2_rag_fact_quality_audit_v1,validation,yes,605201240573,家居日用,收纳箱,PASS,none,本轮未发现标题、结构化属性与主图之间的明显冲突；不等同于外部商品真值确认。,,Aniok 收纳箱塑料家居用衣服整理箱玩具收纳储物箱子大小号储物盒,"{""产地"": [""中国大陆""], ""净重"": [""1kg""], ""品牌"": [""Aniok""], ""地市"": [""广州市""], ""容量"": [""5L""], ""尺寸"": [""1个""], ""是否手工"": [""否""], ""材质"": [""塑料""], ""流行元素"": [""纯色""], ""省份"": [""广东省""], ""货号"": [""snx008""], ""适用人群"": [""大众""], ""适用对象"": [""耳机线/电线"", ""包包"", ""卫生棉/卫生巾"", ""遥控器"", ""其他"", ""毛衣"", ""内衣"", ""磁卡""], ""适用空间"": [""卧室""], ""颜色分类"": [""矮款大号粉"", ""中号白"", ""矮款小号白"", ""小号粉"", ""中号粉"", ""大号粉"", ""矮款小号粉"", ""矮款大号白"", ""小号白"", ""大号白""], ""风格"": [""日式""]}",data/images/week1_v3/605201240573.webp,2f37fec252edaee729f8228543fcd7d260b9f983a75a63366eecac1fa030f0a6,data/processed/week1_v3/multimodal/validation.jsonl,dd2bc1d6c21567176d95f5414bfd9304f48979b3bb39ab0b038627b1f346af0b
week2_rag_fact_quality_audit_v1,validation,yes,605255125826,家居日用,垃圾桶,PASS,none,本轮未发现标题、结构化属性与主图之间的明显冲突；不等同于外部商品真值确认。,,智能感应垃圾桶不锈钢家用充电自动客厅卫生间防臭防水带盖大内筒,"{""品牌"": [""Clear Fruit/澄果""], ""外壳材质"": [""不锈钢""], ""容量"": [""12L以上""], ""形状"": [""长筒形""], ""货号"": [""CG-凝露""], ""适用场景"": [""家庭使用""], ""颜色分类"": [""巧克力色"", ""浅绿色"", ""桔色"", ""天蓝色"", ""军绿色"", ""深卡其布色"", ""浅黄色"", ""浅灰色""]}",data/images/week1_v3/605255125826.webp,7e51cb4ae59564264252788ddffbb95888f2b398b7fc3dbc09ac8c01ead237e7,data/processed/week1_v3/multimodal/validation.jsonl,dd2bc1d6c21567176d95f5414bfd9304f48979b3bb39ab0b038627b1f346af0b
week2_rag_fact_quality_audit_v1,validation,yes,605543095877,家居日用,垃圾桶,PASS,none,本轮未发现标题、结构化属性与主图之间的明显冲突；不等同于外部商品真值确认。,,垃圾分类垃圾桶家用大号脚踏厨房客厅脚踩不锈钢带盖干湿分离拉圾,"{""品牌"": [""她苑(居家日用)""], ""垃圾桶类型"": [""脚踏式""], ""外壳材质"": [""不锈钢""], ""容量"": [""12L以上""], ""开合方式"": [""脚踏式""], ""形状"": [""长筒形""], ""货号"": [""32L双层""], ""适用场景"": [""家庭使用""], ""颜色分类"": [""紫色"", ""浅绿色"", ""军绿色"", ""深紫色"", ""浅黄色"", ""黄色"", ""花色"", ""深卡其布色"", ""绿色"", ""褐色"", ""酒红色"", ""蓝色"", ""透明"", ""巧克力色"", ""桔色"", ""天蓝色"", ""粉红色"", ""紫罗兰"", ""浅灰色"", ""白色"", ""深灰色"", ""红色"", ""深蓝色""]}",data/images/week1_v3/605543095877.webp,8b2f1a696f613b8ee6022f4978b88f3f026efdeea3deb30aa2e3914a2a3caec4,data/processed/week1_v3/multimodal/validation.jsonl,dd2bc1d6c21567176d95f5414bfd9304f48979b3bb39ab0b038627b1f346af0b
week2_rag_fact_quality_audit_v1,validation,yes,606532556056,3C数码,耳机,PASS,none,本轮未发现标题、结构化属性与主图之间的明显冲突；不等同于外部商品真值确认。,,顺丰金士顿HYPERX天际全包耳手机无线蓝牙耳机头戴式带话麦Cloud打游戏吃鸡电竞有线连接Mix监来呀运动健身房,"{""保修期"": [""24个月""], ""品牌"": [""HyperX""], ""售后服务"": [""全国联保""], ""型号"": [""HyperX Cloud MIX-天际""], ""套餐类型"": [""官方标配""], ""是否线控"": [""是""], ""材质"": [""金属""], ""生产企业"": [""金士顿科技有限公司""], ""耳机与播放设备连接方式"": [""蓝牙连接""], ""耳机左右腔体间连接方式"": [""有线连接""], ""耳机类别"": [""游戏耳机""], ""颜色分类"": [""天际 玫瑰金"", ""天际 黑色""]}",data/images/week1_v3/606532556056.webp,cb5230d6d214433f09eff6e1425751959146a7e48609907a888c361929fd38ca,data/processed/week1_v3/multimodal/validation.jsonl,dd2bc1d6c21567176d95f5414bfd9304f48979b3bb39ab0b038627b1f346af0b
week2_rag_fact_quality_audit_v1,validation,yes,606784877914,3C数码,键盘,PASS,none,本轮未发现标题、结构化属性与主图之间的明显冲突；不等同于外部商品真值确认。,,S500时尚超薄有线电脑办公家用游戏台式笔记本通用USB背光键盘,"{""上市时间"": [""2019-10-30""], ""保修期"": [""12个月""], ""品牌"": [""追光豹""], ""售后服务"": [""店铺三包""], ""型号"": [""S500""], ""套餐类型"": [""官方标配""], ""成色"": [""全新""], ""接口类型"": [""USB""], ""是否支持人体工程学"": [""支持""], ""是否无线"": [""有线""], ""是否有多媒体功能键"": [""有""], ""是否机械键盘"": [""否""], ""有无手托"": [""无""], ""颜色分类"": [""经典版-黑色无光"", ""升级版-白色无光"", ""升级版-黑色无光"", ""经典版-白色无光""]}",data/images/week1_v3/606784877914.webp,cf934ebd234e1a9495b4049ab4f577a75eb1115dbc373463dbf2a567603afc28,data/processed/week1_v3/multimodal/validation.jsonl,dd2bc1d6c21567176d95f5414bfd9304f48979b3bb39ab0b038627b1f346af0b
week2_rag_fact_quality_audit_v1,validation,yes,606828457125,3C数码,移动电源,REVIEW,implausible_capacity_claim,标题和结构化属性均写 1000000mAh，但体积与常见产品明显不相称；缺少外部规格证据。,电池容量|型号,正品超大容量充电宝1000000M超薄小巧便携毫安苹果XS华为vivo通用,"{""充电协议"": [""其他""], ""品牌"": [""other/其他""], ""型号"": [""1000000M""], ""外壳材质"": [""合金""], ""尺寸"": [""153x78x9mm""], ""智能类型"": [""其他智能""], ""电池容量"": [""1000000mah""], ""电池类型"": [""锂聚合物电池""], ""电芯类型"": [""方形铝壳""], ""附加功能"": [""无线充电"", ""3G上网"", ""液晶显示"", ""WIFI"", ""多U口输出"", ""太阳能"", ""支持快充"", ""带插头"", ""无"", ""带LED手电""], ""颜色分类"": [""烟波蓝5万(一年换新)"", ""中国红8万(两年换新)"", ""烟波蓝8万(两年换新)"", ""博雅黑10万(三年换新)"", ""烟波蓝10万(三年换新)"", ""中国红5万(一年换新)"", ""博雅黑5万(一年换新)"", ""博雅黑8万(两年换新)"", ""中国红10万(三年换新)""]}",data/images/week1_v3/606828457125.webp,9e0ba5b96dbc0d94e13cef60ed9a684b3e8f469546485413ec6deb3ea64146f2,data/processed/week1_v3/multimodal/validation.jsonl,dd2bc1d6c21567176d95f5414bfd9304f48979b3bb39ab0b038627b1f346af0b
week2_rag_fact_quality_audit_v1,validation,yes,607251527159,家居日用,保温杯,PASS,none,本轮未发现标题、结构化属性与主图之间的明显冲突；不等同于外部商品真值确认。,,保温杯卡通可爱创意个性儿童潮流水杯子小巧学生男女儿童韩国超萌,"{""主图来源"": [""自主实拍图""], ""产地"": [""中国大陆""], ""保温产品"": [""保温杯""], ""保温性能描述"": [""4-6""], ""保温时长"": [""6小时(含)-12小时(不含)""], ""品牌"": [""other/其他""], ""型号"": [""TR-FAJ0001""], ""容量"": [""201mL(含)-300mL(含)""], ""材质"": [""304不锈钢""], ""杯子容量值"": [""300mL""], ""杯子样式"": [""大肚杯""], ""流行元素"": [""卡通""], ""适用人群"": [""大众""], ""适用场景"": [""日常送礼""], ""适用空间"": [""户外""], ""颜色分类"": [""粉色"", ""a白色"", ""蓝色260"", ""白色250ml"", ""小猪2号"", ""紫色250ML"", ""幻影黑300ml"", ""C黑色"", ""A粉色"", ""白色字母"", ""绿色250ml"", ""玫瑰金300ml"", ""C蓝色"", ""古铜金300ml"", ""绿色260"", ""绿色"", ""咖色"", ""C红色"", ""粉色260"", ""粉色250ML"", ""A青色"", ""花粉青300ml"", ""淡青色"", ""小猪1号""], ""风格"": [""韩式""]}",data/images/week1_v3/607251527159.webp,b6aaa37e95eb11247da5a6774456174a38c2577f7bbe026b2a5a6b4a98edd116,data/processed/week1_v3/multimodal/validation.jsonl,dd2bc1d6c21567176d95f5414bfd9304f48979b3bb39ab0b038627b1f346af0b
week2_rag_fact_quality_audit_v1,validation,yes,608257923053,家居日用,保温杯,PASS,none,本轮未发现标题、结构化属性与主图之间的明显冲突；不等同于外部商品真值确认。,,儿童保温杯带吸管男女两用水壶小学生防摔防漏宝宝幼儿园便携水杯,"{""主图来源"": [""自主实拍图""], ""产地"": [""中国大陆""], ""保温时长"": [""6小时42度以上""], ""品牌"": [""梦尚""], ""型号"": [""MSR03""], ""容量"": [""501mL(含)-600mL(含)""], ""材质"": [""304不锈钢""], ""杯子样式"": [""直身杯""], ""流行元素"": [""卡通""], ""适用人群"": [""儿童""], ""颜色分类"": [""精品儿童杯-黄色600ML"", ""精品儿童杯蓝色600ML+杯套杯刷"", ""精品儿童杯-蓝色600ML"", ""精品儿童杯-粉色400ML"", ""精品儿童杯黄色600ML+杯套杯刷"", ""精品儿童杯橙色600ML+杯套杯刷"", ""精品儿童杯-橙色600ML""], ""风格"": [""韩式""]}",data/images/week1_v3/608257923053.webp,8add38b555470d02eeabd6d40a9be8f760fea7495ed6bde47eb1a4b53e1d6a72,data/processed/week1_v3/multimodal/validation.jsonl,dd2bc1d6c21567176d95f5414bfd9304f48979b3bb39ab0b038627b1f346af0b
week2_rag_fact_quality_audit_v1,validation,yes,608426906212,3C数码,移动电源,PASS,none,本轮未发现标题、结构化属性与主图之间的明显冲突；不等同于外部商品真值确认。,,安克anker powercore 10000移动电源PD快充迷你充电宝USB-C快充,"{""充电协议"": [""PD3.0"", ""pd2.0""], ""品牌"": [""ANKER""], ""型号"": [""A1239""], ""外壳材质"": [""塑料""], ""尺寸"": [""106x52x25mm""], ""是否带充电插头"": [""否""], ""是否带屏幕"": [""不带屏幕""], ""是否带数据线"": [""否""], ""是否支持无线充电"": [""否""], ""智能类型"": [""不支持智能""], ""最大输出功率"": [""18W""], ""电池容量"": [""10000mAh""], ""电池类型"": [""锂离子电池""], ""电芯类型"": [""圆柱状铝壳""], ""附加功能"": [""多U口输出"", ""支持快充""], ""颜色分类"": [""浅灰色"", ""0.9米拉车线套装"", ""黑色"", ""1.8米拉车线套装""]}",data/images/week1_v3/608426906212.webp,182d3de44d9ba1e46af785766abb3a1c4c16babff149b4ae0950a96f28648cab,data/processed/week1_v3/multimodal/validation.jsonl,dd2bc1d6c21567176d95f5414bfd9304f48979b3bb39ab0b038627b1f346af0b
week2_rag_fact_quality_audit_v1,validation,yes,608451231848,家居日用,拖把,PASS,none,本轮未发现标题、结构化属性与主图之间的明显冲突；不等同于外部商品真值确认。,,2019新款免手洗拖把家用平板懒人抖音地拖布木地板一拖墩布拖地,"{""品牌"": [""捷因美""], ""型号"": [""PB-01""], ""尘推类型"": [""粘扣式""], ""电源方式"": [""手动""], ""颜色分类"": [""军绿色""]}",data/images/week1_v3/608451231848.webp,922ad64d37ed54da65a8182935abefadc33f99adeb3ee6ee234775db7693bf95,data/processed/week1_v3/multimodal/validation.jsonl,dd2bc1d6c21567176d95f5414bfd9304f48979b3bb39ab0b038627b1f346af0b
week2_rag_fact_quality_audit_v1,validation,yes,608705236488,家居日用,拖把,PASS,none,本轮未发现标题、结构化属性与主图之间的明显冲突；不等同于外部商品真值确认。,,净邦喷雾喷水拖把家用一拖净干湿两用免手洗平板懒人拖布拖地神器,"{""吸水性"": [""10s以下""], ""品牌"": [""净邦""], ""国家/地区"": [""中国台湾""], ""型号"": [""JB-PST-1202""], ""尘推类型"": [""粘扣式""], ""拖布材质"": [""超细纤维""], ""拖把杆的承重"": [""10KG以上""], ""杆材质"": [""不锈钢""], ""洲"": [""亚洲""], ""耐腐蚀度"": [""10级""], ""颜色分类"": [""黑色"", ""绿色"", ""白色"", ""红色"", ""蓝色"", ""黄色""]}",data/images/week1_v3/608705236488.webp,fbea8ff63426319686e18650bc5dfc9939715c1531f2213709cea0a28c3f8462,data/processed/week1_v3/multimodal/validation.jsonl,dd2bc1d6c21567176d95f5414bfd9304f48979b3bb39ab0b038627b1f346af0b
week2_rag_fact_quality_audit_v1,validation,yes,608759790760,家居日用,拖把,PASS,none,本轮未发现标题、结构化属性与主图之间的明显冲突；不等同于外部商品真值确认。,,喷雾喷水拖把家用一拖净干湿两用免手洗平板懒人拖把拖布拖地神器,"{""吸水性"": [""10s以下""], ""品牌"": [""Lefan Toys/乐帆""], ""型号"": [""EF-553""], ""尘推类型"": [""粘扣式""], ""拖布材质"": [""棉线""], ""拖把杆的承重"": [""10KG以上""], ""杆材质"": [""不锈钢""], ""电源方式"": [""手动""], ""耐腐蚀度"": [""10级""], ""颜色分类"": [""酒红色"", ""黄色"", ""黑色""]}",data/images/week1_v3/608759790760.webp,3cb2025e8dd418e3008a928666f6a65047b953fca551350a859333d367a2a7a2,data/processed/week1_v3/multimodal/validation.jsonl,dd2bc1d6c21567176d95f5414bfd9304f48979b3bb39ab0b038627b1f346af0b
week2_rag_fact_quality_audit_v1,validation,yes,609321986854,3C数码,耳机,PASS,none,本轮未发现标题、结构化属性与主图之间的明显冲突；不等同于外部商品真值确认。,,白恩新款BH590呼叫中心话务员客服电销头戴式无线蓝牙5.0耳机耳麦,"{""上市时间"": [""2020-01-01""], ""产地"": [""中国大陆""], ""佩戴方式"": [""头戴式""], ""保修期"": [""12个月""], ""功能"": [""通话功能""], ""品牌"": [""白恩""], ""地市"": [""深圳市""], ""型号"": [""BH590""], ""声道"": [""2""], ""套餐类型"": [""官方标配""], ""待机时间"": [""8天""], ""是否单双耳"": [""双边立体声""], ""材质"": [""塑料""], ""生产企业"": [""上海蜀林信息科技发展有限公司""], ""省份"": [""广东省""], ""耳机与播放设备连接方式"": [""蓝牙连接""], ""耳机左右腔体间连接方式"": [""有线连接""], ""耳机类别"": [""主动降噪耳机""], ""蓝牙版本"": [""5.0""], ""防尘性能"": [""不支持防尘""], ""防水性能"": [""不支持防水""], ""颜色分类"": [""BH590单耳蓝牙5.0连接手机使用"", ""BH590双耳蓝牙5.0连接手机使用""]}",data/images/week1_v3/609321986854.webp,ad926ff02cc811ba946e1e0a1b47c12b97ec12266e0972c1187af0b2a06e95db,data/processed/week1_v3/multimodal/validation.jsonl,dd2bc1d6c21567176d95f5414bfd9304f48979b3bb39ab0b038627b1f346af0b
week2_rag_fact_quality_audit_v1,validation,yes,609338175816,家居日用,保温杯,PASS,none,本轮未发现标题、结构化属性与主图之间的明显冲突；不等同于外部商品真值确认。,,繁简新品保温杯男女士茶水分离泡茶杯不锈钢便携直身防摔玻璃杯子,"{""主图来源"": [""自主实拍图""], ""产地"": [""中国大陆""], ""保温产品"": [""保温杯""], ""保温时长"": [""6小时42度以上""], ""品牌"": [""繁简""], ""型号"": [""B-1977""], ""容量"": [""401mL(含)-500mL(含)""], ""材质"": [""316不锈钢""], ""杯子样式"": [""直身杯""], ""毛重"": [""0.33kg""], ""颜色分类"": [""睿智黑带杯套杯刷"", ""淡雅粉+玻璃杯身带杯套杯刷"", ""中国红+玻璃杯身带杯套杯刷"", ""藏青蓝带杯套杯刷"", ""香槟金带杯套杯刷"", ""香槟金+玻璃杯身带杯套杯刷"", ""藏青蓝+玻璃杯身带杯套杯刷"", ""淡雅粉带杯套杯刷"", ""睿智黑+玻璃杯身带杯套杯刷"", ""钢本色+玻璃杯身带杯套杯刷"", ""中国红带杯套杯刷"", ""钢本色带杯套杯刷""], ""风格"": [""中式""]}",data/images/week1_v3/609338175816.webp,170112e0290bc3030aa16e12256a8f0fc029f2471930bf6243382e5008fac590,data/processed/week1_v3/multimodal/validation.jsonl,dd2bc1d6c21567176d95f5414bfd9304f48979b3bb39ab0b038627b1f346af0b
week2_rag_fact_quality_audit_v1,validation,yes,609435434783,家居日用,收纳箱,PASS,none,本轮未发现标题、结构化属性与主图之间的明显冲突；不等同于外部商品真值确认。,,大号周转箱长方形塑料箱子物流箱过滤工具储物箱EU塑胶养龟箱带盖,"{""净重"": [""1kg""], ""品牌"": [""亚瑟格""], ""容量"": [""120L""], ""尺寸"": [""45*35*23 cm"", ""大号"", ""特大号"", ""32cmx22cmx16cm"", ""中号"", ""小号""], ""是否手工"": [""否""], ""材质"": [""塑料""], ""流行元素"": [""纯色""], ""货号"": [""550159346961""], ""适用人群"": [""80后""], ""适用对象"": [""其他""], ""适用空间"": [""户外""], ""颜色分类"": [""军绿色"", ""桔色"", ""浅绿色"", ""红色"", ""粉红色"", ""蓝色"", ""巧克力色"", ""花色"", ""深紫色"", ""浅黄色"", ""天蓝色"", ""深灰色"", ""浅灰色"", ""紫罗兰"", ""紫色"", ""绿色"", ""深蓝色"", ""深卡其布色"", ""白色""], ""风格"": [""欧式""]}",data/images/week1_v3/609435434783.webp,5a953e1048c4de8a12ccf0e91779e2113dbc4b3a70b48b6eff758b68eb256486,data/processed/week1_v3/multimodal/validation.jsonl,dd2bc1d6c21567176d95f5414bfd9304f48979b3bb39ab0b038627b1f346af0b
week2_rag_fact_quality_audit_v1,validation,yes,609624141756,家居日用,拖把,PASS,none,本轮未发现标题、结构化属性与主图之间的明显冲突；不等同于外部商品真值确认。,,加大加厚旋转加强桶墩布桶拖把杆+金属盘+钢篮地加强桶拖布,"{""品牌"": [""见描述""], ""颜色分类"": [""金属蓝+加强杆+金属盘+1个拖把头"", ""全钢高配+1个拖把头+1个地板刷"", ""全钢高配+5个拖把头+1个地板刷"", ""3个白色替换拖布"", ""全钢高配+3个拖把头+1个地板刷"", ""金属篮+加强杆+金属盘+5个拖把头"", ""金属篮+加强杆+金属盘+3个拖把头""], ""驱动类型"": [""单驱动""]}",data/images/week1_v3/609624141756.webp,3311bc749189b29a36c634da290963bc229d5704be0ae111429bd0d55255d23a,data/processed/week1_v3/multimodal/validation.jsonl,dd2bc1d6c21567176d95f5414bfd9304f48979b3bb39ab0b038627b1f346af0b
week2_rag_fact_quality_audit_v1,validation,yes,609687285042,家居日用,垃圾桶,PASS,none,本轮未发现标题、结构化属性与主图之间的明显冲突；不等同于外部商品真值确认。,,铁艺英伦复古邮筒垃圾桶脚踏式家用欧式创意奶茶咖啡店餐厅分类桶,"{""垃圾桶类型"": [""脚踏式""], ""外壳材质"": [""金属""], ""容量"": [""12L以上""], ""开合方式"": [""脚踏式""], ""形状"": [""圆桶形""], ""货号"": [""191210""], ""适用场景"": [""家庭使用""]}",data/images/week1_v3/609687285042.webp,ae734b02a8775328e1250e3bc04ebee4281ea25d5f348d13dabcfdc5ec573614,data/processed/week1_v3/multimodal/validation.jsonl,dd2bc1d6c21567176d95f5414bfd9304f48979b3bb39ab0b038627b1f346af0b
week2_rag_fact_quality_audit_v1,validation,yes,609873477504,家居日用,保温杯,PASS,none,本轮未发现标题、结构化属性与主图之间的明显冲突；不等同于外部商品真值确认。,,哈尔斯304不锈钢保温壶家用暖水壶大肚杯大容量热水瓶送礼水壶2L,"{""主图来源"": [""淘宝分销图""], ""产地"": [""中国大陆""], ""保温产品"": [""礼品杯""], ""保温性能描述"": [""24h≥40°C""], ""保温时长"": [""12小时(含)-24小时(不含)""], ""包装体积"": [""0.00808""], ""品牌"": [""HAERS/哈尔斯""], ""型号"": [""KH-2000-7""], ""容量"": [""1.001L(含)-2L(含)""], ""材质"": [""304不锈钢""], ""杯子容量值"": [""1.6L(含)-2L(含)""], ""杯子样式"": [""大肚杯""], ""毛重"": [""0.996kg""], ""流行元素"": [""纯色""], ""适用人群"": [""大众""], ""适用场景"": [""日常送礼""], ""适用空间"": [""客厅""], ""颜色分类"": [""(单个不发10起订)"", ""不锈钢原色"", ""另外20款咨询:18988662966"", ""50个以内上机费""], ""风格"": [""中式""]}",data/images/week1_v3/609873477504.webp,15b201d6e91b9c0d921346384d7a1fc404e298bfebf16c577eeeba0f07d722d0,data/processed/week1_v3/multimodal/validation.jsonl,dd2bc1d6c21567176d95f5414bfd9304f48979b3bb39ab0b038627b1f346af0b
week2_rag_fact_quality_audit_v1,validation,yes,609932288958,3C数码,鼠标,PASS,none,本轮未发现标题、结构化属性与主图之间的明显冲突；不等同于外部商品真值确认。,,Lenovo/联想YOGA2双模蓝牙无线鼠标二代激光笔可充电笔记本台式电脑商务办公ppt翻页旋转手指滑鼠女生usb鼠标,"{""保修期"": [""12个月""], ""光学分辨率"": [""1600dpi""], ""品牌"": [""Lenovo/联想""], ""售后服务"": [""全国联保""], ""型号"": [""YOGA2无线鼠标""], ""套餐类型"": [""官方标配""], ""工作方式"": [""光电""], ""成色"": [""全新""], ""接口类型"": [""USB""], ""生产企业"": [""Lenovo/联想""], ""颜色分类"": [""黑色【YOGA二代】蓝牙+无线双模鼠标+收藏送鼠标垫(大)"", ""黑色【YOGA二代】蓝牙+无线双模鼠标+送联想鼠标垫(加大)""]}",data/images/week1_v3/609932288958.jpg,ac8afe88c0fa2b58f2426c9a3a4d69956f96a09123917524f9587817f67221ca,data/processed/week1_v3/multimodal/validation.jsonl,dd2bc1d6c21567176d95f5414bfd9304f48979b3bb39ab0b038627b1f346af0b
week2_rag_fact_quality_audit_v1,validation,yes,609973546605,3C数码,移动电源,REVIEW,station_product_boundary,商品是共享充电宝机柜，标题把 5000mAh 误写为 5000毫升；需区分机柜与柜内单个电源。,category_l2|电池容量|型号,共享充电宝免押金商用扫码付费8个5000毫升酒店餐厅充电宝租赁机,"{""充电协议"": [""其他""], ""品牌"": [""考拉共享""], ""型号"": [""8口桌面机柜""], ""外壳材质"": [""塑料""], ""尺寸"": [""160x154x265mm""], ""是否带充电插头"": [""否""], ""是否带屏幕"": [""不带屏幕""], ""是否带数据线"": [""是""], ""是否支持无线充电"": [""否""], ""智能类型"": [""其他智能""], ""最大输出功率"": [""10W""], ""电池容量"": [""5000mAh""], ""电池类型"": [""锂聚合物电池""], ""电芯类型"": [""软包""], ""附加功能"": [""多U口输出"", ""支持快充"", ""带插头""], ""颜色分类"": [""【8口8宝】黄色4G版"", ""【32口32宝】"", ""【16口16宝】黄色4G+WiFi版"", ""【16口16宝】蓝色4G+WiFi版"", ""【8口8宝】蓝色4G版"", ""【8口8宝】黄色4G+WiFi版"", ""【8口8宝】蓝色4G+WiFi版"", ""【8口8宝】蓝色WiFi版"", ""【8口6宝】白色4G版(95%收益)"", ""【8口6宝】白色4G版"", ""【24口24宝】"", ""【8口8宝】黄色WiFi版""]}",data/images/week1_v3/609973546605.webp,139141f96938715e34760492401d743ea9b47d3b9c078e48f61ede76d482d7ee,data/processed/week1_v3/multimodal/validation.jsonl,dd2bc1d6c21567176d95f5414bfd9304f48979b3bb39ab0b038627b1f346af0b
week2_rag_fact_quality_audit_v1,validation,yes,610270058585,家居日用,收纳箱,PASS,none,本轮未发现标题、结构化属性与主图之间的明显冲突；不等同于外部商品真值确认。,,收纳箱家用经济塑料整理箱有盖大小号手提杂便携物储物箱玩具衣物,"{""净重"": [""0.5kg""], ""品牌"": [""沐春""], ""型号"": [""157659187781388""], ""尺寸"": [""32cmx22cmx16cm"", ""中号"", ""45*35*23 cm"", ""特大号"", ""33*15*85 cm"", ""80*60*40 cm"", ""50*40*30 cm"", ""40*40*25 cm"", ""60*40*30 cm"", ""小号"", ""大号""], ""是否手工"": [""否""], ""材质"": [""塑料""], ""流行元素"": [""coulorful""], ""货号"": [""190-290-390""], ""适用人群"": [""大众""], ""适用对象"": [""毛衣"", ""内衣""], ""适用空间"": [""卧室""], ""颜色分类"": [""桔色"", ""蓝色"", ""紫罗兰"", ""军绿色"", ""巧克力色"", ""天蓝色"", ""浅灰色""], ""风格"": [""中式""]}",data/images/week1_v3/610270058585.webp,9fcbaf2b6cca37f1771219541bc0fd228c2857c00fb4774703c337f3e8ac4ac5,data/processed/week1_v3/multimodal/validation.jsonl,dd2bc1d6c21567176d95f5414bfd9304f48979b3bb39ab0b038627b1f346af0b
week2_rag_fact_quality_audit_v1,validation,yes,610408134586,3C数码,移动电源,PASS,none,本轮未发现标题、结构化属性与主图之间的明显冲突；不等同于外部商品真值确认。,,【星兆蓝】蓄电池220v移动电源房车家用户外车载超大容量带插头,"{""充电协议"": [""其他""], ""品牌"": [""星兆蓝""], ""型号"": [""LDUPS-1500""], ""外壳材质"": [""合金""], ""尺寸"": [""340x170x210mm""], ""电池容量"": [""450000mah""], ""电池类型"": [""锂聚合物电池""], ""电芯类型"": [""软包""], ""附加功能"": [""液晶显示"", ""带插头"", ""多U口输出"", ""带LED手电"", ""支持快充"", ""太阳能""], ""颜色分类"": [""45万毫安时1500W套餐一"", ""45万毫安时1200W套餐二"", ""45万毫安时1500w标配"", ""45万毫安时1500W套餐二"", ""45万毫安时1200W套餐一"", ""45万毫安时1200W标配""]}",data/images/week1_v3/610408134586.webp,ec84d1b85392951f28565dad8aeafa2ac45eb726758cf4c14fa8b363ab1bd8f2,data/processed/week1_v3/multimodal/validation.jsonl,dd2bc1d6c21567176d95f5414bfd9304f48979b3bb39ab0b038627b1f346af0b
week2_rag_fact_quality_audit_v1,validation,yes,610672244355,家居日用,保温杯,PASS,none,本轮未发现标题、结构化属性与主图之间的明显冲突；不等同于外部商品真值确认。,,瑞典cica迷你保温杯女便携小巧180ml小号学生简约少女可爱水杯子,"{""主图来源"": [""自主实拍图""], ""产地"": [""中国大陆""], ""保温产品"": [""保温杯""], ""保温性能描述"": [""40度以上6小时""], ""保温时长"": [""6小时(含)-24小时(不含)""], ""品牌"": [""cica(餐饮具)""], ""型号"": [""0655""], ""容量"": [""101mL(含)-200mL(含)""], ""材质"": [""304不锈钢""], ""杯子容量值"": [""180mL""], ""杯子样式"": [""直身杯""], ""流行元素"": [""小清新""], ""适用人群"": [""大众""], ""适用场景"": [""日常送礼""], ""适用空间"": [""户外""], ""颜色分类"": [""樱桃粉180ML【带茶隔】"", ""樱花粉250ML-手提款【带茶隔】"", ""沙冰蓝180ML【带茶隔】"", ""姨妈红180ML-手提款【带茶隔】"", ""樱花粉250ML【带茶隔】"", ""姨妈红250ML-手提款【带茶隔】"", ""姨妈红180ML【带茶隔】"", ""樱桃粉180ML-手提款【带茶隔】"", ""沙冰蓝250ML【带茶隔】"", ""姨妈红250ML【带茶隔】""], ""风格"": [""北欧风格""]}",data/images/week1_v3/610672244355.webp,c5c8dd79fe15e4dd69f7e257d4e9bd5aec159607ae656b97a4aa0c79f7f052c2,data/processed/week1_v3/multimodal/validation.jsonl,dd2bc1d6c21567176d95f5414bfd9304f48979b3bb39ab0b038627b1f346af0b
week2_rag_fact_quality_audit_v1,validation,yes,610727155009,家居日用,拖把,PASS,none,本轮未发现标题、结构化属性与主图之间的明显冲突；不等同于外部商品真值确认。,,亿丽佳胶棉吸水海绵拖把伸缩对折式挤水胶棉拖把免手洗卫生间拖布,"{""品牌"": [""达哉""], ""型号"": [""27""], ""挤水方式"": [""滚轮式""], ""颜色分类"": [""33cm胶头 颜色随机"", ""27cm胶头 颜色随机""]}",data/images/week1_v3/610727155009.webp,b4c2c813aa28c316bcf9d53d26fb485be623011b72338c2773e76c43bd22aa0e,data/processed/week1_v3/multimodal/validation.jsonl,dd2bc1d6c21567176d95f5414bfd9304f48979b3bb39ab0b038627b1f346af0b
week2_rag_fact_quality_audit_v1,validation,yes,610810381846,家居日用,垃圾桶,PASS,none,本轮未发现标题、结构化属性与主图之间的明显冲突；不等同于外部商品真值确认。,,家用智能垃圾桶客厅厕所厨房自动感应式大号带盖卫生间电动垃圾筒,"{""品牌"": [""甲东里""], ""外壳材质"": [""塑料""], ""容量"": [""10L""], ""形状"": [""圆桶形""], ""货号"": [""智能感应垃圾桶""], ""适用场景"": [""家庭使用""], ""颜色分类"": [""浅灰色"", ""军绿色"", ""白色"", ""巧克力色"", ""桔色""]}",data/images/week1_v3/610810381846.webp,8ac0523aaf606170f91c6c923ba7df794f1ea632832719b5343198f4283fefa9,data/processed/week1_v3/multimodal/validation.jsonl,dd2bc1d6c21567176d95f5414bfd9304f48979b3bb39ab0b038627b1f346af0b
week2_rag_fact_quality_audit_v1,validation,yes,610888219389,3C数码,移动电源,CONFLICT,capacity_title_image_attribute_conflict,标题和主图宣称 1000000M，结构化电池容量为 20000mAh，型号也写成 100000M。,电池容量|型号,正品太阳能充电宝1000000M超大容量折叠移动电源户外光电快充通用,"{""充电协议"": [""QC2.0""], ""品牌"": [""other/其他""], ""型号"": [""100000M""], ""外壳材质"": [""塑料""], ""尺寸"": [""178x76x45mm""], ""智能类型"": [""其他智能""], ""电池容量"": [""20000mAh""], ""电池类型"": [""锂聚合物电池""], ""电芯类型"": [""软包""], ""附加功能"": [""带LED手电"", ""多U口输出"", ""支持快充"", ""太阳能""], ""颜色分类"": [""5个太阳能板橙色1000000M"", ""6个太阳能板蓝色1000000M"", ""6个太阳能板橙色1000000M"", ""5个太阳能板黑色1000000M"", ""6个太阳能板黑色1000000M"", ""5个太阳能板蓝色1000000M""]}",data/images/week1_v3/610888219389.webp,e9797e470b49dfffcbbb0bef77e99333e42358c42a0e571b4e762fd8e60aa453,data/processed/week1_v3/multimodal/validation.jsonl,dd2bc1d6c21567176d95f5414bfd9304f48979b3bb39ab0b038627b1f346af0b
week2_rag_fact_quality_audit_v1,validation,yes,611019353720,3C数码,鼠标,PASS,none,本轮未发现标题、结构化属性与主图之间的明显冲突；不等同于外部商品真值确认。,,美少女战士周边Samrt1无线鼠标水冰月动漫少女送女生可爱粉色鼠标,"{""上市时间"": [""2019-03-29""], ""品牌"": [""AKKO""], ""型号"": [""美少女战士""], ""套餐类型"": [""官方标配""], ""工作方式"": [""光电""], ""成色"": [""全新""], ""按键数"": [""2个""], ""接口类型"": [""USB""], ""无线技术"": [""2.4GHz""], ""无线距离"": [""10m""], ""是否支持人体工程学"": [""支持""], ""是否盒装正品"": [""是""], ""滚轮数"": [""1个""], ""电源方式"": [""一节五号电池""], ""颜色分类"": [""水手火星(Sailor Mars)"", ""水手水星(Sailor Mercury)"", ""水手月亮(Sailor Moon)"", ""水手金星(Sailor Venus)"", ""水手木星(Sailor Jupiter)""]}",data/images/week1_v3/611019353720.webp,1f85a8c9d9784782fd91ff9f9e80cf82857a5a87d4c8db5c810c88ee76c0692a,data/processed/week1_v3/multimodal/validation.jsonl,dd2bc1d6c21567176d95f5414bfd9304f48979b3bb39ab0b038627b1f346af0b
week2_rag_fact_quality_audit_v1,validation,yes,611024203808,3C数码,键盘,PASS,none,本轮未发现标题、结构化属性与主图之间的明显冲突；不等同于外部商品真值确认。,,森松尼海洋之心典藏版青轴机械键盘,"{""上市时间"": [""2019-12-01""], ""品牌"": [""SUNSONNY/森松尼""], ""售后服务"": [""店铺三包""], ""型号"": [""N-J30""], ""套餐类型"": [""套餐一""], ""成色"": [""全新""], ""接口类型"": [""USB""], ""是否支持人体工程学"": [""支持""], ""是否无线"": [""有线""], ""是否有多媒体功能键"": [""有""], ""是否机械键盘"": [""是""], ""有无手托"": [""有""], ""轴体"": [""青轴""], ""颜色分类"": [""黑色茶轴"", ""黑色红轴"", ""白蓝色青轴"", ""黑色黑轴"", ""黑色青轴"", ""蓝白色青轴""]}",data/images/week1_v3/611024203808.webp,02d8bccbfdb4fb9d7f5b3490a8b6a0a7397cad0f4eb571d07375a4757613723f,data/processed/week1_v3/multimodal/validation.jsonl,dd2bc1d6c21567176d95f5414bfd9304f48979b3bb39ab0b038627b1f346af0b
week2_rag_fact_quality_audit_v1,validation,yes,611717619144,家居日用,垃圾桶,PASS,none,本轮未发现标题、结构化属性与主图之间的明显冲突；不等同于外部商品真值确认。,,定制定做智能感应垃圾桶筒礼品赠品活动广告充电电池静音激光logo,"{""品牌"": [""kakyou""], ""外壳材质"": [""不锈钢""], ""容量"": [""8L""], ""形状"": [""圆桶形""], ""货号"": [""JXYFPQDZ001""], ""适用场景"": [""家庭使用""], ""颜色分类"": [""天蓝色"", ""桔色"", ""巧克力色"", ""深紫色"", ""深卡其布色"", ""军绿色"", ""深灰色"", ""白色"", ""浅黄色"", ""深蓝色"", ""浅绿色"", ""浅灰色""]}",data/images/week1_v3/611717619144.webp,603754ed5b19f812150d54fab3f37a52f77a0bed16f0d0191418fa99d2e65ba5,data/processed/week1_v3/multimodal/validation.jsonl,dd2bc1d6c21567176d95f5414bfd9304f48979b3bb39ab0b038627b1f346af0b
week2_rag_fact_quality_audit_v1,validation,yes,611726909441,3C数码,鼠标,PASS,none,本轮未发现标题、结构化属性与主图之间的明显冲突；不等同于外部商品真值确认。,,相思豆有线鼠标男女生游戏办公家用笔记本电脑静音无声usb原装,"{""光学分辨率"": [""1000dpi""], ""包装体积"": [""0.1""], ""品牌"": [""相思豆(数码)""], ""售后服务"": [""店铺三包""], ""型号"": [""相思豆 F760""], ""套餐类型"": [""官方标配""], ""工作方式"": [""光电""], ""成色"": [""全新""], ""按键数"": [""3个""], ""接口类型"": [""USB""], ""是否支持人体工程学"": [""支持""], ""毛重"": [""0.2""], ""颜色分类"": [""X52有线有声版"", ""X55有线有声版"", ""发光黑色按键有声版"", ""黑色有声版"", ""发光白色按键静音版"", ""黑色静音版"", ""发光黑色按键静音版""]}",data/images/week1_v3/611726909441.webp,bde192e01659f1c84545d70035e2b6b9c1e63da848c77d0f257421b41f2064a9,data/processed/week1_v3/multimodal/validation.jsonl,dd2bc1d6c21567176d95f5414bfd9304f48979b3bb39ab0b038627b1f346af0b
week2_rag_fact_quality_audit_v1,validation,yes,612182471234,3C数码,耳机,PASS,none,本轮未发现标题、结构化属性与主图之间的明显冲突；不等同于外部商品真值确认。,,BOSE 700无线降噪蓝牙耳机头戴式主动降噪蓝牙耳机运动耳麦,"{""保修期"": [""12个月""], ""品牌"": [""BOSE""], ""型号"": [""Noise Cancelling Headphones 700""], ""套餐类型"": [""官方标配""], ""是否线控"": [""耳机机身按键控制""], ""材质"": [""流线型轻质不锈钢头带、超软凝胶泡沫材料""], ""生产企业"": [""BOSE""], ""耳机类别"": [""无线耳机"", ""主动降噪耳机""], ""颜色分类"": [""黑色"", ""白色"", ""浅灰色""]}",data/images/week1_v3/612182471234.webp,eeebc35d25947fc715059ca06149f848593b87de19bc9ccd6a102e371937f3f0,data/processed/week1_v3/multimodal/validation.jsonl,dd2bc1d6c21567176d95f5414bfd9304f48979b3bb39ab0b038627b1f346af0b
week2_rag_fact_quality_audit_v1,validation,yes,612390432201,家居日用,保温杯,PASS,none,本轮未发现标题、结构化属性与主图之间的明显冲突；不等同于外部商品真值确认。,,简约办公室水杯保温杯便携可爱弹跳杯网红超火的潮流大容量随行杯,"{""主图来源"": [""自主实拍图""], ""产地"": [""中国大陆""], ""保温时长"": [""6小时以上""], ""品牌"": [""all joint""], ""型号"": [""1""], ""容量"": [""401mL(含)-500mL(含)""], ""材质"": [""304不锈钢""], ""杯子容量值"": [""500ml""], ""杯子样式"": [""直身杯""], ""流行元素"": [""纯色""], ""适用人群"": [""大众""], ""适用场景"": [""旅行""], ""适用空间"": [""卧室""], ""颜色分类"": [""米白色"", ""粉红色"", ""黑色""], ""风格"": [""日式""]}",data/images/week1_v3/612390432201.webp,13522e8a8aa99c49a38cb69464277b303c721cbc1d7e15d53fcc65c864dee4c4,data/processed/week1_v3/multimodal/validation.jsonl,dd2bc1d6c21567176d95f5414bfd9304f48979b3bb39ab0b038627b1f346af0b
week2_rag_fact_quality_audit_v1,validation,yes,612638540610,3C数码,耳机,PASS,none,本轮未发现标题、结构化属性与主图之间的明显冲突；不等同于外部商品真值确认。,,havit/海威特I97蓝牙耳机通用真无线双耳运动跑步入耳式超长待机,"{""传输半径"": [""10m""], ""佩戴方式"": [""入耳式""], ""功能"": [""支持音乐""], ""品牌"": [""havit/海威特""], ""型号"": [""I97""], ""声道"": [""2""], ""套餐类型"": [""官方标配""], ""待机时间"": [""6天""], ""是否单双耳"": [""双边立体声""], ""智能类型"": [""不支持智能""], ""耳机类别"": [""真无线耳机""], ""蓝牙版本"": [""5.0""], ""颜色分类"": [""至尊版-皎洁白"", ""尊享版-幻夜黑"", ""尊享版-皎洁白+幻夜黑"", ""尊享版-皎洁白""]}",data/images/week1_v3/612638540610.webp,e4aa107c091e14e949d0bf1879ed8f0866af77a49e0ae3eea00165bab43fc038,data/processed/week1_v3/multimodal/validation.jsonl,dd2bc1d6c21567176d95f5414bfd9304f48979b3bb39ab0b038627b1f346af0b
week2_rag_fact_quality_audit_v1,validation,yes,613342790955,3C数码,移动电源,PASS,none,本轮未发现标题、结构化属性与主图之间的明显冲突；不等同于外部商品真值确认。,,迷你版充电宝自带线大容量20000毫安 学生可爱便携带超薄快充通用,"{""充电协议"": [""其他""], ""品牌"": [""cosmictek""], ""型号"": [""C-A02""], ""外壳材质"": [""塑料""], ""尺寸"": [""85x83x23mm""], ""是否带充电插头"": [""否""], ""是否带屏幕"": [""带屏幕""], ""是否带数据线"": [""是""], ""是否支持无线充电"": [""否""], ""电池容量"": [""20000mAh""], ""电池类型"": [""锂聚合物电池""], ""电芯类型"": [""软包""], ""附加功能"": [""液晶显示"", ""多U口输出""], ""颜色分类"": [""红色"", ""黑色""]}",data/images/week1_v3/613342790955.webp,af43b3e8b0767ed049d5d0ed8b9832fd15d37f886d5179fb4a01d30c30a3dbb1,data/processed/week1_v3/multimodal/validation.jsonl,dd2bc1d6c21567176d95f5414bfd9304f48979b3bb39ab0b038627b1f346af0b
week2_rag_fact_quality_audit_v1,validation,yes,613623155562,3C数码,键盘,PASS,none,本轮未发现标题、结构化属性与主图之间的明显冲突；不等同于外部商品真值确认。,,OA 104键轻薄静音水晶机械键盘全键无冲防水背光游戏办公金属面板,"{""上市时间"": [""2020-02-22""], ""包装体积"": [""436X124X28""], ""品牌"": [""E元素""], ""售后服务"": [""全国联保""], ""型号"": [""e元素OA""], ""套餐类型"": [""官方标配""], ""成色"": [""全新""], ""接口类型"": [""USB""], ""是否支持人体工程学"": [""支持""], ""是否无线"": [""有线""], ""是否有多媒体功能键"": [""有""], ""是否机械键盘"": [""是""], ""有无手托"": [""无""], ""毛重"": [""1.0kg""], ""轴体"": [""青轴""], ""颜色分类"": [""黑色金"", ""黑色"", ""增白色"", ""大白色"", ""典雅黑色"", ""白色"", ""夜幕黑色"", ""杏白色""]}",data/images/week1_v3/613623155562.webp,4f30e7b775e1b2e5f9d46a00074a6c6480051556d141c6d2b958349b4a113bae,data/processed/week1_v3/multimodal/validation.jsonl,dd2bc1d6c21567176d95f5414bfd9304f48979b3bb39ab0b038627b1f346af0b
week2_rag_fact_quality_audit_v1,validation,yes,613838754353,3C数码,键盘,PASS,none,本轮未发现标题、结构化属性与主图之间的明显冲突；不等同于外部商品真值确认。,,机械键盘青轴复古电镀朋克机械键盘有线游戏和平精英吃鸡游戏办公,"{""品牌"": [""美尚E族""], ""售后服务"": [""店铺三包""], ""型号"": [""hjk900""], ""套餐类型"": [""官方标配""], ""接口类型"": [""USB""], ""是否支持人体工程学"": [""支持""], ""是否无线"": [""有线""], ""是否有多媒体功能键"": [""有""], ""是否机械键盘"": [""轻机械键盘""], ""轴体"": [""青轴""], ""颜色分类"": [""900电镀朋克字符透光版(黑)"", ""900电镀朋克字符透光版(白)"", ""900电镀方钮字符透光版(黑)"", ""900电镀方钮字符透光版(白)"", ""900电镀朋克背光板(白)"", ""900电镀朋克背光板(黑)""]}",data/images/week1_v3/613838754353.webp,090d7a1b2fbfa4e77c522920f4372d2436d2f8cc390114ab0d3cf786a1ac2984,data/processed/week1_v3/multimodal/validation.jsonl,dd2bc1d6c21567176d95f5414bfd9304f48979b3bb39ab0b038627b1f346af0b
week2_rag_fact_quality_audit_v1,validation,yes,613971147597,家居日用,收纳箱,PASS,none,本轮未发现标题、结构化属性与主图之间的明显冲突；不等同于外部商品真值确认。,,禧天龙塑料桌面收纳盒子整理收纳篮化妆品整理盒衣物收纳箱置物盒,"{""净重"": [""0.8KG""], ""品牌"": [""Citylong/禧天龙""], ""尺寸"": [""32cmx22cmx16cm""], ""材质"": [""塑料""], ""货号"": [""H-7701-06""], ""颜色分类"": [""巧克力色"", ""深灰色"", ""紫罗兰"", ""军绿色"", ""浅绿色"", ""深紫色"", ""浅灰色"", ""深卡其布色"", ""桔色"", ""天蓝色""]}",data/images/week1_v3/613971147597.jpg,82706177ac4b7ca30d6b76492a32c047858aed6ec2c767181771ce41620d1161,data/processed/week1_v3/multimodal/validation.jsonl,dd2bc1d6c21567176d95f5414bfd9304f48979b3bb39ab0b038627b1f346af0b
week2_rag_fact_quality_audit_v1,validation,yes,614287670938,3C数码,耳机,REVIEW,component_boundary,标题和主图更接近耳机单元/喇叭组件，需确认是否属于完整耳机商品。,category_l2|型号,珍藏版 人声DIY推荐 爱华aiwa V161 气垫单元 老耳机hifi发烧喇叭,"{""佩戴方式"": [""耳塞式""], ""兼容平台"": [""iOS"", ""ANDROID""], ""品牌"": [""other/其他""], ""型号"": [""V161""], ""套餐类型"": [""官方标配""], ""插头直径"": [""3.5mm""], ""是否无线"": [""有线""], ""是否线控"": [""否""], ""智能类型"": [""不支持智能""], ""灵敏度"": [""112dB/mW""], ""耳机发声原理"": [""动圈""], ""耳机类别"": [""定制化耳机"", ""HIFI耳机""], ""耳机输出音源"": [""随身视听""], ""适用音乐类型"": [""通用""], ""阻抗"": [""32Ω""], ""频响范围"": [""20-20000Hz""], ""颜色分类"": [""爱华气垫单元一个 送壳"", ""一对请拍数量2 谢谢""]}",data/images/week1_v3/614287670938.webp,8938c6dfc0f600de9c422e227e88cdc0f8b93f07b8a7bed459b213697c384295,data/processed/week1_v3/multimodal/validation.jsonl,dd2bc1d6c21567176d95f5414bfd9304f48979b3bb39ab0b038627b1f346af0b
week2_rag_fact_quality_audit_v1,validation,yes,614446358778,家居日用,垃圾桶,PASS,none,本轮未发现标题、结构化属性与主图之间的明显冲突；不等同于外部商品真值确认。,,厨余分类厨房壁挂式折叠垃圾桶家用挂式悬挂厕所卫生间收纳橱柜门,"{""品牌"": [""部屋生活""], ""垃圾桶类型"": [""收纳桶""], ""外壳材质"": [""塑料""], ""容量"": [""10L""], ""开合方式"": [""无盖""], ""形状"": [""长筒形""], ""货号"": [""BW-003""], ""适用场景"": [""家庭使用""], ""颜色分类"": [""9特大号咖色常规版套餐"", ""8特大号白色常规版"", ""6常规款中号白色【7升容量】"", ""11常规款咖色特大+中号 共2个装"", ""4【超值】※新款大号白色套装"", ""1【70%买家选择】新款大号咖色"", ""3【超值】※新款大号咖色套装"", ""10特大号白色常规版套餐"", ""7特大号咖色常规版"", ""5常规款中号咖色【7升容量】"", ""12常规款白色特大+中号 共2个装"", ""2【70%买家选择】新款大号白色""]}",data/images/week1_v3/614446358778.webp,5511eb4f85c6a7eaf32def25a765fc7bfbe4bbe7d583c120af92fd3612c57f08,data/processed/week1_v3/multimodal/validation.jsonl,dd2bc1d6c21567176d95f5414bfd9304f48979b3bb39ab0b038627b1f346af0b
week2_rag_fact_quality_audit_v1,validation,yes,614646720550,3C数码,鼠标,PASS,none,本轮未发现标题、结构化属性与主图之间的明显冲突；不等同于外部商品真值确认。,,冰豹ROCCAT幽灵豹KOVA艾摩对称左右手有线电竞游戏鼠标电脑笔记本男女生通用台式专业宏编程吃鸡LOL穿越火线,"{""保修期"": [""12个月""], ""光学分辨率"": [""7000dpi""], ""品牌"": [""Roccat/冰豹""], ""售后服务"": [""全国联保""], ""型号"": [""KOVA(幽灵豹)""], ""套餐类型"": [""官方标配""], ""工作方式"": [""光电""], ""成色"": [""全新""], ""接口类型"": [""USB""], ""是否支持人体工程学"": [""支持""], ""颜色分类"": [""艾摩版-黑色""]}",data/images/week1_v3/614646720550.webp,4a04b0623e92f8d87d79ba705e041a7e4a935d3d230b871c22c7d75c5db23609,data/processed/week1_v3/multimodal/validation.jsonl,dd2bc1d6c21567176d95f5414bfd9304f48979b3bb39ab0b038627b1f346af0b
week2_rag_fact_quality_audit_v1,validation,yes,614822484917,3C数码,键盘,PASS,none,本轮未发现标题、结构化属性与主图之间的明显冲突；不等同于外部商品真值确认。,,官方正品雷蛇级达尔优牧马人机械键盘EK812有线笔记本台式电脑通,"{""品牌"": [""达尔优""], ""售后服务"": [""全国联保""], ""型号"": [""EK812升级版""], ""套餐类型"": [""官方标配"", ""套餐一""], ""成色"": [""全新""], ""接口类型"": [""USB""], ""是否支持人体工程学"": [""支持""], ""是否无线"": [""有线""], ""是否有多媒体功能键"": [""有""], ""是否机械键盘"": [""是""], ""轴体"": [""黑轴""], ""颜色分类"": [""黑灰色茶轴升级版"", ""黑色青轴精英版"", ""黑色银轴精英版"", ""黑色茶轴升级版"", ""黑色青轴升级版"", ""黑灰色青轴升级版"", ""黑灰色黑轴升级版"", ""黑色红轴升级版"", ""黑色银轴升级版"", ""灰粉色黑轴升级版"", ""黑灰色红轴升级版"", ""灰粉色青轴升级版"", ""黑色茶轴精英版"", ""黑色黑轴升级版"", ""黑色红轴精英版"", ""黑色黑轴精英版""]}",data/images/week1_v3/614822484917.webp,97518e68bbdedf68f00057905fa8a01134ebccd170e6d300ad51c727d7c65111,data/processed/week1_v3/multimodal/validation.jsonl,dd2bc1d6c21567176d95f5414bfd9304f48979b3bb39ab0b038627b1f346af0b
week2_rag_fact_quality_audit_v1,validation,yes,615221478811,3C数码,移动电源,PASS,none,本轮未发现标题、结构化属性与主图之间的明显冲突；不等同于外部商品真值确认。,,Momax摩米士华为专用PD快充无线充电宝多功能移动电源冲苹果手机,"{""充电协议"": [""QC3.0""], ""品牌"": [""Momax/摩米士""], ""型号"": [""IP93H""], ""外壳材质"": [""其他""], ""尺寸"": [""85x85x28mm""], ""是否带充电插头"": [""是""], ""是否带屏幕"": [""不带屏幕""], ""是否带数据线"": [""否""], ""是否支持无线充电"": [""是""], ""智能类型"": [""不支持智能""], ""最大输出功率"": [""18W""], ""电池容量"": [""10000mAh""], ""电池类型"": [""锂聚合物电池""], ""电芯类型"": [""软包""], ""附加功能"": [""支持快充"", ""多U口输出"", ""液晶显示"", ""带插头"", ""无线充电""], ""颜色分类"": [""套装版【黑色】带插头★18W快充"", ""1万【白色】无快充★无插头版"", ""国规版【黑色】带插头★18W快充"", ""国规版【白色】带插头★18W快充"", ""1万【黑色】无快充★无插头版"", ""套装版【白色】带插头★18W快充""]}",data/images/week1_v3/615221478811.webp,0bf41b5cbbd953d6fa1e116e74e1215e0d2c3269a5b20c0f941a40ac17aed815,data/processed/week1_v3/multimodal/validation.jsonl,dd2bc1d6c21567176d95f5414bfd9304f48979b3bb39ab0b038627b1f346af0b
week2_rag_fact_quality_audit_v1,validation,yes,615406528064,3C数码,耳机,PASS,none,本轮未发现标题、结构化属性与主图之间的明显冲突；不等同于外部商品真值确认。,,OPPO ENCO M31蓝牙耳机oppo蓝牙耳机encom31无线挂脖式原装正品双耳入耳式塞降噪oppo手机通用oppoencom31,"{""佩戴方式"": [""挂耳式""], ""保修期"": [""12个月""], ""品牌"": [""OPPO""], ""型号"": [""OPPO Enco M31耳机""], ""套餐类型"": [""官方标配""], ""材质"": [""塑料""], ""生产企业"": [""OPPO""], ""耳机类别"": [""游戏耳机""], ""蓝牙版本"": [""5.0""], ""颜色分类"": [""墨尔灰"", ""卡特绿"", ""苏黎粉""]}",data/images/week1_v3/615406528064.webp,e48330f9d5cc805e4135114cbfd9b594a827d603148bc3041a58db730e950e04,data/processed/week1_v3/multimodal/validation.jsonl,dd2bc1d6c21567176d95f5414bfd9304f48979b3bb39ab0b038627b1f346af0b
week2_rag_fact_quality_audit_v1,validation,yes,615426464241,3C数码,键盘,PASS,none,本轮未发现标题、结构化属性与主图之间的明显冲突；不等同于外部商品真值确认。,,雷蛇技术正品赛德斯烽影牧马人机械键盘鼠标套装有线青轴黑轴电竞,"{""上市时间"": [""2018-09-04""], ""品牌"": [""SADES/赛德斯""], ""售后服务"": [""全国联保""], ""型号"": [""烽影 个性""], ""套餐类型"": [""官方标配""], ""成色"": [""全新""], ""接口类型"": [""USB""], ""是否支持人体工程学"": [""支持""], ""是否无线"": [""有线""], ""是否有多媒体功能键"": [""有""], ""是否机械键盘"": [""是""], ""有无手托"": [""无""], ""轴体"": [""青轴""], ""颜色分类"": [""黑色绿光 青轴"", ""白粉撞色青轴 白光"", ""白色混光 青轴+游戏鼠标"", ""白蓝撞色青轴 白光+游戏鼠标"", ""粉白撞色青轴 白光+粉色鼠标"", ""白色青轴 白光"", ""灰黑撞色青轴 蓝光"", ""粉白撞色青轴 白光"", ""白色蓝光青轴(升级版)"", ""粉色青轴 白光+粉色鼠标"", ""白色蓝光青轴(升级版)+游戏鼠标"", ""黑色混光 黑轴"", ""黑灰撞色青轴 蓝光"", ""白色混光 青轴"", ""黑色混光 青轴"", ""白粉撞色青轴 白光+粉色鼠标"", ""蓝白撞色青轴 白光"", ""黑色橙光 青轴"", ""灰黑撞色青轴 蓝光+游戏鼠标"", ""粉色青轴 白光"", ""蓝白撞色青轴 白光+游戏鼠标"", ""黑灰撞色青轴 蓝光+游戏鼠标"", ""白蓝撞色青轴 白光"", ""白色青轴 白光+游戏鼠标""]}",data/images/week1_v3/615426464241.webp,852e4a23d71bcd3817c15a6fdcf3f82b7a968c5b887743d32a699f80f43c5ef4,data/processed/week1_v3/multimodal/validation.jsonl,dd2bc1d6c21567176d95f5414bfd9304f48979b3bb39ab0b038627b1f346af0b
week2_rag_fact_quality_audit_v1,validation,yes,615883126177,3C数码,键盘,PASS,none,本轮未发现标题、结构化属性与主图之间的明显冲突；不等同于外部商品真值确认。,,官方正品黑峡谷(Hyeku)GK706游戏机械键盘青轴茶轴红轴电竞专用电,"{""品牌"": [""黑峡谷""], ""售后服务"": [""店铺三包""], ""型号"": [""GK706""], ""套餐类型"": [""官方标配""], ""成色"": [""全新""], ""接口类型"": [""USB""], ""是否支持人体工程学"": [""支持""], ""是否无线"": [""有线""], ""是否有多媒体功能键"": [""无""], ""是否机械键盘"": [""是""], ""有无手托"": [""无""], ""轴体"": [""青轴""], ""颜色分类"": [""黑灰键帽冰蓝光-茶轴"", ""粉色键帽白色光-红轴"", ""黑灰键帽冰蓝光-青轴"", ""灰黑键帽冰蓝光-茶轴"", ""粉色键帽白色光"", ""黑灰键帽冰蓝光-红轴"", ""灰黑键帽冰蓝光-红轴"", ""灰黑键帽冰蓝光-青轴"", ""粉色键帽白色光-茶轴""]}",data/images/week1_v3/615883126177.webp,dbf4327fb0a816dbb37325d8c4a671c024c9e69276b14fd6c91c39d6434f2803,data/processed/week1_v3/multimodal/validation.jsonl,dd2bc1d6c21567176d95f5414bfd9304f48979b3bb39ab0b038627b1f346af0b
week2_rag_fact_quality_audit_v1,validation,yes,616519866490,家居日用,拖把,PASS,none,本轮未发现标题、结构化属性与主图之间的明显冲突；不等同于外部商品真值确认。,,免手洗拖把家用平板懒人抖音地拖布木地板一拖墩布净网红拖地神器,"{""品牌"": [""凯柚""], ""型号"": [""BN1710""], ""尘推类型"": [""粘扣式""], ""颜色分类"": [""军绿色"", ""浅绿色"", ""巧克力色""]}",data/images/week1_v3/616519866490.webp,146bd7f438215bf0a7835b13092d3e8f9cce29b3d97533409bc5381fdea38c5c,data/processed/week1_v3/multimodal/validation.jsonl,dd2bc1d6c21567176d95f5414bfd9304f48979b3bb39ab0b038627b1f346af0b
week2_rag_fact_quality_audit_v1,validation,yes,616655611311,3C数码,键盘,PASS,none,本轮未发现标题、结构化属性与主图之间的明显冲突；不等同于外部商品真值确认。,,官网雷蛇技术正品新盟曼巴狂蛇真机械键盘青轴黑轴茶轴104键蒸汽,"{""品牌"": [""Technology/新盟""], ""售后服务"": [""全国联保""], ""型号"": [""X10""], ""套餐类型"": [""官方标配""], ""成色"": [""全新""], ""接口类型"": [""USB""], ""是否支持人体工程学"": [""支持""], ""是否无线"": [""有线""], ""是否有多媒体功能键"": [""有""], ""是否机械键盘"": [""是""], ""有无手托"": [""有""], ""轴体"": [""青轴""], ""颜色分类"": [""朋克旗舰升级版-灰黑冰蓝光-青轴"", ""朋克旗舰旋钮版-银白冰蓝光-青"", ""朋克旗舰升级版-银白冰蓝光-青"", ""朋克旗舰升级版-灰黑白光-青轴32"", ""朋克旗舰旋钮版-银白混光-青轴"", ""朋克旗舰旋钮版-灰黑混光-青轴"", ""朋克旗舰升级版-灰黑白光-茶轴32"", ""朋克旗舰升级版-灰黑白光-茶轴"", ""朋克旗舰旋钮版-灰黑白光-茶轴32"", ""朋克旗舰旋钮版-银白混光-青轴32"", ""朋克旗舰升级版-银白混光-青轴32"", ""朋克旗舰升级版-灰黑白光-黑轴32"", ""朋克旗舰升级版-灰黑白光-青轴"", ""朋克旗舰旋钮版-灰黑冰蓝光-青轴"", ""朋克旗舰旋钮版-灰黑白光-青轴"", ""朋克旗舰旋钮版-灰黑白光-黑轴"", ""朋克旗舰旋钮版-灰黑白光-茶轴"", ""朋克旗舰旋钮版-灰黑白光-黑轴32"", ""朋克旗舰旋钮版-灰黑白光-青轴32"", ""朋克旗舰旋钮版-银白冰蓝光-青轴"", ""朋克旗舰升级版-银白混光-青轴"", ""朋克旗舰升级版-银白冰蓝光-青轴"", ""朋克旗舰旋钮版-灰黑混光-青轴32"", ""朋克旗舰升级版-灰黑白光-黑轴""]}",data/images/week1_v3/616655611311.webp,29000ffa161631ea5cf356f49007bb9b61f8513a50f17de83655e676283deaa5,data/processed/week1_v3/multimodal/validation.jsonl,dd2bc1d6c21567176d95f5414bfd9304f48979b3bb39ab0b038627b1f346af0b
week2_rag_fact_quality_audit_v1,validation,yes,616655671226,3C数码,键盘,PASS,none,本轮未发现标题、结构化属性与主图之间的明显冲突；不等同于外部商品真值确认。,,官网雷蛇技术正品【现货速发】银雕召唤师 真机械键盘青轴黑轴茶,"{""包装体积"": [""480*170*45""], ""品牌"": [""银雕""], ""售后服务"": [""店铺三包""], ""型号"": [""召唤师ZK-4""], ""套餐类型"": [""官方标配""], ""成色"": [""全新""], ""接口类型"": [""USB""], ""是否支持人体工程学"": [""支持""], ""是否无线"": [""有线""], ""是否有多媒体功能键"": [""有""], ""是否机械键盘"": [""是""], ""有无手托"": [""无""], ""毛重"": [""895g±10g""], ""颜色分类"": [""白蓝双拼白光青轴朋克旋钮版宏编"", ""黑色混光(黑轴)"", ""黑色混光茶轴电镀朋克版电竞鼠标"", ""白色混光青轴电镀朋克版电竞鼠标"", ""樱花粉白光(青轴)电镀朋克版"", ""蓝白双拼白光青轴朋克旋钮版宏编"", ""黑色混光(青轴)+电竞鼠标"", ""黑色混光(青轴)"", ""黑色混光(青轴)电镀朋克版"", ""白粉双拼白光(青轴)"", ""白蓝双拼白光青轴朋克旋钮版"", ""白色混光(青轴)电镀朋克版"", ""白粉双拼白光青轴朋克旋钮版宏编"", ""白色混光(青轴)+电竞鼠标"", ""粉白双拼白光青轴朋克旋钮版宏编"", ""黑色混光(黑轴)+电竞鼠标"", ""黑色混光黑轴电镀朋克版电竞鼠标"", ""白色混光(青轴)"", ""粉白双拼白光青轴朋克旋钮版"", ""黑色混光(茶轴)电镀朋克版"", ""黑色混光青轴电镀朋克版电竞鼠标"", ""黑色混光(黑轴)电镀朋克版"", ""白粉双拼白光青轴朋克旋钮版"", ""蓝白双拼白光青轴朋克旋钮版""]}",data/images/week1_v3/616655671226.webp,be294e7d65f574f79d8390227b96c0316d98a53de0a31f2441bb9e6d1a831e3c,data/processed/week1_v3/multimodal/validation.jsonl,dd2bc1d6c21567176d95f5414bfd9304f48979b3bb39ab0b038627b1f346af0b
week2_rag_fact_quality_audit_v1,validation,yes,616853015046,3C数码,键盘,PASS,none,本轮未发现标题、结构化属性与主图之间的明显冲突；不等同于外部商品真值确认。,,官方正品狼蛛自由之翼RGB真机械键盘青轴黑轴吃鸡LOL游戏专用电竞,"{""上市时间"": [""2020-01-14""], ""品牌"": [""AULA/狼蛛""], ""售后服务"": [""全国联保""], ""型号"": [""自由之翼升级版""], ""套餐类型"": [""官方标配""], ""成色"": [""全新""], ""接口类型"": [""USB""], ""是否支持人体工程学"": [""支持""], ""是否无线"": [""有线""], ""是否有多媒体功能键"": [""有""], ""是否机械键盘"": [""是""], ""有无手托"": [""有""], ""轴体"": [""青轴""], ""颜色分类"": [""白色RGB青轴(可调单色光)"", ""黑色RGB黑轴+机械宏鼠标"", ""白色混光青轴"", ""白色混光青轴+机械宏鼠标"", ""黑色混光黑轴+机械宏鼠标+耳机"", ""黑色RGB青轴+机械宏鼠标"", ""黑色RGB黑轴+机械宏鼠标+耳机"", ""白色RGB青轴+机械宏鼠标"", ""白色混光青轴+机械宏鼠标+耳机"", ""黑色混光青轴+机械宏鼠标"", ""黑色混光青轴"", ""黑色混光黑轴+机械宏鼠标"", ""水洗版:黑色混光青轴机械宏鼠"", ""黑色RGB青轴+机械宏鼠标+耳机"", ""水洗版:黑色混光青轴机械宏鼠标"", ""黑色混光黑轴"", ""黑色RGB黑轴(可调单色光)"", ""可拆卸水洗版:黑色混光青轴"", ""黑色RGB青轴(可调单色光)"", ""白色RGB青轴+机械宏鼠标+耳机"", ""黑色混光青轴+机械宏鼠标+耳机""]}",data/images/week1_v3/616853015046.webp,93c9b7de50465215f5a8e4df568d7ada44a97eb85a971b4f97e77a90fd8385cd,data/processed/week1_v3/multimodal/validation.jsonl,dd2bc1d6c21567176d95f5414bfd9304f48979b3bb39ab0b038627b1f346af0b
week2_rag_fact_quality_audit_v1,validation,yes,616914231244,3C数码,移动电源,CONFLICT,capacity_title_image_attribute_conflict,标题和主图宣称 1000000M，结构化电池容量为 20000mAh。,电池容量,太阳能充电宝1000000超大量毫安快充移动电源华为vivoppo苹果专用,"{""充电协议"": [""其他"", ""PD3.0"", ""pd2.0""], ""品牌"": [""other/其他""], ""型号"": [""1000000M""], ""外壳材质"": [""塑料""], ""尺寸"": [""158x65x16mm""], ""智能类型"": [""其他智能""], ""电池容量"": [""20000mAh""], ""电池类型"": [""锂聚合物电池""], ""电芯类型"": [""软包""], ""附加功能"": [""带插头"", ""多U口输出"", ""支持快充"", ""液晶显示"", ""太阳能""], ""颜色分类"": [""中国红【加强版】充电提速100%"", ""玫瑰金【标准版】充电提速30%"", ""玫瑰金【升级版】充电提速70%"", ""中国红【升级版】充电提速70%"", ""神秘黑【升级版】充电提速70%"", ""中国红【标准版】充电提速30%"", ""玫瑰金【加强版】充电提速100%"", ""神秘黑【加强版】充电提速100%"", ""神秘黑【标准版】充电提速30%""]}",data/images/week1_v3/616914231244.webp,17942c79d87e2ea3b5036ec98ce35794f046db3d94f0f3e09394151ec5c85770,data/processed/week1_v3/multimodal/validation.jsonl,dd2bc1d6c21567176d95f5414bfd9304f48979b3bb39ab0b038627b1f346af0b
week2_rag_fact_quality_audit_v1,validation,yes,617219746831,3C数码,移动电源,CONFLICT,capacity_values_conflict,标题同时出现 1000000 和 20000mAh，结构化电池容量为 20000mAh，无法确定所选 SKU 的可信容量。,电池容量,大容量充电宝1000000超大量轻薄小巧便携移动电源适用华为oppo苹果小米vivo手机快充闪充专用石墨烯20000毫安,"{""充电协议"": [""其他"", ""QC2.0"", ""QC3.0""], ""品牌"": [""自由光""], ""型号"": [""500000M-2""], ""外壳材质"": [""塑料""], ""尺寸"": [""142x70x22mm""], ""是否带屏幕"": [""带屏幕""], ""最大输出功率"": [""40W""], ""生产企业"": [""东莞市卫来电子有限公司""], ""电池容量"": [""20000mAh""], ""电池类型"": [""锂离子电池""], ""电芯类型"": [""圆柱状铝壳""], ""附加功能"": [""带LED手电"", ""多U口输出"", ""支持快充"", ""液晶显示""], ""颜色分类"": [""灯显白50万【巨容】超大容量★提速100%★【旗舰版】"", ""灯显粉50万【巨容】超大容量★提速100%★【旗舰版】"", ""【收藏+加购物车】赠快充线★运费险★5年换新服务"", ""灯显黑【80000】超大容量★提速100%★【旗舰版】"", ""灯显粉【80000】超大容量★提速100%★【旗舰版】"", ""灯显绿【80000】超大容量★提速100%★【旗舰版】"", ""数显绿100万【旗舰巨容】超大容量★提速200%√智能快充"", ""数显黑100万【旗舰巨容】超大容量★提速200%√智能快充"", ""灯显黑50万【巨容】超大容量★提速100%★【旗舰版】"", ""超薄黑50000大容量★提速100%★【旗舰版】"", ""灯显绿50万【巨容】超大容量★提速100%★【旗舰版】"", ""灯显白【80000】超大容量★提速100%★【旗舰版】"", ""灯显白50000大容量★提速100%★【旗舰版】"", ""数显白100万【旗舰巨容】超大容量★提速200%√智能快充"", ""超薄红50000大容量★提速100%★【旗舰版】""]}",data/images/week1_v3/617219746831.webp,d1547022ab0e670090f87a70c4be5d4f813886ee856ed19bf147bd7c32bceedd,data/processed/week1_v3/multimodal/validation.jsonl,dd2bc1d6c21567176d95f5414bfd9304f48979b3bb39ab0b038627b1f346af0b
week2_rag_fact_quality_audit_v1,validation,yes,617300397884,家居日用,垃圾桶,PASS,none,本轮未发现标题、结构化属性与主图之间的明显冲突；不等同于外部商品真值确认。,,智能垃圾桶感应家用卫生间厕所厨房客厅带盖电动自动圾垃桶轻奢风,"{""外壳材质"": [""塑料""], ""容量"": [""12L以上""], ""形状"": [""长筒形""], ""适用场景"": [""家庭使用""], ""颜色分类"": [""军绿色"", ""天蓝色"", ""浅绿色"", ""浅灰色"", ""巧克力色"", ""桔色""]}",data/images/week1_v3/617300397884.webp,821152d68b7db5f367ecdc60a184cd9354d107e6c6e2a88dadb7bd04486dd541,data/processed/week1_v3/multimodal/validation.jsonl,dd2bc1d6c21567176d95f5414bfd9304f48979b3bb39ab0b038627b1f346af0b
week2_rag_fact_quality_audit_v1,validation,yes,617312923135,3C数码,耳机,PASS,none,本轮未发现标题、结构化属性与主图之间的明显冲突；不等同于外部商品真值确认。,,漫步者H270P入耳式有线耳机高音质耳塞重低音乐带麦立体声电脑安卓vivo正品oppo手机华为苹果小米男女通用,"{""产地"": [""中国大陆""], ""佩戴方式"": [""入耳式""], ""保修期"": [""12个月""], ""兼容平台"": [""iOS"", ""ANDROID"", ""WindowsMobile""], ""品牌"": [""Edifier/漫步者""], ""套餐类型"": [""套餐一"", ""官方标配""], ""插头直径"": [""3.5mm""], ""是否无线"": [""有线""], ""是否有麦克风"": [""有""], ""是否线控"": [""是""], ""材质"": [""金属""], ""漫步者耳机型号"": [""H270P""], ""灵敏度"": [""100dB/mW""], ""生产企业"": [""东莞市漫步者科技有限公司""], ""线长"": [""1.3M""], ""耳机与播放设备连接方式"": [""有线连接""], ""耳机左右腔体间连接方式"": [""有线连接""], ""耳机插头类型"": [""直角L""], ""耳机类别"": [""手机线控耳机"", ""HIFI耳机""], ""耳机输出音源"": [""通讯设备""], ""适用音乐类型"": [""摇滚金属重低音类型""], ""阻抗"": [""24Ω""], ""频响范围"": [""20-20000Hz""], ""颜色分类"": [""黑色"", ""银色""]}",data/images/week1_v3/617312923135.webp,1de29b03bec6a661e24974e7a2245bce69088caa01d6b257a7e707275b88f69b,data/processed/week1_v3/multimodal/validation.jsonl,dd2bc1d6c21567176d95f5414bfd9304f48979b3bb39ab0b038627b1f346af0b
week2_rag_fact_quality_audit_v1,validation,yes,617425544078,家居日用,拖把,PASS,none,本轮未发现标题、结构化属性与主图之间的明显冲突；不等同于外部商品真值确认。,,免手洗懒人平板拖把家用瓷砖地擦木地板干湿两用旋转拖布大号地拖,"{""产品出口必备单证"": [""原产地证""], ""企业出口资质"": [""对外贸易经营者备案登记表""], ""出口检测机构"": [""无""], ""吸水性"": [""10s以下""], ""品牌"": [""武韵""], ""国家"": [""西班牙""], ""型号"": [""tp02""], ""尘推类型"": [""粘扣式""], ""拖布材质"": [""超细纤维""], ""拖把杆的承重"": [""10KG以上""], ""杆材质"": [""铁""], ""洲"": [""欧洲""], ""电源方式"": [""手动""], ""耐腐蚀度"": [""10级""], ""脱水率"": [""80%(含)-90%(不含)""], ""颜色分类"": [""天蓝色"", ""军绿色""], ""验厂标准"": [""家乐福""]}",data/images/week1_v3/617425544078.webp,70e979490623e93a242009d8347e7a8f67b7e05ed917365105e20efefcd0e20c,data/processed/week1_v3/multimodal/validation.jsonl,dd2bc1d6c21567176d95f5414bfd9304f48979b3bb39ab0b038627b1f346af0b
week2_rag_fact_quality_audit_v1,validation,yes,617444664281,家居日用,拖把,PASS,none,本轮未发现标题、结构化属性与主图之间的明显冲突；不等同于外部商品真值确认。,,免手洗平板拖把大号家用木地板一拖瓷砖地拖布懒人干湿两用托把净,"{""产品出口必备单证"": [""提单""], ""出口检测机构"": [""sgs""], ""吸水性"": [""10s以下""], ""品牌"": [""歌洛尼(眼镜)""], ""型号"": [""GLN-X""], ""尘推类型"": [""夹固式""], ""拖布材质"": [""超细纤维""], ""拖把杆的承重"": [""10KG以上""], ""杆材质"": [""铁""], ""洲"": [""亚洲""], ""电源方式"": [""手动""], ""耐腐蚀度"": [""10级""], ""脱水率"": [""90%(含)-100%(含)""], ""颜色分类"": [""白色"", ""桔色"", ""浅黄色"", ""深蓝色"", ""粉红色"", ""深卡其布色"", ""深灰色"", ""军绿色"", ""浅绿色"", ""深紫色"", ""浅灰色"", ""天蓝色""], ""验厂标准"": [""沃尔玛""]}",data/images/week1_v3/617444664281.webp,ffaf9c805980416580e947cc6d734de8b2c64a563ad2753f6e855149f9a2d21d,data/processed/week1_v3/multimodal/validation.jsonl,dd2bc1d6c21567176d95f5414bfd9304f48979b3bb39ab0b038627b1f346af0b
week2_rag_fact_quality_audit_v1,validation,yes,617608860391,家居日用,垃圾桶,PASS,none,本轮未发现标题、结构化属性与主图之间的明显冲突；不等同于外部商品真值确认。,,不锈钢智能垃圾桶自动感应客厅办公家用踢踢桶定制LOGO标志做礼品,"{""品牌"": [""惠尔好""], ""国家"": [""英国""], ""垃圾桶类型"": [""收纳桶""], ""外壳材质"": [""金属""], ""容量"": [""8L""], ""开合方式"": [""感应式""], ""形状"": [""圆桶形""], ""洲"": [""欧洲""], ""货号"": [""6689""], ""适用场景"": [""家庭使用""], ""颜色分类"": [""8L香槟金自动感应+手按定盖"", ""8L珍珠白自动感应+手按定盖批发"", ""8L香槟金感应+手按定盖+触碰"", ""8L珍珠白感应+手按定盖+触碰"", ""8L珍珠白智能盖子"", ""8L香槟金感应+手按定盖+触碰批发"", ""8L珍珠白感应+手按定盖+触碰批发"", ""8L珍珠白自动感应+手按定盖"", ""8L香槟金智能盖子"", ""8L香槟金自动感应+手按定盖批发""]}",data/images/week1_v3/617608860391.jpg,e08b28b1de949795bc72524536c49908b81399fbc761a501223d6fcb9d70adc3,data/processed/week1_v3/multimodal/validation.jsonl,dd2bc1d6c21567176d95f5414bfd9304f48979b3bb39ab0b038627b1f346af0b
week2_rag_fact_quality_audit_v1,validation,yes,617777678378,家居日用,拖把,PASS,none,本轮未发现标题、结构化属性与主图之间的明显冲突；不等同于外部商品真值确认。,,加长平板拖把擦天花板擦墙壁瓷砖神器清洁工具厨房吊顶清洗擦玻璃,"{""吸水性"": [""20s-30s""], ""品牌"": [""其他品牌""], ""型号"": [""T81451""], ""尘推类型"": [""粘扣式""], ""拖布材质"": [""超细纤维""], ""拖把杆的承重"": [""10KG以上""], ""杆材质"": [""不锈钢""], ""耐腐蚀度"": [""4级(含)-4.9级(含)""], ""脱水率"": [""70%(含)-80%(不含)""], ""颜色分类"": [""中号拖布2蓝+1白"", ""大号拖把+2片蓝布"", ""中号拖把+6片蓝布"", ""大号拖把+1片蓝布"", ""大号拖把+3片蓝布3片白布"", ""大号拖布2蓝+1白"", ""中号拖把+2片蓝布"", ""中号拖把+3片蓝布3片白布"", ""中号拖把+1片蓝布"", ""中号拖把+2片蓝布2片白布"", ""大号拖把+1片蓝布1片白布"", ""中号拖把+1片蓝布1片白布"", ""大号拖把+6片蓝布"", ""大号拖把+2片蓝布2片白布""]}",data/images/week1_v3/617777678378.webp,b0ba92e2dec5b4a19b252e1371a76c0a8eb55dd90c5261cd4f35162bec3d55f7,data/processed/week1_v3/multimodal/validation.jsonl,dd2bc1d6c21567176d95f5414bfd9304f48979b3bb39ab0b038627b1f346af0b
week2_rag_fact_quality_audit_v1,validation,yes,618097112440,家居日用,拖把,PASS,none,本轮未发现标题、结构化属性与主图之间的明显冲突；不等同于外部商品真值确认。,,180度旋转平板拖把 家用懒人神器夹固式拖布木地板瓷砖地拖,"{""吸水性"": [""20s-30s""], ""品牌"": [""储恋(清洁工具)""], ""型号"": [""1069""], ""尘推类型"": [""夹固式""], ""拖布材质"": [""超细纤维""], ""拖把杆的承重"": [""10KG以上""], ""杆材质"": [""不锈钢""], ""电源方式"": [""手动""], ""耐腐蚀度"": [""7级(含)-7.9级(含)""], ""脱水率"": [""80%(含)-90%(不含)""], ""适用空间"": [""客厅""], ""颜色分类"": [""军绿色"", ""天蓝色"", ""蓝色""]}",data/images/week1_v3/618097112440.webp,ec1076496be7449d79f26c3fbb42ff06e8ce5fbc11ced89be2f4f67ad05266dd,data/processed/week1_v3/multimodal/validation.jsonl,dd2bc1d6c21567176d95f5414bfd9304f48979b3bb39ab0b038627b1f346af0b
week2_rag_fact_quality_audit_v1,validation,yes,618173057392,家居日用,收纳箱,PASS,none,本轮未发现标题、结构化属性与主图之间的明显冲突；不等同于外部商品真值确认。,,家居透明收纳箱塑料大号小号杂物食品储物箱宝宝玩具衣服收纳盒,"{""净重"": [""1kg""], ""品牌"": [""好居乐""], ""型号"": [""901""], ""尺寸"": [""实惠2件套【4号+2号】"", ""超值3件套【4号+2号+1号】"", ""超值3件套【4号+4号+4号】"", ""1号6升【28*20*17cm】"", ""3号20升【40*28*22cm】"", ""超值3件套【4号+3号+2号】"", ""4号28升【45*32*26cm】"", ""实惠2件套【4号+4号】"", ""钜惠4件套【4号+3号+2号+1号】"", ""超值3件套【1号+1号+1号】"", ""超值3件套【3号+3号+3号】"", ""2号10升【34*24*19cm】"", ""实惠2件套【4号+3号】"", ""实惠2件装【2号+2号】"", ""超值3件套【2号+2号+2号】"", ""超值三件套【3号+2号+1号】"", ""实惠2件套【3号+3号】""], ""材质"": [""塑料""], ""适用人群"": [""大众""], ""适用空间"": [""卧室""], ""颜色分类"": [""北欧粉【超耐用】"", ""全透明【食品级】"", ""北欧蓝【超耐用】"", ""北欧灰【超耐用】"", ""透明白盖款【食品级】""], ""风格"": [""北欧风格""]}",data/images/week1_v3/618173057392.webp,d0bded5d463077869f97f21643e7e756cbf29a48f3b87006da9b02c2e819e689,data/processed/week1_v3/multimodal/validation.jsonl,dd2bc1d6c21567176d95f5414bfd9304f48979b3bb39ab0b038627b1f346af0b
week2_rag_fact_quality_audit_v1,validation,yes,618379166068,3C数码,鼠标,PASS,none,本轮未发现标题、结构化属性与主图之间的明显冲突；不等同于外部商品真值确认。,,Lofree洛斐 无线鼠标macbook笔记本ipad平板办公 女生可爱 可充电,"{""保修期"": [""12个月""], ""品牌"": [""LOFREE/洛斐""], ""型号"": [""薯片蓝牙鼠标""], ""套餐类型"": [""官方标配""], ""工作方式"": [""陀螺仪""], ""成色"": [""全新""], ""生产企业"": [""LOFREE/洛斐""], ""颜色分类"": [""薯片鼠标-红色"", ""薯片鼠标-玫瑰金"", ""薯片鼠标-山东舰文创联名款"", ""奶茶色"", ""薯片鼠标-经典白"", ""薯片鼠标-蓝色"", ""薯片鼠标-小黄鸭联名款""]}",data/images/week1_v3/618379166068.webp,5375a9023e83429752eb9fc8e90c0aba4af41af1b46bda75f84c78132aadf822,data/processed/week1_v3/multimodal/validation.jsonl,dd2bc1d6c21567176d95f5414bfd9304f48979b3bb39ab0b038627b1f346af0b
week2_rag_fact_quality_audit_v1,validation,yes,618832075257,家居日用,保温杯,PASS,none,本轮未发现标题、结构化属性与主图之间的明显冲突；不等同于外部商品真值确认。,,钢宝宝学饮水杯幼儿园防摔驼带吸管手柄316不锈oudon儿童保温杯羊,"{""主图来源"": [""自主实拍图""], ""产地"": [""中国大陆""], ""保温产品"": [""儿童卡通""], ""保温性能描述"": [""6H大于40度""], ""保温时长"": [""6小时42度以上""], ""包装体积"": [""21cm*27cm*10cm""], ""品牌"": [""Oudon/欧德龙""], ""型号"": [""OK-36X1""], ""容量"": [""301mL(含)-400mL(含)""], ""材质"": [""316不锈钢""], ""杯子容量值"": [""360mL""], ""杯子样式"": [""有手柄""], ""毛重"": [""0.77KG""], ""流行元素"": [""卡通""], ""适用人群"": [""儿童""], ""适用场景"": [""运动""], ""适用空间"": [""户外""], ""颜色分类"": [""蓝色弹跳杯"", ""红色弹跳杯"", ""蓝色重力球吸管杯"", ""粉红色弹跳杯"", ""粉红色重力球吸管杯"", ""红色重力球吸管杯""], ""风格"": [""欧式""]}",data/images/week1_v3/618832075257.webp,5fcdb88cc8351916094d0d84d03fd8bfa007a117376012f6fa2351710184a13c,data/processed/week1_v3/multimodal/validation.jsonl,dd2bc1d6c21567176d95f5414bfd9304f48979b3bb39ab0b038627b1f346af0b
week2_rag_fact_quality_audit_v1,validation,yes,618922207097,家居日用,收纳箱,PASS,none,本轮未发现标题、结构化属性与主图之间的明显冲突；不等同于外部商品真值确认。,,长方形塑料方盘周转箱加厚五金配件收纳浅盘托盘黄粉虫养殖胶盒子,"{""品牌"": [""AODESI""], ""尺码"": [""大型""], ""材质"": [""塑料""], ""货号"": [""方盘""], ""适用场景"": [""卧室"", ""桌面"", ""办公室"", ""书桌"", ""公司"", ""墙壁"", ""办公桌"", ""客厅"", ""书房""], ""适用对象"": [""龟/鳖""], ""颜色分类"": [""白17号箱外径70*45*18空箱"", ""蓝7号箱外径65.5*40*14.5空箱"", ""蓝17号箱外径70*45*18空箱"", ""蓝外径100*40*28侧排灰备注"", ""白外径122*40*34厘米侧排"", ""白拉筋俩条"", ""蓝外径122*40*28空箱灰备注"", ""大蓝遮阳盖60*40需要灰备注"", ""蓝外径100*40*28空箱灰备注"", ""白7号箱外径65.5*40*14.5空箱"", ""蓝外径80*60*29空箱灰备注"", ""蓝外径140*40*34空箱需要灰备注"", ""灰水管一米"", ""蓝外径60*40*22侧排灰备注"", ""蓝外径122*40*28侧排灰备注"", ""蓝外径80*40*33侧排灰备注"", ""小蓝遮阳盖40*30需要灰备注"", ""蓝外径122*40*34空箱需要灰备注"", ""蓝外径80*60*34空箱灰备注""], ""鱼缸形式"": [""开放式""], ""鱼缸类型"": [""水陆缸""]}",data/images/week1_v3/618922207097.webp,8e082434812884b3e81d3e6e98198b72378e9a7733cdc061cab14f65802fe457,data/processed/week1_v3/multimodal/validation.jsonl,dd2bc1d6c21567176d95f5414bfd9304f48979b3bb39ab0b038627b1f346af0b
week2_rag_fact_quality_audit_v1,validation,yes,619001269290,3C数码,键盘,PASS,none,本轮未发现标题、结构化属性与主图之间的明显冲突；不等同于外部商品真值确认。,,樱桃CHERRY MX 8.0电竞游戏RGB背光粉色机械键盘87键红轴茶轴,"{""上市时间"": [""2019-08-06""], ""保修期"": [""24个月""], ""品牌"": [""CHERRY""], ""售后服务"": [""全国联保""], ""型号"": [""CHERRY MX-BOARD 8.0 粉色版""], ""套餐类型"": [""套餐二"", ""官方标配"", ""套餐一"", ""套餐三""], ""接口类型"": [""USB""], ""是否支持人体工程学"": [""支持""], ""是否无线"": [""有线""], ""是否有多媒体功能键"": [""有""], ""是否机械键盘"": [""是""], ""有无手托"": [""无""], ""颜色分类"": [""粉色-RGB彩光版"", ""粉色情人节正刻白光版(送手托)"", ""白色霜冻正刻-白光版(送手托)"", ""白色白灰-白光版(送手托)"", ""白色霜冻侧刻-白光版(送手托)"", ""白色多彩-白光版(送手托)"", ""粉色蓝色妖姬正刻-白光版(送手托)"", ""粉色-白光版"", ""黑色宇宙星球-RGB版(送手托)"", ""粉色情人节侧刻白光版(送手托)"", ""白色-RGB彩光版"", ""白色跃龙门-白光版(送手托)"", ""白色梵高-白光板(送手托)"", ""黑色黑橙-RGB彩光版(送手托)"", ""黑色简约几何-RGB版(送手托)"", ""白色奶酪绿-白光版(送手托)"", ""黑色-RGB彩光版"", ""粉色全粉樱花-白光版(送手托)"", ""白色彩虹正刻-白光版(送手托)"", ""白色-白光版"", ""白色彩虹侧刻-白光版(送手托)"", ""粉色蓝色妖姬侧刻-白光版(送手托)""]}",data/images/week1_v3/619001269290.webp,dfdeff9f68bdf43d5d2e4d41714c54ebdae5f62cc34c94db8290bf8ad3b876b4,data/processed/week1_v3/multimodal/validation.jsonl,dd2bc1d6c21567176d95f5414bfd9304f48979b3bb39ab0b038627b1f346af0b
week2_rag_fact_quality_audit_v1,validation,yes,619085598337,家居日用,保温杯,PASS,none,本轮未发现标题、结构化属性与主图之间的明显冲突；不等同于外部商品真值确认。,,英国Bemega智能保温杯陶瓷内胆男女高档316不锈钢茶杯定制水杯子,"{""主图来源"": [""自主实拍图""], ""产地"": [""中国大陆""], ""保温产品"": [""保温杯""], ""保温性能描述"": [""55度以上(22小时)""], ""保温时长"": [""12小时(含)-24小时(不含)""], ""包装体积"": [""10cmX15cmX26cm""], ""品牌"": [""Bemega""], ""型号"": [""BMG-1092Z""], ""容量"": [""401mL(含)-500mL(含)""], ""材质"": [""316不锈钢""], ""杯子容量值"": [""500ml""], ""杯子样式"": [""直身杯""], ""毛重"": [""0.35kg""], ""流行元素"": [""纯色""], ""适用人群"": [""大众""], ""适用场景"": [""日常送礼""], ""颜色分类"": [""玫瑰金"", ""绅士黑"", ""枪灰色"", ""睿智蓝"", ""钢本色"", ""名流咖"", ""优雅白"", ""奢华红"", ""香槟金""], ""风格"": [""日式""]}",data/images/week1_v3/619085598337.webp,490b228181388113e67b6735558e12e782c61b303d1ebc3e0a4cdbca800bf573,data/processed/week1_v3/multimodal/validation.jsonl,dd2bc1d6c21567176d95f5414bfd9304f48979b3bb39ab0b038627b1f346af0b
week2_rag_fact_quality_audit_v1,validation,yes,619598651152,3C数码,耳机,PASS,none,本轮未发现标题、结构化属性与主图之间的明显冲突；不等同于外部商品真值确认。,,口红蓝牙耳机女生款可爱单耳无线蓝牙学生党半入耳式小型迷你肉色超隐形不闪灯女士小巧华为苹果安卓通用耳塞,"{""上市时间"": [""2020-05-26""], ""产地"": [""中国大陆""], ""传输半径"": [""10m""], ""佩戴方式"": [""耳塞式""], ""保修期"": [""12个月""], ""功能"": [""通话功能""], ""品牌"": [""红密斯""], ""地市"": [""深圳市""], ""型号"": [""口红蓝牙耳机""], ""套餐类型"": [""官方标配""], ""是否单双耳"": [""单边免提""], ""材质"": [""塑料""], ""生产企业"": [""深圳市玖伍贰柒贸易有限公司""], ""省份"": [""广东省""], ""耳机与播放设备连接方式"": [""蓝牙连接""], ""耳机左右腔体间连接方式"": [""无线连接""], ""蓝牙版本"": [""5.0""], ""颜色分类"": [""【钢琴黑】单耳版★口红充电仓★石墨烯振膜★蓝牙5.0"", ""【肌肤黄】单耳版★创意口红充电仓★石墨烯振膜★蓝牙5.0"", ""【肌肤黄】双耳口红款★实时电量显示★石墨烯振膜★蓝牙5.0"", ""【玫瑰红】单耳版★创意口红充电仓★石墨烯振膜★蓝牙5.0"", ""【象牙白】双耳口红款★实时电量显示★石墨烯振膜★蓝牙5.0"", ""【象牙白】单耳版★口红充电仓★石墨烯振膜★蓝牙5.0"", ""【钢琴黑】双耳口红款★实时电量显示★石墨烯振膜★蓝牙5.0""]}",data/images/week1_v3/619598651152.jpg,e4a03ef1b584ca0588675a471c8252f576db5f255b01aca040c31b94be8a5d56,data/processed/week1_v3/multimodal/validation.jsonl,dd2bc1d6c21567176d95f5414bfd9304f48979b3bb39ab0b038627b1f346af0b
week2_rag_fact_quality_audit_v1,validation,yes,619634747474,家居日用,拖把,PASS,none,本轮未发现标题、结构化属性与主图之间的明显冲突；不等同于外部商品真值确认。,,免手洗平板拖把家用木地板大号地拖布一拖净干湿两用墩布懒人神器,"{""吸水性"": [""10s以下""], ""品牌"": [""雅丽净""], ""型号"": [""YK118""], ""尘推类型"": [""粘扣式""], ""拖布材质"": [""超细纤维""], ""拖把杆的承重"": [""10KG以上""], ""杆材质"": [""不锈钢""], ""电源方式"": [""手动""], ""耐腐蚀度"": [""10级""], ""脱水率"": [""90%(含)-100%(含)""], ""适用空间"": [""客厅""], ""颜色分类"": [""(标准款)共6个原装加厚布"", ""(加强款)共4个原装加厚布"", ""(加强款)共6块原装加厚布"", ""(加强款)共4块原装加厚布"", ""(加强款)共2个原装加厚布"", ""(加强款)共2块原装加厚布"", ""(标准款)共4个原装加厚布"", ""(加强款加大)共6个原装加厚布"", ""(加强款加大)共2个原装加厚布"", ""(加强款加大)共4个原装加厚布"", ""(加强款)共6个原装加厚布"", ""(标准款)共2个原装加厚布""]}",data/images/week1_v3/619634747474.webp,2711b456a2f8e536d0b73fdad3adc832d5259abe09f5017984dc737db320ed4a,data/processed/week1_v3/multimodal/validation.jsonl,dd2bc1d6c21567176d95f5414bfd9304f48979b3bb39ab0b038627b1f346af0b
week2_rag_fact_quality_audit_v1,validation,yes,619636184496,家居日用,拖把,PASS,none,本轮未发现标题、结构化属性与主图之间的明显冲突；不等同于外部商品真值确认。,,爱丽思家用静电平板一次性除尘纸拖把免洗懒人拖地地板拖布爱丽丝,"{""品牌"": [""IRIS/爱丽思""], ""国家/地区"": [""日本""], ""型号"": [""FM-36""], ""尘推类型"": [""夹固式""], ""拖把杆的承重"": [""10Kg以下""], ""杆材质"": [""铝""], ""洲"": [""亚洲""], ""电源方式"": [""手动""], ""适用空间"": [""客厅""], ""颜色分类"": [""1拖把+1包湿巾+1包干巾"", ""1拖把+3包湿巾+3包干巾"", ""5包湿巾+5包干巾"", ""1拖把+4包干巾【2包湿巾】"", ""10包湿巾"", ""8包干巾 【送2包湿巾】"", ""1拖把+5包干巾+5包湿巾"", ""1拖把+4包湿巾【送2包干巾】"", ""10包干巾"", ""1拖把+5包湿巾【送1包干巾】"", ""1拖把+5包干巾【送1包湿巾】"", ""1拖把+2包湿巾+3包干巾"", ""6包干巾"", ""8包湿巾+2包干巾"", ""5包湿巾【送1包湿巾】"", ""4包湿巾"", ""1拖把+1包湿巾+6包干巾""]}",data/images/week1_v3/619636184496.webp,bdc9b0be3adf052acfc21d0dbe30a9bf5135a3114a3c94c0c50b352a9c622997,data/processed/week1_v3/multimodal/validation.jsonl,dd2bc1d6c21567176d95f5414bfd9304f48979b3bb39ab0b038627b1f346af0b
week2_rag_fact_quality_audit_v1,validation,yes,619879857875,家居日用,垃圾桶,PASS,none,本轮未发现标题、结构化属性与主图之间的明显冲突；不等同于外部商品真值确认。,,BOBO智能感应垃圾桶高档家用卫生间洗手间厕所不锈钢带盖自动充电,"{""产品出口必备单证"": [""报关单""], ""企业出口资质"": [""对外贸易经营者备案登记表""], ""出口检测机构"": [""ce""], ""品牌"": [""BOBO(清洁工具)""], ""外壳材质"": [""不锈钢""], ""容量"": [""8L""], ""形状"": [""长筒形""], ""洲"": [""北美洲""], ""货号"": [""8823""], ""适用场景"": [""家庭使用""], ""颜色分类"": [""深灰色"", ""深卡其布色"", ""深紫色"", ""浅绿色"", ""浅黄色"", ""桔色"", ""浅灰色""], ""验厂标准"": [""BSCI""]}",data/images/week1_v3/619879857875.webp,4e2a98a52ebed4e7486806082c8d782226785a0526e92a1e6dc23a4e8d817a27,data/processed/week1_v3/multimodal/validation.jsonl,dd2bc1d6c21567176d95f5414bfd9304f48979b3bb39ab0b038627b1f346af0b
week2_rag_fact_quality_audit_v1,validation,yes,619941129652,家居日用,收纳箱,PASS,none,本轮未发现标题、结构化属性与主图之间的明显冲突；不等同于外部商品真值确认。,,杂物收纳筐储物盒零食篮家用塑料盒子衣柜内衣厨房乐高玩具整理箱,"{""净重"": [""0.3KG""], ""品牌"": [""FXIAOYA/方小丫""], ""容量"": [""20L""], ""尺寸"": [""32cmx22cmx16cm"", ""45*35*23 cm""], ""材质"": [""塑料""], ""货号"": [""F3001""], ""适用人群"": [""大众""], ""适用对象"": [""耳机线/电线"", ""遥控器"", ""其他"", ""磁卡"", ""包包"", ""化妆用品/首饰"", ""内衣"", ""卫生棉/卫生巾""], ""适用空间"": [""客厅"", ""阳台/庭院"", ""门厅/玄关"", ""卧室"", ""浴室"", ""车载"", ""衣橱/衣帽间"", ""书房"", ""餐厅"", ""厨房"", ""户外"", ""桌面"", ""儿童房"", ""宿舍""], ""颜色分类"": [""巧克力色"", ""粉红色"", ""透明"", ""蓝色"", ""天蓝色"", ""酒红色"", ""浅灰色"", ""深紫色"", ""白色"", ""黄色"", ""浅绿色"", ""红色"", ""桔色"", ""深灰色"", ""浅黄色"", ""紫色"", ""军绿色"", ""褐色""], ""风格"": [""日式""]}",data/images/week1_v3/619941129652.webp,d0c46c8fd7e3ff8c58c3b05f6f925c7663a48d918121edb1157a2024001189ac,data/processed/week1_v3/multimodal/validation.jsonl,dd2bc1d6c21567176d95f5414bfd9304f48979b3bb39ab0b038627b1f346af0b
week2_rag_fact_quality_audit_v1,validation,yes,620092020178,3C数码,鼠标,PASS,none,本轮未发现标题、结构化属性与主图之间的明显冲突；不等同于外部商品真值确认。,,赛科德7S无线语音打字鼠标智能手写板说话变文字手写键盘输入老人,"{""光学分辨率"": [""2400dpi""], ""品牌"": [""赛科德""], ""售后服务"": [""店铺三包""], ""型号"": [""S-3CDE 7S""], ""套餐类型"": [""官方标配""], ""工作方式"": [""光电""], ""成色"": [""全新""], ""按键数"": [""4个""], ""接口类型"": [""USB""], ""无线技术"": [""2.4GHz""], ""无线距离"": [""10m""], ""是否支持人体工程学"": [""支持""], ""是否盒装正品"": [""是""], ""滚轮数"": [""1个""], ""电源方式"": [""1节7号电池""], ""颜色分类"": [""语音手写输入充电版【白色】"", ""语音手写输入充电版【玫瑰金】"", ""语音手写输入充电版【黑色】"", ""语音手写输入充电版【土豪金】""]}",data/images/week1_v3/620092020178.webp,224eeb4d9dc34b3a2f4272c397e9401a6cb581854f7d4931935c115698474690,data/processed/week1_v3/multimodal/validation.jsonl,dd2bc1d6c21567176d95f5414bfd9304f48979b3bb39ab0b038627b1f346af0b
week2_rag_fact_quality_audit_v1,validation,yes,620263779404,3C数码,鼠标,PASS,none,本轮未发现标题、结构化属性与主图之间的明显冲突；不等同于外部商品真值确认。,,无线鼠标充电式蓝牙双模版静音无声男女生可爱超薄滑鼠灵敏简约无限电脑笔记本办公家用适用mac联想华为戴尔,"{""保修期"": [""12个月""], ""光学分辨率"": [""1600dpi""], ""品牌"": [""GOIIOG/极构""], ""售后服务"": [""店铺三包""], ""型号"": [""XM10鼠标-01""], ""套餐类型"": [""官方标配""], ""工作方式"": [""光电""], ""成色"": [""全新""], ""按键数"": [""3个""], ""接口类型"": [""USB""], ""无线技术"": [""蓝牙""], ""无线距离"": [""10m""], ""是否支持人体工程学"": [""支持""], ""是否盒装正品"": [""是""], ""滚轮数"": [""1个""], ""生产企业"": [""耐也""], ""电源方式"": [""自带充电""], ""颜色分类"": [""暗夜绿★蓝牙双模版【静音无声★可充电式】送铝合金鼠标垫"", ""玫瑰金★无线版【静音无声★可充电式】送铝合金鼠标垫"", ""玫瑰金★蓝牙双模版【静音无声★可充电式】送铝合金鼠标垫"", ""玫瑰金★蓝牙双模版【静音无声★可充电式】"", ""玫瑰金★无线版【静音无声★可充电式】"", ""深空灰★无线版【静音无声★可充电式】"", ""太空银★无线版【静音无声★可充电式】送铝合金鼠标垫"", ""太空银★蓝牙双模版【静音无声★可充电式】"", ""深空灰★蓝牙双模版【静音无声★可充电式】送铝合金鼠标垫"", ""暗夜绿★无线版【静音无声★可充电式】"", ""深空灰★无线版【静音无声★可充电式】送铝合金鼠标垫"", ""太空银★蓝牙双模版【静音无声★可充电式】送铝合金鼠标垫"", ""暗夜绿★无线版【静音无声★可充电式】送铝合金鼠标垫"", ""深空灰★蓝牙双模版【静音无声★可充电式】"", ""暗夜绿★蓝牙双模版【静音无声★可充电式】"", ""太空银★无线版【静音无声★可充电式】""]}",data/images/week1_v3/620263779404.webp,049c057c499ba4bf3faaedba4c9594b508c4f5504049185f186b6568fe5af271,data/processed/week1_v3/multimodal/validation.jsonl,dd2bc1d6c21567176d95f5414bfd9304f48979b3bb39ab0b038627b1f346af0b
week2_rag_fact_quality_audit_v1,validation,yes,620488672878,家居日用,拖把,PASS,none,本轮未发现标题、结构化属性与主图之间的明显冲突；不等同于外部商品真值确认。,,免手洗平板拖把木地板家用懒人干湿网红拖地神器一拖两用地拖布净,"{""品牌"": [""尚奇""], ""型号"": [""E-177""], ""尘推类型"": [""粘扣式""], ""拖布材质"": [""超细纤维""], ""拖把杆的承重"": [""10KG以上""], ""杆材质"": [""不锈钢""], ""电源方式"": [""手动""], ""耐腐蚀度"": [""10级""], ""脱水率"": [""90%(含)-100%(含)""], ""颜色分类"": [""桔色"", ""浅绿色"", ""深紫色"", ""巧克力色"", ""粉红色"", ""深蓝色"", ""白色"", ""紫罗兰"", ""浅灰色"", ""浅黄色""]}",data/images/week1_v3/620488672878.webp,a72e25dc4f809c4f38fe672a280195f1f17ca45ecbc961bb228f5b7d2f4e78f1,data/processed/week1_v3/multimodal/validation.jsonl,dd2bc1d6c21567176d95f5414bfd9304f48979b3bb39ab0b038627b1f346af0b
week2_rag_fact_quality_audit_v1,validation,yes,620559887770,3C数码,移动电源,PASS,none,本轮未发现标题、结构化属性与主图之间的明显冲突；不等同于外部商品真值确认。,,Gfm新款超薄无线快充充电宝20000毫安华为苹果专用11闪充充电器X小巧便携小米大容量PD笔记本电脑移动电源8,"{""充电协议"": [""DASH"", ""AFC"", ""QC2.0"", ""QC4.0"", ""VOOC"", ""QC3.0"", ""PD3.0"", ""FCP"", ""SCP"", ""pd2.0""], ""品牌"": [""gfm""], ""型号"": [""YW-200T""], ""外壳材质"": [""合金""], ""尺寸"": [""132x132x9mm""], ""是否带屏幕"": [""不带屏幕""], ""是否带数据线"": [""否""], ""是否支持无线充电"": [""是""], ""最大输出功率"": [""27w""], ""生产企业"": [""深圳云网伟业科技有限公司""], ""电池容量"": [""20000mAh""], ""电池类型"": [""锂聚合物电池""], ""电芯类型"": [""方形铝壳""], ""附加功能"": [""支持快充"", ""多U口输出"", ""无线充电""], ""颜色分类"": [""黯金 | 顶配版(含三重礼品)"", ""镜黑 | 顶配版(含三重礼品)"", ""白金 | 顶配版(含三重礼品)""]}",data/images/week1_v3/620559887770.png,160beddbb3ce471f6ad884ada774d14b93cab1f8dd188e443745c74b2598d7c1,data/processed/week1_v3/multimodal/validation.jsonl,dd2bc1d6c21567176d95f5414bfd9304f48979b3bb39ab0b038627b1f346af0b
week2_rag_fact_quality_audit_v1,validation,yes,620565721994,家居日用,收纳箱,PASS,none,本轮未发现标题、结构化属性与主图之间的明显冲突；不等同于外部商品真值确认。,,。特大号塑料收纳袋大容量被子防水宿舍透明超大防尘整理袋子打包,"{""净重"": [""0.2kg""], ""品牌"": [""other/其他""], ""型号"": [""ZT7215_207237107386_5040""], ""尺寸"": [""002款60*40*35cm"", ""001款46*28*48cm""], ""是否手工"": [""是""], ""材质"": [""其他""], ""流行元素"": [""纯色""], ""适用人群"": [""大众""], ""适用对象"": [""大衣/西服""], ""适用空间"": [""卧室""], ""颜色分类"": [""粉色"", ""米色"", ""紫色"", ""灰色"", ""蓝色""], ""风格"": [""日式""]}",data/images/week1_v3/620565721994.webp,e5a0faea7c664fbeb970460af0ea2df812f27bdfdeaf5201a5fb45c6c8569f16,data/processed/week1_v3/multimodal/validation.jsonl,dd2bc1d6c21567176d95f5414bfd9304f48979b3bb39ab0b038627b1f346af0b
week2_rag_fact_quality_audit_v1,validation,yes,621326718016,3C数码,键盘,PASS,none,本轮未发现标题、结构化属性与主图之间的明显冲突；不等同于外部商品真值确认。,,雷蛇技术正品腹灵M104机械键盘青轴黑轴茶轴红轴网红吃鸡电竞游戏,"{""上市时间"": [""2018-4-20""], ""包装体积"": [""48cm7cm5cm""], ""品牌"": [""FL·ESPORTS/腹灵""], ""售后服务"": [""全国联保""], ""型号"": [""MKA104S 北美版""], ""套餐类型"": [""官方标配""], ""成色"": [""全新""], ""接口类型"": [""USB""], ""是否支持人体工程学"": [""支持""], ""是否无线"": [""有线""], ""是否有多媒体功能键"": [""有""], ""是否机械键盘"": [""是""], ""有无手托"": [""无""], ""毛重"": [""120""], ""颜色分类"": [""黄面青轴白光"", ""黑色黑轴蓝光"", ""黄面黑轴白光"", ""黑色青轴蓝光"", ""白色青轴蓝光"", ""黄色青轴RGB"", ""白色黑轴蓝光"", ""黑面灰白PBT青轴蓝光"", ""黑色青轴RGB"", ""黑色茶轴RGB"", ""黑色黑轴RGB"", ""红色黑轴白光"", ""红色青轴蓝光"", ""黑面灰白PBT黑轴蓝光""]}",data/images/week1_v3/621326718016.webp,311f58c141ad58355ad896729e3ca2416ae616464ad36df27a0b671d87b5e25e,data/processed/week1_v3/multimodal/validation.jsonl,dd2bc1d6c21567176d95f5414bfd9304f48979b3bb39ab0b038627b1f346af0b
week2_rag_fact_quality_audit_v1,validation,yes,621341696263,3C数码,键盘,PASS,none,本轮未发现标题、结构化属性与主图之间的明显冲突；不等同于外部商品真值确认。,,正品雷蛇技术HP/惠普K500机械手感有线键盘台式电脑笔记本外接办,"{""上市时间"": [""2020-01-04""], ""包装体积"": [""10""], ""品牌"": [""HP/惠普""], ""售后服务"": [""店铺三包""], ""型号"": [""K500""], ""套餐类型"": [""官方标配""], ""成色"": [""全新""], ""接口类型"": [""USB""], ""是否支持人体工程学"": [""支持""], ""是否无线"": [""有线""], ""是否有多媒体功能键"": [""有""], ""是否机械键盘"": [""否""], ""有无手托"": [""无""], ""颜色分类"": [""黑色彩光经典版+鼠标"", ""白色蓝光经典版+鼠标"", ""黑色彩光经典版"", ""黑色彩光复古版"", ""白色彩光经典版鼠标耳机鼠标垫四"", ""黑色彩光经典版鼠标耳机鼠标垫四"", ""白色彩光经典版"", ""白色彩光复古版"", ""黑色彩光复古版+鼠标"", ""黑色蓝光经典版鼠标耳机鼠标垫四"", ""白色蓝光经典版"", ""白色彩光复古版+鼠标"", ""黑色蓝光经典版"", ""白色彩光经典版+鼠标"", ""黑色蓝光经典版+鼠标""]}",data/images/week1_v3/621341696263.webp,df20fb26f6f6674032443fd7f3769fba3f379a1798203e5576abe2923d67f194,data/processed/week1_v3/multimodal/validation.jsonl,dd2bc1d6c21567176d95f5414bfd9304f48979b3bb39ab0b038627b1f346af0b
week2_rag_fact_quality_audit_v1,validation,yes,621400991855,3C数码,耳机,PASS,none,本轮未发现标题、结构化属性与主图之间的明显冲突；不等同于外部商品真值确认。,,游戏耳机入耳式吃鸡听声辩位专用电竞四核双动圈有线高音质手机通用男女重低音带麦K歌HIFI苹果安卓主动降噪,"{""上市时间"": [""2020-06-20""], ""产地"": [""中国大陆""], ""佩戴方式"": [""入耳式""], ""保修期"": [""12个月""], ""兼容平台"": [""iOS"", ""ANDROID"", ""WindowsMobile""], ""功能"": [""录音功能""], ""品牌"": [""美丽攻略""], ""售后服务"": [""全国联保""], ""地市"": [""深圳市""], ""型号"": [""k9双动圈""], ""套餐类型"": [""官方标配""], ""插头直径"": [""3.5mm""], ""是否无线"": [""有线""], ""是否有麦克风"": [""有""], ""是否线控"": [""是""], ""材质"": [""塑料""], ""灵敏度"": [""97dB/mW""], ""生产企业"": [""美丽攻略""], ""省份"": [""广东省""], ""线长"": [""1.2""], ""耳机与播放设备连接方式"": [""有线连接""], ""耳机发声原理"": [""动圈""], ""耳机左右腔体间连接方式"": [""有线连接""], ""耳机插头类型"": [""直插""], ""耳机类别"": [""普通耳机"", ""手机线控耳机""], ""耳机输出音源"": [""随身视听""], ""适用音乐类型"": [""通用""], ""防尘性能"": [""IP5X""], ""防水性能"": [""IPX3""], ""阻抗"": [""16Ω""], ""频响范围"": [""20-20000Hz""], ""颜色分类"": [""【粉色】四核低音炮(带麦版)"", ""收藏加购送收纳包—此项勿拍(默认发黑色普通版)"", ""【藏蓝色】四核低音炮(升级带麦调音版)"", ""【暗夜绿】四核低音炮(升级带麦调音版)"", ""【暗夜绿】四核低音炮(带麦版)"", ""【黑色】四核低音炮(带麦版)"", ""【黑色】四核低音炮(升级带麦调音版)"", ""【粉色】四核低音炮(升级带麦调音版)"", ""【藏蓝色】四核低音炮(带麦版)""]}",data/images/week1_v3/621400991855.webp,3ebf7405463ea07a54b171987e1d2d64cfc4c94064a23a436af1dea5579e352b,data/processed/week1_v3/multimodal/validation.jsonl,dd2bc1d6c21567176d95f5414bfd9304f48979b3bb39ab0b038627b1f346af0b
week2_rag_fact_quality_audit_v1,validation,yes,621592467720,3C数码,键盘,PASS,none,本轮未发现标题、结构化属性与主图之间的明显冲突；不等同于外部商品真值确认。,,雷蛇技术正品Lofree/洛斐 玫瑰金绽放 手机电脑无线蓝牙机械键盘,"{""品牌"": [""LOFREE/洛斐""], ""型号"": [""EH112S-绽放国潮""], ""套餐类型"": [""官方标配""], ""成色"": [""全新""], ""接口类型"": [""USB"", ""蓝牙""], ""是否支持人体工程学"": [""不支持""], ""是否无线"": [""无线""], ""是否有多媒体功能键"": [""有""], ""是否机械键盘"": [""是""], ""轴体"": [""茶轴""], ""颜色分类"": [""绽放键盘鼠标计算器三件套玫瑰金"", ""玫瑰金"", ""绽放玫瑰金(键盘+鼠标)""]}",data/images/week1_v3/621592467720.webp,d462aec33e4d2a0835b5706ba7a931cd4e251e20e29bd40043fe69c24ac65bae,data/processed/week1_v3/multimodal/validation.jsonl,dd2bc1d6c21567176d95f5414bfd9304f48979b3bb39ab0b038627b1f346af0b
week2_rag_fact_quality_audit_v1,validation,yes,621593539222,3C数码,键盘,PASS,none,本轮未发现标题、结构化属性与主图之间的明显冲突；不等同于外部商品真值确认。,,雷蛇技术正品黑爵蒸汽朋克游戏机械键盘黑轴青轴茶轴红轴电竞网红,"{""品牌"": [""Ajazz/黑爵""], ""售后服务"": [""全国联保""], ""型号"": [""AK40无极""], ""套餐类型"": [""官方标配""], ""成色"": [""全新""], ""接口类型"": [""USB""], ""是否支持人体工程学"": [""支持""], ""是否无线"": [""有线""], ""是否有多媒体功能键"": [""有""], ""是否机械键盘"": [""是""], ""有无手托"": [""无""], ""毛重"": [""1.3kg""], ""颜色分类"": [""粉白茶轴-旗舰版"", ""白色黑轴-冰蓝版104键"", ""蓝白青轴-蓝光朋克版"", ""白蓝黑轴-蓝光旗舰版"", ""白蓝青轴-蓝光朋克版"", ""粉白青轴-旗舰版"", ""白色青轴-冰蓝版104键"", ""粉白红轴-旗舰版"", ""蓝白黑轴-蓝光旗舰版"", ""粉白黑轴-旗舰版""]}",data/images/week1_v3/621593539222.webp,829c67ede708a0093cb9ef145d8ea2066cb46866bd42920670aa7bca11cfc720,data/processed/week1_v3/multimodal/validation.jsonl,dd2bc1d6c21567176d95f5414bfd9304f48979b3bb39ab0b038627b1f346af0b
week2_rag_fact_quality_audit_v1,validation,yes,621646793043,3C数码,键盘,PASS,none,本轮未发现标题、结构化属性与主图之间的明显冲突；不等同于外部商品真值确认。,,正品雷蛇技术双飞燕血手幽灵B975光轴三代电竞游戏真机械键盘背光,"{""双飞燕型号"": [""B975""], ""品牌"": [""双飞燕""], ""售后服务"": [""全国联保""], ""套餐类型"": [""官方标配""], ""成色"": [""全新""], ""接口类型"": [""USB""], ""是否支持人体工程学"": [""支持""], ""是否无线"": [""有线""], ""是否有多媒体功能键"": [""无""], ""是否机械键盘"": [""是""], ""有无手托"": [""有""], ""颜色分类"": [""B975-橙光轴(枪声版)"", ""B975【RGB版】"", ""B975-茶光轴(轻音版)""]}",data/images/week1_v3/621646793043.webp,f997973d8e77415d14983d4df10e9c1116d0de446bca71e49d96e26c09897533,data/processed/week1_v3/multimodal/validation.jsonl,dd2bc1d6c21567176d95f5414bfd9304f48979b3bb39ab0b038627b1f346af0b
week2_rag_fact_quality_audit_v1,validation,yes,621656965008,3C数码,耳机,PASS,none,本轮未发现标题、结构化属性与主图之间的明显冲突；不等同于外部商品真值确认。,,绿联 蓝牙耳机tws真无线长待机续航大电量单双耳入耳式隐形防水运动跑步通用安卓适用苹果华为小米手机,"{""产地"": [""中国大陆""], ""传输半径"": [""10m""], ""佩戴方式"": [""耳塞式""], ""保修期"": [""12个月""], ""品牌"": [""绿联""], ""型号"": [""ws100""], ""声道"": [""2""], ""套餐类型"": [""官方标配""], ""是否单双耳"": [""双边立体声""], ""智能类型"": [""其他智能""], ""材质"": [""ABS""], ""生产企业"": [""深圳市绿联科技有限公司""], ""耳机与播放设备连接方式"": [""蓝牙连接""], ""耳机左右腔体间连接方式"": [""无线连接""], ""耳机类别"": [""真无线耳机""], ""蓝牙版本"": [""5.0""], ""防水性能"": [""IPX5""], ""颜色分类"": [""aptX解码★CD级Hi-Fi音质/CVC8.0降噪/9h单次续航""]}",data/images/week1_v3/621656965008.webp,162026e222708a5e6edce327dfb17e0656f9cc83f8ece4db50ae06241f27d7e7,data/processed/week1_v3/multimodal/validation.jsonl,dd2bc1d6c21567176d95f5414bfd9304f48979b3bb39ab0b038627b1f346af0b
week2_rag_fact_quality_audit_v1,validation,yes,621946386369,家居日用,垃圾桶,PASS,none,本轮未发现标题、结构化属性与主图之间的明显冲突；不等同于外部商品真值确认。,,酒楼汽车城美食购物中心游乐园地铁站酒店大堂垃圾桶办公室健身房,"{""品牌"": [""other/其他""], ""垃圾桶类型"": [""收纳桶""], ""外壳材质"": [""不锈钢""], ""容量"": [""12L""], ""开合方式"": [""无盖""], ""形状"": [""长筒形""], ""货号"": [""MBU5436""], ""颜色分类"": [""青色 不锈钢防指纹"", ""翠绿色 加厚款S型古铜色"", ""加厚款S型不锈钢(配单层盆)"", ""加厚款Z型玫瑰金(配双层盆)"", ""军绿色 S型爆花漆垃圾桶"", ""咖啡色 爱派咖啡色"", ""金色 爱派玫瑰金"", ""升级加厚款S型不锈钢 (配黑白根"", ""紫色 不锈钢s型"", ""升级加厚款方管不锈钢 (配黑白"", ""加厚款S型玫瑰金(配单层盆)"", ""加厚款S型不锈钢(配黑白根盆)"", ""加厚款S型钛金(配单层盆)"", ""加厚款方管不锈钢(配黑白根盆)"", ""加厚款Z型钛金(配双层盆)"", ""加厚款S型爆金花(配单层盆)"", ""加厚款Z型不锈钢(配双层盆)"", ""加厚款S型玫瑰金(配黑白根盆)"", ""加厚款S型钛金(配黑白根盆)"", ""墨绿色 爱派黑金"", ""黑色 爱派黑烤漆 ?&"", ""爱派黑金升级款"", ""升级加厚款S型玫瑰金 (配黑白根"", ""升级加厚款S型钛金 (配黑白根盆""]}",data/images/week1_v3/621946386369.webp,92f17f8a0dfe873611357c5e9e9d383f11221db90eb58472102cb72dddf67734,data/processed/week1_v3/multimodal/validation.jsonl,dd2bc1d6c21567176d95f5414bfd9304f48979b3bb39ab0b038627b1f346af0b
week2_rag_fact_quality_audit_v1,validation,yes,622147332171,3C数码,移动电源,PASS,none,本轮未发现标题、结构化属性与主图之间的明显冲突；不等同于外部商品真值确认。,,波客220V移动户外电源500W便携照明应急自驾游露营车载小冰箱使用,"{""充电协议"": [""QC3.0""], ""品牌"": [""自由光""], ""型号"": [""lb008""], ""尺寸"": [""334x180x170mm""], ""生产企业"": [""广东中山浩绍电子有限公司""], ""电池容量"": [""60000mAh""], ""电池类型"": [""锂离子电池""], ""颜色分类"": [""升级版[15万毫安]500W""]}",data/images/week1_v3/622147332171.webp,40f7c6ef5b4b706f5346786d43d795101f90129a2efca6739bf4820f91ebfea7,data/processed/week1_v3/multimodal/validation.jsonl,dd2bc1d6c21567176d95f5414bfd9304f48979b3bb39ab0b038627b1f346af0b
week2_rag_fact_quality_audit_v1,validation,yes,622189743894,3C数码,键盘,PASS,none,本轮未发现标题、结构化属性与主图之间的明显冲突；不等同于外部商品真值确认。,,正品雷蛇技术Akko 3108sp 海洋之星游戏机械键盘Cherry樱桃轴青轴,"{""品牌"": [""other/其他""], ""售后服务"": [""店铺三包""], ""型号"": [""3108sp海洋之星""], ""套餐类型"": [""套餐一"", ""官方标配""], ""成色"": [""全新""], ""接口类型"": [""USB""], ""是否支持人体工程学"": [""支持""], ""是否无线"": [""有线""], ""是否有多媒体功能键"": [""有""], ""是否机械键盘"": [""是""], ""有无手托"": [""无""], ""颜色分类"": [""海洋之星(108键)红轴"", ""海洋之星(87键)青轴"", ""海洋之星(87键)红轴"", ""海洋之星正刻108键-GATERON橙轴"", ""海洋之星(正刻108键)-TTC金粉轴"", ""海洋之星(正刻108键)-TTC金茶轴"", ""海洋之星(87键)茶轴"", ""海洋之星(108键)茶轴"", ""海洋之星(正刻108键)-TTC月白轴"", ""海洋之星(正刻108键)-TTC金红轴"", ""海洋之星(108键)银轴"", ""海洋之星(108键)青轴"", ""海洋之星正刻108键-GATERON粉轴""]}",data/images/week1_v3/622189743894.webp,090d8379b452cff2656a265d33da5ab8453155737850c06f28ad835eabbd87aa,data/processed/week1_v3/multimodal/validation.jsonl,dd2bc1d6c21567176d95f5414bfd9304f48979b3bb39ab0b038627b1f346af0b
week2_rag_fact_quality_audit_v1,validation,yes,622189803860,3C数码,键盘,PASS,none,本轮未发现标题、结构化属性与主图之间的明显冲突；不等同于外部商品真值确认。,,正品雷蛇技术美商海盗船K68RGB防尘防水泼溅电竞背光机械键盘海盗,"{""品牌"": [""美商海盗船""], ""售后服务"": [""全国联保""], ""型号"": [""K68""], ""套餐类型"": [""官方标配""], ""成色"": [""全新""], ""接口类型"": [""USB""], ""是否支持人体工程学"": [""不支持""], ""是否无线"": [""有线""], ""是否有多媒体功能键"": [""有""], ""是否机械键盘"": [""是""], ""有无手托"": [""有""], ""颜色分类"": [""k68 RGB青轴"", ""k68 RGB红轴"", ""K68 红光红轴"", ""K68-SE 赤影"", ""K68 蓝光青轴""]}",data/images/week1_v3/622189803860.webp,e824eb529e3844f80e44d33f325820bf761e50f09a8bcc5849391438f21311c4,data/processed/week1_v3/multimodal/validation.jsonl,dd2bc1d6c21567176d95f5414bfd9304f48979b3bb39ab0b038627b1f346af0b
week2_rag_fact_quality_audit_v1,validation,yes,622298798961,家居日用,收纳箱,PASS,none,本轮未发现标题、结构化属性与主图之间的明显冲突；不等同于外部商品真值确认。,,嘉宝PC加厚翻盖储物箱密封防潮收纳箱鱼胶花胶虫草药材食品密封箱,"{""产地"": [""中国大陆""], ""净重"": [""3kg""], ""品牌"": [""嘉宝""], ""型号"": [""8710""], ""容量"": [""13.4L""], ""尺寸"": [""PC透明材质""], ""材质"": [""其他""], ""适用人群"": [""大众""], ""适用空间"": [""桌面""], ""颜色分类"": [""小号13.4L【红色扣】"", ""中号21.8L【透明扣】"", ""普洱茶饼盒"", ""大号34.5L【红色扣】"", ""小号13.4L【透明扣】"", ""大号34.5L【透色扣】"", ""中号21.8L【红色扣】""], ""风格"": [""北欧风格""]}",data/images/week1_v3/622298798961.webp,ecb08f1c549e31f17986d6a348d58d1fa4dde7821d422a68e29f3efda3a82a25,data/processed/week1_v3/multimodal/validation.jsonl,dd2bc1d6c21567176d95f5414bfd9304f48979b3bb39ab0b038627b1f346af0b
week2_rag_fact_quality_audit_v1,validation,yes,622433254974,家居日用,拖把,PASS,none,本轮未发现标题、结构化属性与主图之间的明显冲突；不等同于外部商品真值确认。,,新疆包邮懒人拖把家用免手洗平板一次性静电除尘纸一拖净神器地布,"{""品牌"": [""泽熙""], ""型号"": [""WT1114001""], ""尘推类型"": [""布套式""], ""电源方式"": [""手动""], ""适用空间"": [""客厅""], ""颜色分类"": [""静电拖把+4包除尘纸+2包湿巾"", ""静电除尘平板拖把(需搭配除尘纸"", ""静电拖把+5包除尘纸+5包湿巾"", ""静电拖把+3包除尘纸+3包湿巾"", ""静电拖把+5包除尘纸+1包湿巾"", ""静电拖把+2包除尘纸+4包湿巾"", ""静电拖把+2包除尘纸+2包湿巾"", ""静电拖把+1包除尘纸+5包湿巾""]}",data/images/week1_v3/622433254974.webp,b707be323762dff29ac8d3c8ee6e0da96f5f7089065839002ccd3fe133d26a72,data/processed/week1_v3/multimodal/validation.jsonl,dd2bc1d6c21567176d95f5414bfd9304f48979b3bb39ab0b038627b1f346af0b
week2_rag_fact_quality_audit_v1,validation,yes,622494812796,家居日用,收纳箱,PASS,none,本轮未发现标题、结构化属性与主图之间的明显冲突；不等同于外部商品真值确认。,,日本天马株式会社手提收纳箱塑料工具箱画箱首饰针线盒杂物零件盒,"{""产地"": [""日本""], ""净重"": [""1kg""], ""品牌"": [""Tenma""], ""国家/地区"": [""日本""], ""尺寸"": [""单个""], ""是否手工"": [""否""], ""材质"": [""塑料""], ""洲"": [""亚洲""], ""流行元素"": [""纯色""], ""货号"": [""1372""], ""适用人群"": [""大众""], ""适用对象"": [""卫生棉/卫生巾"", ""遥控器"", ""化妆用品/首饰"", ""磁卡"", ""其他"", ""耳机线/电线""], ""颜色分类"": [""M-白"", ""L--黄"", ""Trunk-红色"", ""L--蓝"", ""M-红"", ""m-黄"", ""Trunk-蓝色"", ""Trunk-黄色"", ""L-白"", ""Trunk-白色"", ""M-蓝"", ""L--红""], ""风格"": [""日式""]}",data/images/week1_v3/622494812796.webp,ff14ec8f1f3c30b3a915c2fc9df9c99f9ec713f25553eec75b418f89bc977dca,data/processed/week1_v3/multimodal/validation.jsonl,dd2bc1d6c21567176d95f5414bfd9304f48979b3bb39ab0b038627b1f346af0b
week2_rag_fact_quality_audit_v1,validation,yes,622990752649,家居日用,保温杯,PASS,none,本轮未发现标题、结构化属性与主图之间的明显冲突；不等同于外部商品真值确认。,,希乐真空不锈钢保温杯男女便携大容量带水杯学生水壶杯子定制刻字,"{""主图来源"": [""自主实拍图""], ""产地"": [""中国大陆""], ""保温性能描述"": [""24小时≥37°C""], ""保温时长"": [""12小时(含)-24小时(不含)""], ""品牌"": [""希乐""], ""型号"": [""DS-070""], ""容量"": [""401mL(含)-500mL(含)""], ""是否带吸管"": [""否""], ""材质"": [""304不锈钢""], ""杯子容量值"": [""500ml""], ""杯子样式"": [""子弹头型""], ""流行元素"": [""纯色""], ""适用人群"": [""大众""], ""适用场景"": [""日常送礼""], ""适用空间"": [""户外""], ""颜色分类"": [""咖啡色"", ""红色"", ""粉色"", ""米色"", ""黑色""], ""风格"": [""韩式""]}",data/images/week1_v3/622990752649.webp,855ad24a1888f48e16fbe18bf21ebdaf983b0d6d3ffedf5bdc518a82023b06e3,data/processed/week1_v3/multimodal/validation.jsonl,dd2bc1d6c21567176d95f5414bfd9304f48979b3bb39ab0b038627b1f346af0b
week2_rag_fact_quality_audit_v1,validation,yes,623350125420,家居日用,垃圾桶,PASS,none,本轮未发现标题、结构化属性与主图之间的明显冲突；不等同于外部商品真值确认。,,脚踏式圆形厨房垃圾桶定翻盖办公室卫生间家用不锈钢客厅脚踩有盖,"{""品牌"": [""皓冠""], ""垃圾桶类型"": [""脚踏式""], ""外壳材质"": [""不锈钢""], ""容量"": [""12L""], ""开合方式"": [""脚踏式""], ""形状"": [""圆桶形""], ""货号"": [""SK系列""], ""适用场景"": [""家庭使用""], ""颜色分类"": [""SK-钛黑色5L"", ""SK-不锈钢5L"", ""SK-不锈钢8L"", ""SK-优雅白10L"", ""SK-不锈钢7L"", ""SK-优雅白12L"", ""SK-玫瑰金8L"", ""SK-香槟金7L"", ""SK-香槟金5L"", ""SK-优雅白8L"", ""SK-玫瑰金10L"", ""SK-玫瑰金12L"", ""SK-优雅白5L"", ""SK-钛黑色8L"", ""SK-香槟金10L"", ""SK-不锈钢12L"", ""SK-钛黑色7L"", ""SK-玫瑰金7L"", ""SK-钛黑色10L"", ""SK-钛黑色12L"", ""SK-优雅白7L"", ""SK-不锈钢10L"", ""SK-香槟金12L"", ""SK-香槟金8L""]}",data/images/week1_v3/623350125420.webp,e9ddbe1d6441a4f77650636596207918a82fc7e09d7a1aa823c087d537becc3a,data/processed/week1_v3/multimodal/validation.jsonl,dd2bc1d6c21567176d95f5414bfd9304f48979b3bb39ab0b038627b1f346af0b
week2_rag_fact_quality_audit_v1,validation,yes,623600716657,家居日用,保温杯,PASS,none,本轮未发现标题、结构化属性与主图之间的明显冲突；不等同于外部商品真值确认。,,创意成人商务保温杯男女办公室泡茶喝水杯便携大容量茶水分离杯子,"{""主图来源"": [""自主实拍图""], ""产地"": [""中国大陆""], ""保温产品"": [""保温杯""], ""保温性能描述"": [""6小时左右""], ""保温时长"": [""6小时(含)-12小时(不含)""], ""品牌"": [""其他/other""], ""型号"": [""(9D3)""], ""容量"": [""401mL(含)-500mL(含)""], ""材质"": [""304不锈钢""], ""杯子容量值"": [""500ml""], ""杯子样式"": [""直身杯""], ""流行元素"": [""小清新""], ""适用人群"": [""大众""], ""适用场景"": [""日常送礼""], ""适用空间"": [""户外""], ""颜色分类"": [""幻影黑400ml"", ""本色400ML"", ""粉色 400ml"", ""金色 400ML""], ""风格"": [""韩式""]}",data/images/week1_v3/623600716657.webp,0b44e5a5efee1889c3a6b8ef896286b6f8949f37853eb09d5e80b0eadd6c8de3,data/processed/week1_v3/multimodal/validation.jsonl,dd2bc1d6c21567176d95f5414bfd9304f48979b3bb39ab0b038627b1f346af0b
week2_rag_fact_quality_audit_v1,validation,yes,624000064339,家居日用,拖把,CONFLICT,brand_title_attribute_conflict,标题品牌为澳美森，结构化品牌为蜀丽康，主图不能判定哪一方正确。,品牌,澳美森拖把胶棉拖把头吸水家用卫生间海绵墩布对折挤水免手洗地拖,"{""品牌"": [""蜀丽康""], ""国家/地区"": [""新加坡""], ""型号"": [""db2020216380797""], ""拖布材质"": [""PVA胶棉""], ""拖把杆的承重"": [""10KG以上""], ""挤水方式"": [""对折式""], ""杆材质"": [""不锈钢""], ""洲"": [""亚洲""], ""耐腐蚀度"": [""10级""], ""胶棉头的软化速度"": [""30秒(含)-60秒(不含)""], ""脱水率"": [""80%(含)-90%(不含)""], ""适用空间"": [""厨房""], ""颜色分类"": [""粉红色"", ""桔色"", ""天蓝色"", ""军绿色"", ""黄色"", ""巧克力色"", ""宽口残次品6只拖把头 不影响使用【 通用装""]}",data/images/week1_v3/624000064339.webp,531af7765a1af76cbb6ca593270d6bc8ddaf4f4f9162968952469cbbe7c58412,data/processed/week1_v3/multimodal/validation.jsonl,dd2bc1d6c21567176d95f5414bfd9304f48979b3bb39ab0b038627b1f346af0b
week2_rag_fact_quality_audit_v1,validation,yes,624045706761,3C数码,鼠标,PASS,none,本轮未发现标题、结构化属性与主图之间的明显冲突；不等同于外部商品真值确认。,,英菲克M602游戏充电无线鼠标静音无声发光lol机械电竞办公联想电脑家用cf穿越火线吃鸡宏台式笔记本专用无限,"{""上市时间"": [""2020-07-25""], ""保修期"": [""12个月""], ""光学分辨率"": [""1600dpi""], ""品牌"": [""inphic/英菲克""], ""售后服务"": [""店铺三包""], ""型号"": [""M.602""], ""套餐类型"": [""官方标配""], ""工作方式"": [""光电""], ""成色"": [""全新""], ""按键数"": [""6个""], ""无线技术"": [""2.4GHz""], ""无线距离"": [""10m""], ""是否支持人体工程学"": [""支持""], ""是否盒装正品"": [""是""], ""滚轮数"": [""1个""], ""生产企业"": [""深圳市海克威数码科技有线公司""], ""电源方式"": [""自带充电""], ""颜色分类"": [""【王者星云-M601】【无线静音可充电鼠标】"", ""【机械酷黑-M602】【无线静音可充电鼠标】""]}",data/images/week1_v3/624045706761.webp,57c56cee6a9a9c192165920a0c32aa4f54119aa445fd334da4bb432ac921c00a,data/processed/week1_v3/multimodal/validation.jsonl,dd2bc1d6c21567176d95f5414bfd9304f48979b3bb39ab0b038627b1f346af0b
week2_rag_fact_quality_audit_v1,validation,yes,624381044177,家居日用,收纳箱,PASS,none,本轮未发现标题、结构化属性与主图之间的明显冲突；不等同于外部商品真值确认。,,布艺收纳箱抽屉式衣服衣橱家用储物柜子内衣衣物整理箱衣柜收纳盒,"{""净重"": [""0.5kg""], ""品牌"": [""乐活旅行""], ""型号"": [""抽屉收纳箱""], ""尺寸"": [""50*40*30 cm"", ""45*35*23 cm"", ""32cmx22cmx16cm"", ""小号"", ""中号""], ""材质"": [""其他""], ""货号"": [""LH202004282001""], ""颜色分类"": [""桔色"", ""巧克力色"", ""深灰色"", ""军绿色"", ""浅灰色"", ""天蓝色"", ""深紫色"", ""浅绿色"", ""浅黄色"", ""深卡其布色""]}",data/images/week1_v3/624381044177.webp,841957ef51b5e0f31c9a4af3bda55a926d5108928a29d917c7631a8d358f1df6,data/processed/week1_v3/multimodal/validation.jsonl,dd2bc1d6c21567176d95f5414bfd9304f48979b3bb39ab0b038627b1f346af0b
week2_rag_fact_quality_audit_v1,validation,yes,625309591565,家居日用,收纳箱,PASS,none,本轮未发现标题、结构化属性与主图之间的明显冲突；不等同于外部商品真值确认。,,居家家布艺收纳箱家用衣柜衣物衣服整理箱神器杂物玩具盒子储物箱,"{""产地"": [""中国大陆""], ""净重"": [""1.19KG""], ""品牌"": [""居家家""], ""型号"": [""wd5422""], ""容量"": [""66L""], ""尺寸"": [""如图""], ""是否手工"": [""否""], ""材质"": [""其他""], ""流行元素"": [""小清新""], ""货号"": [""wd5422""], ""适用人群"": [""大众""], ""适用对象"": [""被子"", ""其他"", ""内衣"", ""毛衣"", ""包包""], ""适用空间"": [""衣橱/衣帽间""], ""颜色分类"": [""天蓝"", ""藏青"", ""浅绿"", ""浅灰"", ""深灰""], ""风格"": [""北欧风格""]}",data/images/week1_v3/625309591565.webp,1b11c3c8e95e79698efc558792a6e8b4465e68d6c761eea5642b695daac8262b,data/processed/week1_v3/multimodal/validation.jsonl,dd2bc1d6c21567176d95f5414bfd9304f48979b3bb39ab0b038627b1f346af0b
week2_rag_fact_quality_audit_v1,test100,no_attribution_only,522783084872,3C数码,移动电源,REVIEW,capacity_claim_plausibility,结构化容量为5400mAh，型号含20000M，主图宣称可充手机10次；需外部规格核实。,型号|电池容量,可爱女生卡通超萌苹果vivo华为oppo手机通用充电宝迷你毫安大容量移动电源超薄小巧便携快充创意大容量,"{""充电协议"": [""其他""], ""品牌"": [""HANDIC/汉尼""], ""型号"": [""M-20000M""], ""外壳材质"": [""塑料""], ""尺寸"": [""80x80x16mm""], ""生产企业"": [""深圳市东方天悦电子科技有限公司""], ""电池容量"": [""5400mAh""], ""电池类型"": [""锂电池""], ""电芯类型"": [""圆柱状铝壳""], ""附加功能"": [""多U口输出""], ""颜色分类"": [""爱心喵"", ""呆萌熊"", ""小羊驼"", ""骑士黑."", ""胖胖兔"", ""小可爱"", ""蓝猫咪"", ""小猴子"", ""粉猫咪"", ""瞌睡狗"", ""小熊猫"", ""当当猫"", ""叮叮猫"", ""情侣猫"", ""精灵兔""]}",data/images/week1_v3/522783084872.webp,7de66d94bdd2827b400d077485e0c0872ce41794b34db6a629ce4eae5d264dfe,data/processed/week1_v3/generation_evaluation_samples.jsonl,ce057356a9a0c48e4298daac545fafb0c83ad07ae2f74f1b1211c834b048a557
week2_rag_fact_quality_audit_v1,test100,no_attribution_only,562615192976,3C数码,移动电源,PASS,none,本轮未发现标题、结构化属性与主图之间的明显冲突；不等同于外部商品真值确认。,,充电打火机移动电源个性男送生日USB多功能电子电弧点烟器充电宝,"{""充电协议"": [""PE2.0""], ""品牌"": [""非尼摩鼠""], ""型号"": [""H15B""], ""外壳材质"": [""塑料""], ""尺寸"": [""86x44x24mm""], ""是否带充电插头"": [""否""], ""是否带屏幕"": [""不带屏幕""], ""是否带数据线"": [""否""], ""是否支持无线充电"": [""否""], ""智能类型"": [""其他智能""], ""最大输出功率"": [""18W""], ""电池容量"": [""1500MAH""], ""电池类型"": [""锂离子电池""], ""电芯类型"": [""圆柱状铝壳""], ""附加功能"": [""带LED手电""], ""颜色分类"": [""双电弧H15B黑色""]}",data/images/week1_v3/562615192976.jpg,ac588b49f30efa8ffbbc60caf34881d5cdfc8fda9deadeab4b07efda7f9443b7,data/processed/week1_v3/generation_evaluation_samples.jsonl,ce057356a9a0c48e4298daac545fafb0c83ad07ae2f74f1b1211c834b048a557
week2_rag_fact_quality_audit_v1,test100,no_attribution_only,583014299804,3C数码,移动电源,CONFLICT,model_attribute_conflict,标题、主图和其他属性均为移动电源，结构化“型号”却为“键盘”。,型号,AQL 新款玻璃充电宝8000毫安创意苹果安卓通用移动电源轻薄便携,"{""品牌"": [""雅奇乐(电池)""], ""型号"": [""键盘""], ""外壳材质"": [""其他""], ""尺寸"": [""105x65x13mm""], ""智能类型"": [""其他智能""], ""电池容量"": [""8000mAh""], ""电池类型"": [""锂聚合物电池""], ""电芯类型"": [""软包""], ""附加功能"": [""多U口输出"", ""带插头"", ""液晶显示""], ""颜色分类"": [""简约黑色键盘玻璃充电宝"", ""简约白色键盘玻璃充电宝"", ""电脑白色键盘玻璃充电宝""]}",data/images/week1_v3/583014299804.webp,29287deea1e3b498a0c4a418596e95a523cecf4e6855c8e454287a9b6786b0ad,data/processed/week1_v3/generation_evaluation_samples.jsonl,ce057356a9a0c48e4298daac545fafb0c83ad07ae2f74f1b1211c834b048a557
week2_rag_fact_quality_audit_v1,test100,no_attribution_only,587556959797,3C数码,移动电源,PASS,none,本轮未发现标题、结构化属性与主图之间的明显冲突；不等同于外部商品真值确认。,,鹿途充电宝超薄 小巧 便携 迷你充电宝苹果专用手机充电宝自带线,"{""充电协议"": [""BC1.2"", ""其他"", ""DCP""], ""品牌"": [""Luxtude""], ""型号"": [""Et50L""], ""外壳材质"": [""合金""], ""尺寸"": [""138x68x8mm""], ""最大输出功率"": [""12W""], ""生产企业"": [""东莞市太业电子股份有限公司""], ""电池容量"": [""5000mAh""], ""电池类型"": [""锂聚合物电池""], ""电芯类型"": [""方形铝壳""], ""附加功能"": [""支持快充""], ""颜色分类"": [""【个性化定制】下单前请先联系客服"", ""【苹果Lightning版本】玫瑰金"", ""【苹果Lightning版本】黑色"", ""【苹果Lightning版本】银色""]}",data/images/week1_v3/587556959797.webp,23ae13e046a3129370a238db040ccdba9503a7d2cd57e727b800318f719abd9e,data/processed/week1_v3/generation_evaluation_samples.jsonl,ce057356a9a0c48e4298daac545fafb0c83ad07ae2f74f1b1211c834b048a557
week2_rag_fact_quality_audit_v1,test100,no_attribution_only,589508217209,3C数码,移动电源,CONFLICT,capacity_title_image_attribute_conflict,标题包含 1000000/80000 容量宣称、主图写 1000000M，结构化电池容量为 3000mAh。,电池容量,超大容量充电宝1000000毫安通用vivo华为oppo快充移动电源80000,"{""充电协议"": [""其他""], ""品牌"": [""other/其他""], ""型号"": [""others""], ""外壳材质"": [""合金""], ""尺寸"": [""138x62x22mm""], ""电池容量"": [""3000mAh""], ""电池类型"": [""锂聚合物电池""], ""电芯类型"": [""软包""], ""附加功能"": [""液晶显示""], ""颜色分类"": [""尊贵黑【进口电芯】8 万+大礼包"", ""土豪金【进口电芯】8 万+大礼包"", ""土豪金【进口电芯】10 万+大礼包"", ""玫瑰金【进口电芯】10 万+大礼包"", ""中国红【进口电芯】10 万+大礼包"", ""尊贵黑【进口电芯】10 万+大礼包"", ""玫瑰金【进口电芯】8 万+大礼包"", ""中国红【进口电芯】8 万+大礼包""]}",data/images/week1_v3/589508217209.webp,3cca93efad79c39c11f51ad0b516b48130818e587c430ae7d51847f9b2883553,data/processed/week1_v3/generation_evaluation_samples.jsonl,ce057356a9a0c48e4298daac545fafb0c83ad07ae2f74f1b1211c834b048a557
week2_rag_fact_quality_audit_v1,test100,no_attribution_only,590175217614,3C数码,移动电源,PASS,none,本轮未发现标题、结构化属性与主图之间的明显冲突；不等同于外部商品真值确认。,,ROMOSS/罗马仕 30000m毫安充电宝大容量8p 手机电充宝快充 闪充移动电源旗舰店官方旗舰七千猫舰旗超大量式士,"{""充电协议"": [""QC2.0""], ""品牌"": [""ROMOSS/罗马仕""], ""型号"": [""sense 8P""], ""外壳材质"": [""塑料""], ""尺寸"": [""167x81x33mm""], ""生产企业"": [""深圳市罗马仕科技有限公司""], ""电池容量"": [""30000mAh""], ""电池类型"": [""锂聚合物电池""], ""电芯类型"": [""软包""], ""颜色分类"": [""标准版 白色"", ""快充版 白色""]}",data/images/week1_v3/590175217614.webp,fea1e1bafbd379769db7b1ce1634961d2b2515d4673c8b626a1e28077bfcc821,data/processed/week1_v3/generation_evaluation_samples.jsonl,ce057356a9a0c48e4298daac545fafb0c83ad07ae2f74f1b1211c834b048a557
week2_rag_fact_quality_audit_v1,test100,no_attribution_only,609861568866,3C数码,移动电源,PASS,none,本轮未发现标题、结构化属性与主图之间的明显冲突；不等同于外部商品真值确认。,,热销迷你便携式单节2600圆柱手机移动电源 口红充电宝生日节日礼,"{""品牌"": [""中性""], ""型号"": [""圆柱形""], ""外壳材质"": [""合金""], ""尺寸"": [""22x22x92mm""], ""智能类型"": [""不支持智能""], ""电池容量"": [""2600MAH""], ""电池类型"": [""锂离子电池""], ""电芯类型"": [""圆柱状铝壳""], ""颜色分类"": [""蓝色"", ""红色"", ""玫红色"", ""银色"", ""金色"", ""绿色"", ""黑色""]}",data/images/week1_v3/609861568866.webp,2e7419cc64a2ca2730536a7fbdc1b1193e34e583fac0c290eec3bfa8d81d2b9f,data/processed/week1_v3/generation_evaluation_samples.jsonl,ce057356a9a0c48e4298daac545fafb0c83ad07ae2f74f1b1211c834b048a557
week2_rag_fact_quality_audit_v1,test100,no_attribution_only,609923870759,3C数码,移动电源,PASS,none,本轮未发现标题、结构化属性与主图之间的明显冲突；不等同于外部商品真值确认。,,金属独角兽充电宝超薄小巧便携创意迷你苹果华为专用通用移动电源,"{""品牌"": [""雅奇乐(电池)""], ""型号"": [""Q5""], ""尺寸"": [""123x65x6mm""], ""智能类型"": [""不支持智能""], ""电池容量"": [""8000mAh""], ""电池类型"": [""锂聚合物电池""], ""电芯类型"": [""软包""], ""颜色分类"": [""粉底横屏独角兽超薄充电宝"", ""粉底墨镜独角兽超薄充电宝"", ""彩底星星独角兽超薄充电宝"", ""白底彩虹独角兽超薄充电宝"", ""蓝底耳机独角兽超薄充电宝"", ""蓝底横屏独角兽超薄充电宝"", ""粉底unicom独角兽超薄充电宝"", ""紫底unicom独角兽超薄充电宝""]}",data/images/week1_v3/609923870759.webp,ec2d1ae214a587d867742cc9a04871b2b3cfb8ce71c9d7aa05cc904c2d924e0a,data/processed/week1_v3/generation_evaluation_samples.jsonl,ce057356a9a0c48e4298daac545fafb0c83ad07ae2f74f1b1211c834b048a557
week2_rag_fact_quality_audit_v1,test100,no_attribution_only,610605050479,3C数码,移动电源,PASS,none,本轮未发现标题、结构化属性与主图之间的明显冲突；不等同于外部商品真值确认。,,品胜充电宝自带线三合一10000毫安迷你小巧苹果移动电源华为正品,"{""品牌"": [""Pisen/品胜""], ""品胜型号"": [""D75""], ""外壳材质"": [""合金""], ""尺寸"": [""87x87x15mm""], ""智能类型"": [""其他智能""], ""生产企业"": [""广东品胜电子股份有限公司""], ""电池容量"": [""10000mAh""], ""电池类型"": [""锂聚合物电池""], ""电芯类型"": [""方形铝壳""], ""附加功能"": [""多U口输出"", ""支持快充"", ""液晶显示""], ""颜色分类"": [""半屏自带线10000毫安【魔幻黑】D71"", ""半屏自带线10000毫安【玫瑰金】D71"", ""半屏10000毫安【中国红】D75"", ""半屏10000毫安【玫瑰金】D75"", ""半屏自带线10000毫安【中国红】D71"", ""半屏10000毫安【魔幻黑】D75""]}",data/images/week1_v3/610605050479.webp,4734682dfd4bd1c360a3fa741a15d87e3e536d7f8e8195b557765b3fe6a6cb9b,data/processed/week1_v3/generation_evaluation_samples.jsonl,ce057356a9a0c48e4298daac545fafb0c83ad07ae2f74f1b1211c834b048a557
week2_rag_fact_quality_audit_v1,test100,no_attribution_only,616413073658,3C数码,移动电源,PASS,none,本轮未发现标题、结构化属性与主图之间的明显冲突；不等同于外部商品真值确认。,,充电宝个性搞怪炸迷你轻薄便携小巧很萌个性女款圆形镜面数显通用,"{""充电协议"": [""pd2.0""], ""品牌"": [""other/其他""], ""型号"": [""J947977""], ""外壳材质"": [""塑料""], ""尺寸"": [""91x91x22mm""], ""智能类型"": [""其他智能""], ""电池容量"": [""10000mAh""], ""电池类型"": [""锂离子电池""], ""电芯类型"": [""软包""], ""附加功能"": [""支持快充"", ""液晶显示""], ""颜色分类"": [""神秘黑【钟意款】-080"", ""神秘黑-9DH"", ""中国红-11A"", ""薄荷绿【钟意款】-XH1"", ""高贵蓝-8FH"", ""樱花粉【钟意款】-W14"", ""象牙白【钟意款】-76N""]}",data/images/week1_v3/616413073658.webp,33668e736aa53cf34d559d4528c22dcd743388f7e927610e7ba711276e08d9dd,data/processed/week1_v3/generation_evaluation_samples.jsonl,ce057356a9a0c48e4298daac545fafb0c83ad07ae2f74f1b1211c834b048a557
week2_rag_fact_quality_audit_v1,test100,no_attribution_only,621846828786,3C数码,移动电源,REVIEW,station_product_boundary,商品为14口共享充电机柜，结构化容量可能对应柜内单个电源，需区分机柜与电源。,category_l2|电池容量|型号,共享充电宝自助商用立体式机柜移动电源带广告屏幕现货原创品牌,"{""充电协议"": [""BC1.2""], ""品牌"": [""倍电""], ""型号"": [""14口机柜带广告屏幕""], ""外壳材质"": [""塑料""], ""尺寸"": [""425x450x144mm""], ""是否带充电插头"": [""是""], ""是否带屏幕"": [""带屏幕""], ""是否带数据线"": [""是""], ""是否支持无线充电"": [""否""], ""智能类型"": [""其他智能""], ""电池容量"": [""5100mah""], ""电池类型"": [""锂离子电池""], ""电芯类型"": [""圆柱状铝壳""], ""附加功能"": [""支持快充"", ""多U口输出"", ""带插头""], ""颜色分类"": [""黄绿相间"", ""绿色"", ""荧光绿""]}",data/images/week1_v3/621846828786.webp,7770f5891ab2aedf52878d2c947e639578b5aa3c61bd77bc9810183417dc77c3,data/processed/week1_v3/generation_evaluation_samples.jsonl,ce057356a9a0c48e4298daac545fafb0c83ad07ae2f74f1b1211c834b048a557
week2_rag_fact_quality_audit_v1,test100,no_attribution_only,624105227976,3C数码,移动电源,PASS,none,本轮未发现标题、结构化属性与主图之间的明显冲突；不等同于外部商品真值确认。,,乔威10050mAh大容量充电宝迷你便携小巧移动电源支持闪充超级快充,"{""充电协议"": [""QC3.0"", ""PE3.0"", ""PD3.0""], ""品牌"": [""乔威""], ""型号"": [""JP90/199/221/213""], ""外壳材质"": [""合金""], ""尺寸"": [""97x62x22mm""], ""是否带屏幕"": [""带屏幕""], ""是否带数据线"": [""是""], ""是否支持无线充电"": [""否""], ""是否支持磁吸充电"": [""否""], ""智能类型"": [""其他智能""], ""最大输出功率"": [""22.5W""], ""电池容量"": [""10050mah""], ""电池类型"": [""锂聚合物电池""], ""电芯类型"": [""软包""], ""附加功能"": [""支持快充""], ""颜色分类"": [""电源产品一年包换"", ""JP213 22.5w双向快充深空灰"", ""JP213 22.5w双向快充午夜蓝"", ""JP221 18w双向快充黑色"", ""JP199 18w双向快充黑色"", ""JP90灰色"", ""JP213 22.5w双向快充暗夜绿"", ""JP221 18w双向快充绿色"", ""JP221 18w双向快充白色"", ""JP199 18w双向快充白色""]}",data/images/week1_v3/624105227976.webp,bd80439c8899b00dfd87069affb361e0ee15ad19a08043c0780b43b122aa275c,data/processed/week1_v3/generation_evaluation_samples.jsonl,ce057356a9a0c48e4298daac545fafb0c83ad07ae2f74f1b1211c834b048a557
week2_rag_fact_quality_audit_v1,test100,no_attribution_only,556245210015,3C数码,耳机,PASS,none,本轮未发现标题、结构化属性与主图之间的明显冲突；不等同于外部商品真值确认。,,忆动2米台式电脑语音K歌吃鸡运动入耳式耳机带麦重低音直播耳塞,"{""佩戴方式"": [""入耳式""], ""兼容平台"": [""ANDROID"", ""WindowsMobile"", ""iOS""], ""品牌"": [""EARDO/忆动""], ""售后服务"": [""店铺三包""], ""型号"": [""E01-2""], ""套餐类型"": [""官方标配""], ""插头直径"": [""3.5mm""], ""是否无线"": [""有线""], ""是否有麦克风"": [""有""], ""是否线控"": [""是""], ""灵敏度"": [""100dB/mW""], ""线长"": [""2米""], ""耳机与播放设备连接方式"": [""有线连接""], ""耳机发声原理"": [""动圈""], ""耳机左右腔体间连接方式"": [""有线连接""], ""耳机插头类型"": [""直插""], ""耳机类别"": [""游戏耳机"", ""手机线控耳机""], ""耳机输出音源"": [""PC电脑""], ""适用音乐类型"": [""摇滚金属重低音类型""], ""阻抗"": [""16Ω""], ""频响范围"": [""20-20000Hz""], ""颜色分类"": [""2米红色电脑语音(耳+转)"", ""1.2米红色带麦手机通用"", ""1.2米枪色带麦手机通用"", ""2米红色带麦线控手机通用""]}",data/images/week1_v3/556245210015.webp,1850069ef8603a7958a7de18376a7835c16348fb5cadf3c14c0d8df9f021139f,data/processed/week1_v3/generation_evaluation_samples.jsonl,ce057356a9a0c48e4298daac545fafb0c83ad07ae2f74f1b1211c834b048a557
week2_rag_fact_quality_audit_v1,test100,no_attribution_only,565706870969,3C数码,耳机,PASS,none,本轮未发现标题、结构化属性与主图之间的明显冲突；不等同于外部商品真值确认。,,Remax/睿量 RB-T20不入耳蓝牙耳机骨传导挂耳式无线迷你超小开车可接听电话苹果vivo华为oppo小米通用耳挂式,"{""传输半径"": [""10m""], ""佩戴方式"": [""挂耳式""], ""保修期"": [""12个月""], ""功能"": [""通话功能""], ""品牌"": [""Remax/睿量""], ""型号"": [""RB-T20""], ""声道"": [""1""], ""套餐类型"": [""官方标配""], ""待机时间"": [""7天""], ""是否单双耳"": [""单边免提""], ""材质"": [""pc材质""], ""生产企业"": [""深圳市睿禾科技有限公司""], ""蓝牙版本"": [""4.1""], ""颜色分类"": [""【科技银】舒适佩戴☆真无痛☆无耳塞"", ""【宝石蓝】舒适佩戴☆真无痛☆无耳塞"", ""【炫酷黑】舒适佩戴☆真无痛☆无耳塞"", ""【魅动红】舒适佩戴☆真无痛☆无耳塞""]}",data/images/week1_v3/565706870969.webp,192e10439dfbe00783296e050245506fc02b1eabd2b79ae9907ce1244659cd5e,data/processed/week1_v3/generation_evaluation_samples.jsonl,ce057356a9a0c48e4298daac545fafb0c83ad07ae2f74f1b1211c834b048a557
week2_rag_fact_quality_audit_v1,test100,no_attribution_only,588442419126,3C数码,耳机,PASS,none,本轮未发现标题、结构化属性与主图之间的明显冲突；不等同于外部商品真值确认。,,DACOM Athlete+洗澡运动蓝牙耳机骑行重低大音量跑步音乐听歌耳塞,"{""上市时间"": [""2018-10-16""], ""产地"": [""中国大陆""], ""传输半径"": [""10m""], ""佩戴方式"": [""挂耳式""], ""功能"": [""支持音乐""], ""品牌"": [""DACOM""], ""售后服务"": [""店铺三包""], ""地市"": [""深圳市""], ""型号"": [""Athlete+""], ""声道"": [""2""], ""套餐类型"": [""官方标配""], ""待机时间"": [""10天""], ""是否单双耳"": [""双边立体声""], ""智能类型"": [""不支持智能""], ""省份"": [""广东省""], ""耳机与播放设备连接方式"": [""蓝牙连接""], ""耳机左右腔体间连接方式"": [""有线连接""], ""耳机类别"": [""真无线耳机""], ""蓝牙版本"": [""5.0""], ""防尘性能"": [""IP5X""], ""防水性能"": [""IPX7""], ""颜色分类"": [""官方标配【黑色】"", ""官方标配【红色】""]}",data/images/week1_v3/588442419126.webp,e4223e35848dac4bcf354d54a2ed9eb4cd589237e4df22a38c68021488f06050,data/processed/week1_v3/generation_evaluation_samples.jsonl,ce057356a9a0c48e4298daac545fafb0c83ad07ae2f74f1b1211c834b048a557
week2_rag_fact_quality_audit_v1,test100,no_attribution_only,598781167153,3C数码,耳机,PASS,none,本轮未发现标题、结构化属性与主图之间的明显冲突；不等同于外部商品真值确认。,,SIVGA/斯唯嘉SM001耳机入耳式耳麦HiFi发烧高音质电脑可拆卸换线,"{""佩戴方式"": [""入耳式""], ""品牌"": [""SIVGA""], ""售后服务"": [""店铺三包""], ""型号"": [""SM001""], ""套餐类型"": [""官方标配""], ""插头直径"": [""3.5mm""], ""是否无线"": [""有线""], ""是否有麦克风"": [""有""], ""是否线控"": [""是""], ""灵敏度"": [""105dB/mW""], ""线长"": [""1.2m""], ""耳机与播放设备连接方式"": [""有线连接""], ""耳机左右腔体间连接方式"": [""有线连接""], ""耳机插头类型"": [""其他""], ""耳机类别"": [""智能耳机"", ""监听耳机"", ""HIFI耳机""], ""频响范围"": [""20-2000Hz""], ""颜色分类"": [""枪色"", ""银色"", ""花梨木"", ""红色""]}",data/images/week1_v3/598781167153.webp,2ca8ad65123bbfbc8175fcc611f4f5c34f16b37f6bff0987a3ad51f8499e201c,data/processed/week1_v3/generation_evaluation_samples.jsonl,ce057356a9a0c48e4298daac545fafb0c83ad07ae2f74f1b1211c834b048a557
week2_rag_fact_quality_audit_v1,test100,no_attribution_only,600661711292,3C数码,耳机,REVIEW,image_not_decisive,主图只展示联名包装盒，未清楚展示耳机本体，无法用图片核实标题和属性。,型号|佩戴方式|连接方式,Edifier/漫步者 W281BT颈挂蓝牙耳机双耳无线挂脖式漫威联名款钢铁侠美国队长周边纪念款复仇者联盟带智能app,"{""上市时间"": [""2019-07-19""], ""产地"": [""中国大陆""], ""传输半径"": [""10m""], ""佩戴方式"": [""入耳式""], ""保修期"": [""12个月""], ""功能"": [""通话功能""], ""品牌"": [""Edifier/漫步者""], ""型号"": [""W281BT颈挂式""], ""声道"": [""2""], ""套餐类型"": [""官方标配""], ""是否单双耳"": [""双边立体声""], ""智能类型"": [""不支持智能""], ""材质"": [""塑料""], ""生产企业"": [""东莞市漫步者科技有限公司""], ""耳机与播放设备连接方式"": [""蓝牙连接""], ""耳机左右腔体间连接方式"": [""有线连接""], ""耳机类别"": [""智能耳机""], ""蓝牙版本"": [""5.0""], ""防水性能"": [""IPX4""], ""颜色分类"": [""美队版"", ""钢铁侠版""]}",data/images/week1_v3/600661711292.webp,c9dd0ae99ef7203e852f6a768d3d5c2959f3eeb47aef3bc99f4fa48e0a303dc4,data/processed/week1_v3/generation_evaluation_samples.jsonl,ce057356a9a0c48e4298daac545fafb0c83ad07ae2f74f1b1211c834b048a557
week2_rag_fact_quality_audit_v1,test100,no_attribution_only,603102363927,3C数码,耳机,PASS,none,本轮未发现标题、结构化属性与主图之间的明显冲突；不等同于外部商品真值确认。,,TWS蓝牙耳机无线双耳适用于苹果oppo小米vivo安卓通用女生款可爱,"{""上市时间"": [""2019-09-01""], ""产地"": [""中国大陆""], ""传输半径"": [""10m""], ""佩戴方式"": [""入耳式""], ""功能"": [""支持音乐""], ""品牌"": [""other/其他""], ""地市"": [""深圳市""], ""型号"": [""TW60""], ""声道"": [""2""], ""套餐类型"": [""官方标配""], ""待机时间"": [""6天""], ""是否单双耳"": [""双边立体声""], ""省份"": [""广东省""], ""耳机与播放设备连接方式"": [""蓝牙连接""], ""耳机左右腔体间连接方式"": [""无线连接""], ""耳机类别"": [""真无线耳机""], ""蓝牙版本"": [""5.0""], ""防尘性能"": [""IP6X""], ""防水性能"": [""IPX6""], ""颜色分类"": [""白色+T11带电量数显屏"", ""黑色升级版+仪容镜+官方配"", ""黑色+官方配"", ""粉红色+官方配"", ""粉红色升级版+官方配"", ""黑色+T11带电量数显屏"", ""绿色+官方配"", ""白色+官方配"", ""黄色+官方配"", ""白色升级版+仪容镜+官方配""]}",data/images/week1_v3/603102363927.webp,a1e7764881dd4445eb6ae0b7b25254aa726fdcc0c0ce957fb1805efa8086240e,data/processed/week1_v3/generation_evaluation_samples.jsonl,ce057356a9a0c48e4298daac545fafb0c83ad07ae2f74f1b1211c834b048a557
week2_rag_fact_quality_audit_v1,test100,no_attribution_only,607358884242,3C数码,耳机,PASS,none,本轮未发现标题、结构化属性与主图之间的明显冲突；不等同于外部商品真值确认。,,无线蓝牙耳机头戴式苹果华为耳麦双耳低音折叠便携式安卓手机通用,"{""传输半径"": [""10m""], ""佩戴方式"": [""头戴式""], ""品牌"": [""庞派""], ""型号"": [""P47""], ""套餐类型"": [""官方标配""], ""蓝牙版本"": [""5.0""], ""颜色分类"": [""蓝色【无线+蓝牙+插内存卡+插"", ""红色【无线+蓝牙+插内存卡+插"", ""白色【带线--无蓝牙】无按键"", ""黑色A【蓝牙+插内存卡+插"", ""黑色【带线--无蓝牙】无按键"", ""白色【无线+蓝牙+插内存卡+插"", ""蓝色A【蓝牙+插内存卡+插"", ""白色A【蓝牙+插内存卡+插"", ""绿色【无线+蓝牙+插内存卡+插"", ""红色A【蓝牙+插内存卡+插"", ""绿色A【蓝牙+插内存卡+插"", ""黑色【无线+蓝牙+插内存卡+插""]}",data/images/week1_v3/607358884242.webp,1644b2161b2e0995a6335ef19d3e2f97d8f7c2455ac955ed75465ff52cf96595,data/processed/week1_v3/generation_evaluation_samples.jsonl,ce057356a9a0c48e4298daac545fafb0c83ad07ae2f74f1b1211c834b048a557
week2_rag_fact_quality_audit_v1,test100,no_attribution_only,613735876059,3C数码,耳机,PASS,none,本轮未发现标题、结构化属性与主图之间的明显冲突；不等同于外部商品真值确认。,,飞利浦 SHP2000头戴式立体声音乐耳机电脑重低音监听耳机,"{""产地"": [""中国大陆""], ""佩戴方式"": [""头戴式""], ""兼容平台"": [""ANDROID""], ""功能"": [""听力辅助功能""], ""品牌"": [""Philips/飞利浦""], ""售后服务"": [""全国联保""], ""型号"": [""SHP2000""], ""插头直径"": [""3.5mm""], ""是否无线"": [""有线""], ""是否有麦克风"": [""无""], ""是否线控"": [""是""], ""智能类型"": [""其他智能""], ""灵敏度"": [""106dB/mW""], ""线长"": [""1.2m""], ""耳机与播放设备连接方式"": [""蓝牙连接""], ""耳机发声原理"": [""其他/other""], ""耳机左右腔体间连接方式"": [""有线连接""], ""耳机插头类型"": [""直插""], ""耳机类别"": [""监听耳机"", ""HIFI耳机"", ""普通耳机""], ""耳机输出音源"": [""HiFi""], ""适用音乐类型"": [""通用""], ""防尘性能"": [""不支持防尘""], ""防水性能"": [""不支持防水""], ""阻抗"": [""32Ω""], ""频响范围"": [""12-24000Hz""]}",data/images/week1_v3/613735876059.webp,a3ca1db170f17859b357440f35259d91ab0b8c03e28d72bfe58f8b6e84f5d7b9,data/processed/week1_v3/generation_evaluation_samples.jsonl,ce057356a9a0c48e4298daac545fafb0c83ad07ae2f74f1b1211c834b048a557
week2_rag_fact_quality_audit_v1,test100,no_attribution_only,614533597181,3C数码,耳机,PASS,none,本轮未发现标题、结构化属性与主图之间的明显冲突；不等同于外部商品真值确认。,,SENA塞纳50S蓝牙耳机升级网状对讲2.0摩托车新款k蓝牙耳机头盔用,"{""传输半径"": [""100m""], ""佩戴方式"": [""头戴式""], ""功能"": [""语音控制""], ""品牌"": [""sena(摩托车)""], ""型号"": [""50s""], ""声道"": [""2""], ""套餐类型"": [""官方标配""], ""耳机与播放设备连接方式"": [""蓝牙连接""], ""耳机左右腔体间连接方式"": [""有线连接""], ""耳机类别"": [""主动降噪耳机""], ""蓝牙版本"": [""5.0""], ""防尘性能"": [""IP5X""], ""防水性能"": [""IPX6""], ""颜色分类"": [""50s蓝牙耳机双包"", ""50S底座"", ""50s蓝牙耳机单包""]}",data/images/week1_v3/614533597181.webp,72bcbf1fba28bf14e54d143cc52e6b497c7bc8358aa3549a60ca9283e27e2a7e,data/processed/week1_v3/generation_evaluation_samples.jsonl,ce057356a9a0c48e4298daac545fafb0c83ad07ae2f74f1b1211c834b048a557
week2_rag_fact_quality_audit_v1,test100,no_attribution_only,615386178525,3C数码,耳机,PASS,none,本轮未发现标题、结构化属性与主图之间的明显冲突；不等同于外部商品真值确认。,,漫威联名AirPro真无线5.0蓝牙耳机苹果安卓通用 复仇者联盟正版,"{""产地"": [""中国大陆""], ""传输半径"": [""10m""], ""佩戴方式"": [""入耳式""], ""保修期"": [""12个月""], ""功能"": [""电量显示""], ""品牌"": [""菲尼泰""], ""型号"": [""漫威联名AirPro耳机""], ""声道"": [""2""], ""套餐类型"": [""官方标配""], ""待机时间"": [""5天""], ""是否单双耳"": [""双边立体声""], ""智能类型"": [""其他智能""], ""材质"": [""塑料""], ""生产企业"": [""韵果[天津]科技有限公司""], ""耳机与播放设备连接方式"": [""蓝牙连接""], ""耳机左右腔体间连接方式"": [""无线连接""], ""耳机类别"": [""真无线耳机""], ""蓝牙版本"": [""5.0""], ""防尘性能"": [""IP5X""], ""防水性能"": [""IPX5""], ""颜色分类"": [""惊奇队长"", ""美国队长"", ""蜘蛛侠"", ""黑豹"", ""钢铁侠""]}",data/images/week1_v3/615386178525.webp,c3958968fb39039883b038b783cdc51f3a53217b47406f59fc3c710f57ad99b7,data/processed/week1_v3/generation_evaluation_samples.jsonl,ce057356a9a0c48e4298daac545fafb0c83ad07ae2f74f1b1211c834b048a557
week2_rag_fact_quality_audit_v1,test100,no_attribution_only,621360527079,3C数码,耳机,PASS,none,本轮未发现标题、结构化属性与主图之间的明显冲突；不等同于外部商品真值确认。,,直播加长3米跳舞入耳式监听主播耳机带麦手机电脑声卡线长三米,"{""佩戴方式"": [""耳塞式""], ""兼容平台"": [""ANDROID"", ""iOS""], ""品牌"": [""other/其他""], ""售后服务"": [""店铺三包""], ""型号"": [""3米主播耳机""], ""套餐类型"": [""官方标配""], ""插头直径"": [""3.5mm""], ""是否无线"": [""有线""], ""是否线控"": [""是""], ""灵敏度"": [""30dB/mW""], ""线长"": [""3米""], ""耳机发声原理"": [""动圈""], ""耳机类别"": [""监听耳机""], ""耳机输出音源"": [""通讯设备""], ""适用音乐类型"": [""通用""], ""颜色分类"": [""3米 带麦 黑色+配件+收纳盒"", ""1.5米 带麦 黑色"", ""1.5米 带麦 黑色+配件+收纳盒"", ""3米 带麦 白色+配件+收纳盒"", ""3米 不带麦 黑色"", ""3米 带麦 黑色"", ""1.5米 带麦 红色"", ""3米 带麦 红色+配件+收纳盒"", ""1.5米 带麦 红色+配件+收纳盒"", ""3米 不带麦 白色+配件+收纳盒"", ""1.5米 带麦 白色+配件+收纳盒"", ""1.5米 带麦 白色"", ""3米 不带麦 红色"", ""3米 不带麦 黑色+配件+收纳盒"", ""3米 带麦 白色"", ""3米 不带麦 白色"", ""3米 不带麦 红色+配件+收纳盒"", ""3米 带麦 红色""]}",data/images/week1_v3/621360527079.webp,ffd14603d471eb25c1b7d25da8dbe78d8282f5d21b9c65a922458974806e3eff,data/processed/week1_v3/generation_evaluation_samples.jsonl,ce057356a9a0c48e4298daac545fafb0c83ad07ae2f74f1b1211c834b048a557
week2_rag_fact_quality_audit_v1,test100,no_attribution_only,624110108481,3C数码,耳机,PASS,none,本轮未发现标题、结构化属性与主图之间的明显冲突；不等同于外部商品真值确认。,,陈星无线双耳蓝牙耳机小迷你隐形不入耳式苹果华为vivo小米oppo安卓一加通用隐藏超小型女生款可爱肤色微型男,"{""传输半径"": [""10m""], ""佩戴方式"": [""其他""], ""保修期"": [""12个月""], ""功能"": [""支持音乐""], ""品牌"": [""陈星""], ""型号"": [""双耳蓝牙耳机""], ""声道"": [""2""], ""套餐类型"": [""官方标配""], ""是否单双耳"": [""双边立体声""], ""材质"": [""塑料""], ""生产企业"": [""星诺达科技有限公司""], ""耳机与播放设备连接方式"": [""蓝牙连接""], ""耳机左右腔体间连接方式"": [""无线连接""], ""耳机类别"": [""真无线耳机""], ""蓝牙版本"": [""5.0""], ""防尘性能"": [""IP5X""], ""防水性能"": [""IPX5""], ""颜色分类"": [""黑色【触控感应☆舒适佩戴☆小巧隐形】"", ""青色【触控感应☆舒适佩戴☆小巧隐形】"", ""白色【触控感应☆舒适佩戴☆小巧隐形】"", ""粉色【触控感应☆舒适佩戴☆小巧隐形】"", ""肤色【触控感应☆舒适佩戴☆小巧隐形】""]}",data/images/week1_v3/624110108481.webp,9129e7b73a96f9eabd5f4ded2aa7e550fb3bc506b10436a5fb31edeb004d2894,data/processed/week1_v3/generation_evaluation_samples.jsonl,ce057356a9a0c48e4298daac545fafb0c83ad07ae2f74f1b1211c834b048a557
week2_rag_fact_quality_audit_v1,test100,no_attribution_only,624112334484,3C数码,耳机,PASS,none,本轮未发现标题、结构化属性与主图之间的明显冲突；不等同于外部商品真值确认。,,Jabra/捷波朗 TALK 55壹石无线蓝牙耳机商务降噪高清语音通话通用,"{""产地"": [""丹麦""], ""传输半径"": [""10m""], ""佩戴方式"": [""挂耳式""], ""功能"": [""多点连接""], ""品牌"": [""Jabra/捷波朗""], ""售后服务"": [""店铺三包""], ""声道"": [""1""], ""套餐类型"": [""官方标配""], ""待机时间"": [""5天""], ""捷波朗型号"": [""talk 55""], ""是否单双耳"": [""单边免提""], ""智能类型"": [""不支持智能""], ""耳机与播放设备连接方式"": [""蓝牙连接""], ""耳机左右腔体间连接方式"": [""无线连接""], ""耳机类别"": [""真无线耳机""], ""蓝牙版本"": [""4.2""], ""防尘性能"": [""IP4X""], ""防水性能"": [""IPX5""], ""颜色分类"": [""TALK55黑(单机不带包装全新)"", ""壹石黑色(盒装全新)""]}",data/images/week1_v3/624112334484.webp,293f782f47299e2c383aa8dd314e8193ddeec17a96b8c464f60950eb4a00b5b3,data/processed/week1_v3/generation_evaluation_samples.jsonl,ce057356a9a0c48e4298daac545fafb0c83ad07ae2f74f1b1211c834b048a557
week2_rag_fact_quality_audit_v1,test100,no_attribution_only,15246761632,3C数码,键盘,PASS,none,本轮未发现标题、结构化属性与主图之间的明显冲突；不等同于外部商品真值确认。,,双飞燕 X7-G800V QQ炫舞游戏专业键盘有线USB劲舞团打P吃鸡宏编程,"{""保修期"": [""12个月""], ""包装体积"": [""530*260*35""], ""双飞燕型号"": [""G800V""], ""品牌"": [""双飞燕""], ""售后服务"": [""全国联保""], ""套餐类型"": [""官方标配""], ""成色"": [""全新""], ""接口类型"": [""USB""], ""是否支持人体工程学"": [""支持""], ""是否无线"": [""有线""], ""是否有多媒体功能键"": [""有""], ""是否机械键盘"": [""否""], ""有无手托"": [""有""], ""毛重"": [""1000g""], ""颜色分类"": [""黑色""]}",data/images/week1_v3/15246761632.webp,ebd2c9d974feac69275405d5bad9c94b98b2159e8d648e5a9e58a6105efc981c,data/processed/week1_v3/generation_evaluation_samples.jsonl,ce057356a9a0c48e4298daac545fafb0c83ad07ae2f74f1b1211c834b048a557
week2_rag_fact_quality_audit_v1,test100,no_attribution_only,543556617866,3C数码,键盘,PASS,none,本轮未发现标题、结构化属性与主图之间的明显冲突；不等同于外部商品真值确认。,,卡通可爱女生少女心套装鼠标键盘USB有线电脑台式笔记本家用粉色,"{""包装体积"": [""45*18*4""], ""品牌"": [""Hello Kitty""], ""售后服务"": [""店铺三包""], ""型号"": [""kt-201""], ""套餐类型"": [""官方标配""], ""成色"": [""全新""], ""接口类型"": [""USB""], ""是否支持人体工程学"": [""支持""], ""是否无线"": [""有线""], ""是否有多媒体功能键"": [""无""], ""是否机械键盘"": [""否""], ""有无手托"": [""无""], ""毛重"": [""0.5""], ""颜色分类"": [""猫爪全粉键盘加100有线粉色鼠标"", ""黑粉键盘加无线白色充电鼠标"", ""黑粉键盘加100有线黑色鼠标"", ""猫爪全粉键盘加有线033粉色鼠标"", ""紫色有线键盘+033有线鼠标"", ""紫色有线单键盘"", ""猫爪全粉键盘加无线粉色充电鼠标"", ""猫爪全粉键盘加无线白色充电鼠标"", ""猫爪全粉键盘加无线粉色小鼠标"", ""黑粉键盘加无线黑色充电鼠标"", ""黑粉键盘加有线033粉色鼠标"", ""黑粉键盘加无线黑色鼠标"", ""黑粉键盘加无线粉色小鼠标"", ""黑粉有线单键盘"", ""黑粉键盘加无线粉色充电鼠标"", ""紫色有线键盘+033无线鼠标"", ""猫爪全粉单有线键盘""]}",data/images/week1_v3/543556617866.webp,ed72295fcc271e13890e5a15eb78338988a1532478eec8a729a7882635e1e867,data/processed/week1_v3/generation_evaluation_samples.jsonl,ce057356a9a0c48e4298daac545fafb0c83ad07ae2f74f1b1211c834b048a557
week2_rag_fact_quality_audit_v1,test100,no_attribution_only,559685535453,3C数码,键盘,PASS,none,本轮未发现标题、结构化属性与主图之间的明显冲突；不等同于外部商品真值确认。,,黑轴有线游戏机械键盘台式电脑usb背光发光办公用金属跑马灯防水,"{""包装体积"": [""1""], ""品牌"": [""翼蛇""], ""售后服务"": [""全国联保""], ""型号"": [""K6""], ""套餐类型"": [""官方标配""], ""成色"": [""全新""], ""接口类型"": [""USB""], ""是否支持人体工程学"": [""支持""], ""是否支持即插即用"": [""支持""], ""是否无线"": [""有线""], ""是否有多媒体功能键"": [""有""], ""是否机械键盘"": [""是""], ""有无手托"": [""无""], ""毛重"": [""1.50""], ""颜色分类"": [""黑轴 黑色机械键盘+黑 游戏鼠标"", ""黑轴 黑色机械键盘"", ""黑轴 黑色机械键盘+黑 X9鼠标"", ""黑轴 黑色机械键盘+黑 鬼爪鼠标"", ""黑轴 黑色机械键盘+白 X9鼠标"", ""黑轴 黑色机械键盘+白 游戏鼠标"", ""黑轴 黑色机械键盘+黑 机械鼠标"", ""黑轴 黑色机械键盘+白 鬼爪鼠标"", ""黑轴 黑色机械键盘+银 机械鼠标""]}",data/images/week1_v3/559685535453.webp,8ce33b5146f9b0736fda4fbe07ed629f00b1e33a144fb58b1fc384e153ec1d66,data/processed/week1_v3/generation_evaluation_samples.jsonl,ce057356a9a0c48e4298daac545fafb0c83ad07ae2f74f1b1211c834b048a557
week2_rag_fact_quality_audit_v1,test100,no_attribution_only,583601853144,3C数码,键盘,PASS,none,本轮未发现标题、结构化属性与主图之间的明显冲突；不等同于外部商品真值确认。,,QQQ推荐机械风暴MageGee机械键盘青轴套装送鼠标电竞吃鸡鼠标,"{""品牌"": [""MageGee""], ""型号"": [""机械风暴套装""], ""套餐类型"": [""官方标配""], ""接口类型"": [""USB""], ""是否支持人体工程学"": [""支持""], ""是否无线"": [""有线""], ""是否有多媒体功能键"": [""有""], ""有无手托"": [""无""], ""轴体"": [""青轴""], ""颜色分类"": [""青轴粉色白光单键盘"", ""青轴白蓝套装(送鼠标)"", ""青轴粉色套餐(送鼠标)"", ""青轴白色蓝光单键盘"", ""青轴黑混套装(送鼠标)"", ""青轴橙光套餐(送鼠标)"", ""青轴黑色混光单键盘"", ""青轴白粉单键盘(送白蓝键帽)"", ""青轴白蓝单键盘(送白粉键帽)"", ""黑轴黑混套装(送鼠标)""]}",data/images/week1_v3/583601853144.webp,1e7988c464cf5e5f27faffb23d441bc3fcdfe6917edb0da697dc87f0fbbd53a7,data/processed/week1_v3/generation_evaluation_samples.jsonl,ce057356a9a0c48e4298daac545fafb0c83ad07ae2f74f1b1211c834b048a557
week2_rag_fact_quality_audit_v1,test100,no_attribution_only,590008960085,3C数码,键盘,PASS,none,本轮未发现标题、结构化属性与主图之间的明显冲突；不等同于外部商品真值确认。,,BOW航世蓝牙键盘适用于平板2018苹果ipadmini5无线小键盘可连手机,"{""品牌"": [""B.O.W""], ""型号"": [""HB028""], ""套餐类型"": [""官方标配""], ""成色"": [""全新""], ""接口类型"": [""蓝牙""], ""是否支持人体工程学"": [""不支持""], ""是否无线"": [""无线""], ""是否有多媒体功能键"": [""无""], ""是否机械键盘"": [""否""], ""有无手托"": [""无""], ""颜色分类"": [""黑色9.6寸【送键盘膜+充电线】"", ""金色7.9寸【送键盘膜+充电线】"", ""官方标配不含皮套"", ""白色9.6寸【送键盘膜+充电线】"", ""黑色7.9寸【送键盘膜+充电线】"", ""白色7.9寸【送键盘膜+充电线】"", ""金色9.6寸【送键盘膜+充电线】"", ""白色9.6寸【背光版+膜+充电线】"", ""白色9.6寸【苹果IOS专用版】""]}",data/images/week1_v3/590008960085.webp,60e2de72bb27309df9e318ed2ba132c1dc27151f3cfac8dd095bb30798904146,data/processed/week1_v3/generation_evaluation_samples.jsonl,ce057356a9a0c48e4298daac545fafb0c83ad07ae2f74f1b1211c834b048a557
week2_rag_fact_quality_audit_v1,test100,no_attribution_only,601009119510,3C数码,键盘,PASS,none,本轮未发现标题、结构化属性与主图之间的明显冲突；不等同于外部商品真值确认。,,蓝牙键盘平板专用可连手机无线薄膜键盘无声静音鼠标套装电脑ipad智能双模办公打字108键超薄无按键音,"{""保修期"": [""12个月""], ""品牌"": [""富德""], ""型号"": [""IK8300""], ""套餐类型"": [""官方标配""], ""成色"": [""全新""], ""接口类型"": [""蓝牙"", ""USB""], ""是否支持人体工程学"": [""支持""], ""是否无线"": [""无线""], ""是否有多媒体功能键"": [""有""], ""是否机械键盘"": [""否""], ""有无手托"": [""无""], ""轴体"": [""光轴""], ""颜色分类"": [""78键三模键鼠套餐银色"", ""78键三模键鼠套餐金色"", ""78键三模键盘经典黑"", ""2.4G键鼠套餐商务灰"", ""2.4G键鼠套餐经典黑"", ""三模键鼠套餐土豪金"", ""三模键盘经典黑"", ""三模键盘时尚银"", ""78键三模键盘土豪金"", ""78键三模键鼠套餐黑色"", ""2.4G键鼠套餐时尚银"", ""三模键鼠套餐经典黑"", ""三模键盘土豪金"", ""三模键鼠套餐时尚银"", ""78键三模键盘时尚银""]}",data/images/week1_v3/601009119510.webp,8b139a6ebf16f4857ddd22679c44a9733f84b14924a87f03f177c3509152a5e6,data/processed/week1_v3/generation_evaluation_samples.jsonl,ce057356a9a0c48e4298daac545fafb0c83ad07ae2f74f1b1211c834b048a557
week2_rag_fact_quality_audit_v1,test100,no_attribution_only,614181544723,3C数码,键盘,PASS,none,本轮未发现标题、结构化属性与主图之间的明显冲突；不等同于外部商品真值确认。,,官方正品罗技G610+G502HERO有线键盘鼠标套装 cherry樱桃机械键盘,"{""品牌"": [""Logitech/罗技""], ""售后服务"": [""全国联保""], ""套餐类型"": [""官方标配""], ""成色"": [""全新""], ""接口类型"": [""USB""], ""是否支持人体工程学"": [""不支持""], ""是否无线"": [""有线""], ""是否有多媒体功能键"": [""有""], ""是否机械键盘"": [""是""], ""罗技型号"": [""G610+G502""], ""颜色分类"": [""G610红轴12星座定制版G502SE熊猫"", ""G610红轴12星座定制版键盘手托罗"", ""G610红轴+G502HERO【明星套装】"", ""G610红轴+罗技桌垫"", ""G610青轴+G502HERO【明星套装】"", ""G610青轴12星座定制版G502SE熊猫"", ""G610青轴+罗技大号桌垫"", ""G610青轴12星座定制版键盘手托罗""]}",data/images/week1_v3/614181544723.webp,7914f4c6d5594f23eb79cd03cc66cfa6c6512d42e7858a3817edad685860b898,data/processed/week1_v3/generation_evaluation_samples.jsonl,ce057356a9a0c48e4298daac545fafb0c83ad07ae2f74f1b1211c834b048a557
week2_rag_fact_quality_audit_v1,test100,no_attribution_only,615882518927,3C数码,键盘,PASS,none,本轮未发现标题、结构化属性与主图之间的明显冲突；不等同于外部商品真值确认。,,官方正品黑爵AK35i游戏机械键盘黑轴青轴红轴茶轴宏竞技可爱女生,"{""品牌"": [""Ajazz/黑爵""], ""售后服务"": [""全国联保""], ""型号"": [""AK35Ip""], ""套餐类型"": [""官方标配""], ""成色"": [""全新""], ""接口类型"": [""USB""], ""是否支持人体工程学"": [""支持""], ""是否无线"": [""有线""], ""是否有多媒体功能键"": [""有""], ""是否机械键盘"": [""是""], ""有无手托"": [""无""], ""颜色分类"": [""白粉青轴-白光-配手托"", ""红轴粉白-PBT(白光)"", ""白蓝茶轴-白光-配手托"", ""黑轴白蓝-PBT白光手托-送粉白键"", ""茶轴白蓝-RGB光-配粉白键帽"", ""茶轴白蓝-PBT白光手托-送粉白键"", ""茶轴白蓝-PBT(白光)"", ""青轴白粉-PBT(白光)"", ""青轴蓝白-PBT(白光)"", ""黑轴白蓝-PBT(白光)"", ""青轴白粉-PBT白光手托-送蓝白键"", ""红轴白粉-PBT(白光)"", ""黑轴白蓝-PBT(白光)-送粉白键帽"", ""白粉红轴-白光-配手托"", ""茶轴白蓝-PBT(白光)-送粉白键帽"", ""茶轴黑色-ABS(白光)"", ""青轴白粉-PBT(白光)-送蓝白键帽"", ""白蓝黑轴-白光-配手托"", ""红轴白粉-PBT白光手托-送蓝白键"", ""红轴黑色-ABS(白光)"", ""青轴粉白-PBT(白光)"", ""红轴白粉-PBT(白光)-送蓝白键帽"", ""红轴白粉-RGB光-配蓝白键帽"", ""茶轴蓝白-PBT(白光)""]}",data/images/week1_v3/615882518927.webp,e9f7d79b22ea73edbe384d62e7fdfec2a6dfd860c4d1879cc7c231cdfdeeae86,data/processed/week1_v3/generation_evaluation_samples.jsonl,ce057356a9a0c48e4298daac545fafb0c83ad07ae2f74f1b1211c834b048a557
week2_rag_fact_quality_audit_v1,test100,no_attribution_only,616205758872,3C数码,键盘,PASS,none,本轮未发现标题、结构化属性与主图之间的明显冲突；不等同于外部商品真值确认。,,官方正品狼蛛机械键盘青轴黑轴游戏专用电竞lol牧马人104键电脑笔,"{""品牌"": [""AULA/狼蛛""], ""售后服务"": [""全国联保""], ""型号"": [""F2068朋克机械键盘""], ""套餐类型"": [""官方标配""], ""成色"": [""全新""], ""接口类型"": [""USB""], ""是否支持人体工程学"": [""支持""], ""是否无线"": [""有线""], ""是否有多媒体功能键"": [""有""], ""是否机械键盘"": [""是""], ""有无手托"": [""无""], ""轴体"": [""青轴""], ""颜色分类"": [""多功能朋克版:黑色混光-青轴"", ""经典版:黑色混光-青轴"", ""多功能朋克版:白色混光-黑轴"", ""多功能朋克版:白色混光-青轴"", ""机械师:银白混光青轴"", ""机械师:银黑混光黑轴"", ""机械师:银黑混光茶轴"", ""多功能朋克版:黑色混光-黑轴"", ""经典版:黑色混光-黑轴"", ""机械师:银黑蓝光青轴""]}",data/images/week1_v3/616205758872.webp,e9e47fa5c8b50b586797892200b40075e18519b83761387ca8f8692a016159d4,data/processed/week1_v3/generation_evaluation_samples.jsonl,ce057356a9a0c48e4298daac545fafb0c83ad07ae2f74f1b1211c834b048a557
week2_rag_fact_quality_audit_v1,test100,no_attribution_only,617920658390,3C数码,键盘,PASS,none,本轮未发现标题、结构化属性与主图之间的明显冲突；不等同于外部商品真值确认。,,蓝牙数字小键盘无线背光可充电金属笔记本平板电脑手机通用键盘,"{""上市时间"": [""2020-05-17""], ""包装体积"": [""160*120*30mm""], ""品牌"": [""FUNKING""], ""售后服务"": [""店铺三包""], ""型号"": [""ifk28""], ""套餐类型"": [""官方标配""], ""成色"": [""全新""], ""接口类型"": [""USB"", ""蓝牙""], ""是否支持人体工程学"": [""支持""], ""是否无线"": [""无线""], ""是否有多媒体功能键"": [""无""], ""是否机械键盘"": [""否""], ""毛重"": [""200g""], ""颜色分类"": [""金属灰*背光*充电*双系统"", ""金属银*背光*充电*双系统"", ""深空灰*背光*充电"", ""金属银*背光*充电""]}",data/images/week1_v3/617920658390.webp,006dd155b4d9857b0daf7a66440f2feecbf558079d9ae773f3aa332aba777e37,data/processed/week1_v3/generation_evaluation_samples.jsonl,ce057356a9a0c48e4298daac545fafb0c83ad07ae2f74f1b1211c834b048a557
week2_rag_fact_quality_audit_v1,test100,no_attribution_only,618733106466,3C数码,键盘,PASS,none,本轮未发现标题、结构化属性与主图之间的明显冲突；不等同于外部商品真值确认。,,正品RKS108真机械键盘女生吃鸡游戏网红RGB复古蒸汽朋克笔雷蛇级,"{""品牌"": [""RK""], ""售后服务"": [""全国联保""], ""型号"": [""S108""], ""套餐类型"": [""官方标配""], ""成色"": [""全新""], ""接口类型"": [""USB""], ""是否支持人体工程学"": [""支持""], ""是否无线"": [""有线""], ""是否有多媒体功能键"": [""有""], ""是否机械键盘"": [""是""], ""有无手托"": [""有""], ""颜色分类"": [""黑色RGB青轴-电镀朋克版"", ""黑色RGB茶轴-电镀朋克版"", ""白色冰蓝青轴-电镀朋克版"", ""白色冰蓝黑轴-电镀朋克版"", ""白色RGB黑轴-电镀朋克版"", ""白色RGB青轴-电镀朋克版"", ""黑色炫黄青轴-电镀朋克版"", ""黑色RGB黑轴-电镀朋克版"", ""黑色炫黄黑轴-电镀朋克版"", ""黑色RGB红轴-电镀朋克版""]}",data/images/week1_v3/618733106466.webp,79c476a68b9186b5e8b9754bdf61199f066474a61bd4d1000bcddcd2c9ee0cb0,data/processed/week1_v3/generation_evaluation_samples.jsonl,ce057356a9a0c48e4298daac545fafb0c83ad07ae2f74f1b1211c834b048a557
week2_rag_fact_quality_audit_v1,test100,no_attribution_only,621593735132,3C数码,键盘,PASS,none,本轮未发现标题、结构化属性与主图之间的明显冲突；不等同于外部商品真值确认。,,雷蛇技术正品新盟牧马人真机械键盘鼠标套装青轴黑轴吃鸡lol外设,"{""上市时间"": [""2019-04-13""], ""品牌"": [""Technology/新盟""], ""售后服务"": [""全国联保""], ""型号"": [""X9-VR版""], ""套餐类型"": [""官方标配""], ""成色"": [""全新""], ""接口类型"": [""USB""], ""是否支持人体工程学"": [""支持""], ""是否无线"": [""有线""], ""是否有多媒体功能键"": [""有""], ""是否机械键盘"": [""是""], ""有无手托"": [""无""], ""毛重"": [""1kg""], ""颜色分类"": [""旗舰升级版-金属灰黑轴-混光"", ""旗舰升级版-金属灰青轴-混光322"", ""旗舰升级版-金属灰青轴-白光322"", ""旗舰升级版-金属灰青轴-冰蓝光"", ""旗舰升级版-金属灰青轴-混光"", ""旗舰升级版-金属灰青轴-白光"", ""旗舰升级版-金属灰黑轴-混光无旋"", ""旗舰升级版-银白色青轴-混光"", ""旗舰升级版-金属灰黑轴-混光322"", ""旗舰升级版-银白色青轴-冰蓝光32"", ""旗舰升级版-金属灰青轴-冰蓝光32"", ""旗舰升级版-银白色青轴-冰蓝光"", ""旗舰升级版-银白色黑轴-混光"", ""旗舰升级版-银白色青轴-混光322"", ""旗舰升级版-金属灰黑轴-白光322"", ""旗舰升级版-金属灰黑轴-白光""]}",data/images/week1_v3/621593735132.webp,cf31f81b4f76cc3c753c7ccc1aaf3d2f4fdd8175b243a0ec234a0c6aafba40b6,data/processed/week1_v3/generation_evaluation_samples.jsonl,ce057356a9a0c48e4298daac545fafb0c83ad07ae2f74f1b1211c834b048a557
week2_rag_fact_quality_audit_v1,test100,no_attribution_only,8443620439,3C数码,键盘,PASS,none,本轮未发现标题、结构化属性与主图之间的明显冲突；不等同于外部商品真值确认。,,优派KU855巧克力键盘有线纤薄电脑笔记本USB迷你静音外接小键盘白,"{""优派型号"": [""KU855""], ""保修期"": [""12个月""], ""包装体积"": [""284.7*119.8*18.6MM""], ""品牌"": [""ViewSonic/优派""], ""售后服务"": [""全国联保""], ""套餐类型"": [""官方标配""], ""成色"": [""全新""], ""接口类型"": [""USB""], ""是否支持人体工程学"": [""不支持""], ""是否无线"": [""有线""], ""是否有多媒体功能键"": [""有""], ""是否机械键盘"": [""否""], ""有无手托"": [""无""], ""毛重"": [""420g""], ""颜色分类"": [""银白"", ""黑色"", ""KU855+MW286"", ""银黑"", ""KU855白+MW286白""]}",data/images/week1_v3/8443620439.webp,a47a10033115fdaea410a0cc13e97c8350dda0225ee06d3c1e2b195be00ae34a,data/processed/week1_v3/generation_evaluation_samples.jsonl,ce057356a9a0c48e4298daac545fafb0c83ad07ae2f74f1b1211c834b048a557
week2_rag_fact_quality_audit_v1,test100,no_attribution_only,2859211238,3C数码,鼠标,REVIEW,connection_variant_ambiguity,标题同时出现G502 HERO有线与G502无线，主图和结构化型号偏向无线版，需确认具体SKU。,型号|接口类型|无线技术,罗技G502 HERO主宰者有线游戏机械鼠标吃鸡绝地求生lol G502无线,"{""上市时间"": [""2019-06-01""], ""保修期"": [""24个月""], ""光学分辨率"": [""其他/other""], ""品牌"": [""Logitech/罗技""], ""售后服务"": [""全国联保""], ""套餐类型"": [""官方标配""], ""工作方式"": [""光电""], ""成色"": [""全新""], ""按键数"": [""11""], ""接口类型"": [""USB""], ""是否支持人体工程学"": [""支持""], ""是否盒装正品"": [""是""], ""滚轮数"": [""1个""], ""生产企业"": [""罗技(中国)科技有限公司""], ""罗技无线型号"": [""G502创世者""], ""颜色分类"": [""G502创世者无线鼠标"", ""G502无线鼠标+桌垫"", ""罗技G502无线创世者+罗技powerplay充电鼠标垫""]}",data/images/week1_v3/2859211238.webp,8eba745b9169a6a644e5d5fe141aba8f48eeda935b3fc1b7f02e69866dd0acb6,data/processed/week1_v3/generation_evaluation_samples.jsonl,ce057356a9a0c48e4298daac545fafb0c83ad07ae2f74f1b1211c834b048a557
week2_rag_fact_quality_audit_v1,test100,no_attribution_only,42149170939,3C数码,鼠标,PASS,none,本轮未发现标题、结构化属性与主图之间的明显冲突；不等同于外部商品真值确认。,,微软 sculpt人体工学鼠标 无线大鼠标 微软无线鼠标 馒头鼠标舒适,"{""光学分辨率"": [""1000dpi""], ""品牌"": [""Microsoft/微软""], ""售后服务"": [""全国联保""], ""套餐类型"": [""套餐一""], ""工作方式"": [""蓝影""], ""微软无线型号"": [""sculpt人体工学鼠标""], ""成色"": [""全新""], ""按键数"": [""4个""], ""无线技术"": [""2.4GHz""], ""无线距离"": [""10m""], ""是否支持人体工程学"": [""支持""], ""是否盒装正品"": [""是""], ""滚轮数"": [""1个""], ""电源方式"": [""1节5号电池""], ""颜色分类"": [""鼠标【顺丰包邮】"", ""鼠标""]}",data/images/week1_v3/42149170939.webp,9d81622fbcc8a12c831f26e424b42669a91a48fff5e53abb4fc51e0284aab374,data/processed/week1_v3/generation_evaluation_samples.jsonl,ce057356a9a0c48e4298daac545fafb0c83ad07ae2f74f1b1211c834b048a557
week2_rag_fact_quality_audit_v1,test100,no_attribution_only,544826941132,3C数码,鼠标,REVIEW,service_listing_boundary,标题主要销售鼠标维修/更换微动服务，主图为鼠标；需确认生成对象。,category_l2|型号,罗技G900鼠标维修理永不双击连击换新品进口黄金微动移动失灵挑垫,"{""光学分辨率"": [""8200dpi""], ""包装体积"": [""140X94X212mm""], ""品牌"": [""Logitech/罗技""], ""售后服务"": [""其他/other""], ""套餐类型"": [""套餐一""], ""工作方式"": [""光电""], ""成色"": [""全新""], ""按键数"": [""10个""], ""接口类型"": [""串口""], ""无线技术"": [""2.4GHz""], ""无线距离"": [""10m""], ""是否支持人体工程学"": [""支持""], ""是否盒装正品"": [""是""], ""毛重"": [""0.5g""], ""滚轮数"": [""1个""], ""电源方式"": [""一节五号电池""], ""罗技无线型号"": [""G900""], ""颜色分类"": [""维修其他内容"", ""(推荐)换黄金触点微动""]}",data/images/week1_v3/544826941132.webp,d0937405a3cc565535c0e813d34c81cece78a468ab0c83c8b6beec9af19b5f16,data/processed/week1_v3/generation_evaluation_samples.jsonl,ce057356a9a0c48e4298daac545fafb0c83ad07ae2f74f1b1211c834b048a557
week2_rag_fact_quality_audit_v1,test100,no_attribution_only,565468950564,3C数码,鼠标,PASS,none,本轮未发现标题、结构化属性与主图之间的明显冲突；不等同于外部商品真值确认。,,富德女生迷你小巧无线鼠标 联想华硕戴尔惠普笔记本电脑通用鼠标,"{""光学分辨率"": [""1600dpi""], ""品牌"": [""富德""], ""型号"": [""V1""], ""套餐类型"": [""官方标配""], ""工作方式"": [""光电""], ""成色"": [""全新""], ""按键数"": [""3个""], ""无线技术"": [""2.4GHz""], ""无线距离"": [""15m""], ""是否支持人体工程学"": [""支持""], ""是否盒装正品"": [""是""], ""滚轮数"": [""1个""], ""电源方式"": [""1节5号电池""], ""颜色分类"": [""薄荷绿升级静音版"", ""黑红色升级游戏款"", ""黑色升级静音版"", ""黑色-赠电池、运费险"", ""中国红升级静音版"", ""玫红升级静音版"", ""白色升级静音版"", ""梅红色-赠电池、运费险"", ""白色-赠电池、运费险"", ""薄荷绿-赠电池、运费险""]}",data/images/week1_v3/565468950564.webp,d6fe2348b7ee81af0633596dbf8852d98f1b2530ed001785b914fa20d8965f2c,data/processed/week1_v3/generation_evaluation_samples.jsonl,ce057356a9a0c48e4298daac545fafb0c83ad07ae2f74f1b1211c834b048a557
week2_rag_fact_quality_audit_v1,test100,no_attribution_only,572739978355,3C数码,鼠标,PASS,none,本轮未发现标题、结构化属性与主图之间的明显冲突；不等同于外部商品真值确认。,,宜博Q版眼镜蛇USB游戏鼠标办公笔记本台式用鼠标,"{""光学分辨率"": [""1600dpi""], ""品牌"": [""E-3LUE/宜博""], ""型号"": [""EMS128""], ""套餐类型"": [""套餐一""], ""工作方式"": [""光电""], ""成色"": [""全新""], ""按键数"": [""6个""], ""接口类型"": [""USB""], ""是否支持人体工程学"": [""支持""], ""颜色分类"": [""白粉色"", ""白绿色"", ""白蓝色""]}",data/images/week1_v3/572739978355.webp,fdddd75060dc58ec055d280f2c63842883eefdc65f33bc64460827f34ddac21d,data/processed/week1_v3/generation_evaluation_samples.jsonl,ce057356a9a0c48e4298daac545fafb0c83ad07ae2f74f1b1211c834b048a557
week2_rag_fact_quality_audit_v1,test100,no_attribution_only,578515650928,3C数码,鼠标,PASS,none,本轮未发现标题、结构化属性与主图之间的明显冲突；不等同于外部商品真值确认。,,钛度TSG301电竞者游戏绝地逃生吃鸡电脑鼠标黑色白色红色光电镜面,"{""光学分辨率"": [""其他/other""], ""品牌"": [""钛度""], ""型号"": [""TSG301""], ""套餐类型"": [""官方标配""], ""工作方式"": [""光电""], ""成色"": [""全新""], ""接口类型"": [""USB""], ""是否支持人体工程学"": [""支持""], ""颜色分类"": [""白色"", ""红色"", ""黑色""]}",data/images/week1_v3/578515650928.jpg,35202c0c04bda060dec5a6564a7bee7833b006c1ac86a006a4aa0e03147aa22e,data/processed/week1_v3/generation_evaluation_samples.jsonl,ce057356a9a0c48e4298daac545fafb0c83ad07ae2f74f1b1211c834b048a557
week2_rag_fact_quality_audit_v1,test100,no_attribution_only,585366825079,3C数码,鼠标,PASS,none,本轮未发现标题、结构化属性与主图之间的明显冲突；不等同于外部商品真值确认。,,双飞燕 A91逆战塔防猎场血手鼠标V8M CF 和平精英绝地求生 红吼团,"{""光学分辨率"": [""3200dpi""], ""双飞燕有线型号"": [""V8M""], ""品牌"": [""双飞燕""], ""套餐类型"": [""官方标配""], ""工作方式"": [""光电""], ""成色"": [""全新""], ""接口类型"": [""USB""], ""是否支持人体工程学"": [""不支持""], ""颜色分类"": [""v8M激活版+逆战全套竞技压枪数据"", ""P91激活版+穿越火线全套数据"", ""V8M激活版+绝地求生数据"", ""P91激活版+逆战竞技爆破队伤数据"", ""V8M激活版+和平精英数据"", ""V8M激活版+全套猎场数据"", ""P91促销版+捧月沟通关版"", ""P91激活版+全套猎场数据"", ""P91激活版+和平精英数据"", ""P91激活版+绝地求生数据"", ""P91激活版+全套塔防数据"", ""A91激活版+逆战竞技队伤全套数据""]}",data/images/week1_v3/585366825079.webp,b7bfd3b6e25aa3d6120055bf2149bc01a8ee980128fb2c5468c86b45a6664786,data/processed/week1_v3/generation_evaluation_samples.jsonl,ce057356a9a0c48e4298daac545fafb0c83ad07ae2f74f1b1211c834b048a557
week2_rag_fact_quality_audit_v1,test100,no_attribution_only,589051188248,3C数码,鼠标,PASS,none,本轮未发现标题、结构化属性与主图之间的明显冲突；不等同于外部商品真值确认。,,今贵 无线蓝牙鼠标可充电式静音无声男女生可爱办公游戏无限适用苹果macbook air pro联想小米微软华硕笔记本,"{""保修期"": [""12个月""], ""光学分辨率"": [""1600dpi""], ""品牌"": [""今贵""], ""型号"": [""wireless mouse-四九九""], ""套餐类型"": [""官方标配""], ""工作方式"": [""光电""], ""成色"": [""全新""], ""按键数"": [""4个""], ""接口类型"": [""USB""], ""无线技术"": [""蓝牙""], ""无线距离"": [""10m""], ""是否支持人体工程学"": [""支持""], ""滚轮数"": [""1个""], ""生产企业"": [""深圳市百胜世纪科技有限公司""], ""电源方式"": [""自带充电""], ""颜色分类"": [""太空银"", ""瓷感白"", ""中国红"", ""磨砂黑"", ""土豪金""]}",data/images/week1_v3/589051188248.webp,0f9ccfe08163ff656d104d2bd456cedba2edd7e07cd24073cea7b5d6c87cdf40,data/processed/week1_v3/generation_evaluation_samples.jsonl,ce057356a9a0c48e4298daac545fafb0c83ad07ae2f74f1b1211c834b048a557
week2_rag_fact_quality_audit_v1,test100,no_attribution_only,596152984459,3C数码,鼠标,PASS,none,本轮未发现标题、结构化属性与主图之间的明显冲突；不等同于外部商品真值确认。,,爱国者Q710 无线2.4G鼠标 台式机笔记本专用无线鼠标办公精品鼠标,"{""光学分辨率"": [""12000DPI""], ""品牌"": [""Aigo/爱国者""], ""售后服务"": [""店铺三包""], ""套餐类型"": [""官方标配""], ""工作方式"": [""光电""], ""成色"": [""全新""], ""按键数"": [""4个""], ""接口类型"": [""无线2.4G""], ""是否支持人体工程学"": [""支持""], ""颜色分类"": [""Q710""]}",data/images/week1_v3/596152984459.webp,95c742169c68f4d613d06770420b79770a25dd7aeb195f4af9ef256958cbfc66,data/processed/week1_v3/generation_evaluation_samples.jsonl,ce057356a9a0c48e4298daac545fafb0c83ad07ae2f74f1b1211c834b048a557
week2_rag_fact_quality_audit_v1,test100,no_attribution_only,602684369098,3C数码,鼠标,PASS,none,本轮未发现标题、结构化属性与主图之间的明显冲突；不等同于外部商品真值确认。,,探迅Ai智能语音鼠标说话声控讯飞打字输入搜索翻译办公无线鼠标,"{""光学分辨率"": [""1600dpi""], ""品牌"": [""探迅""], ""售后服务"": [""店铺三包""], ""型号"": [""T6B""], ""套餐类型"": [""套餐一""], ""工作方式"": [""光电""], ""成色"": [""全新""], ""按键数"": [""6个""], ""接口类型"": [""USB""], ""无线技术"": [""2.4GHZ语音打字""], ""无线距离"": [""10m""], ""是否支持人体工程学"": [""支持""], ""是否盒装正品"": [""是""], ""毛重"": [""0.2""], ""滚轮数"": [""1个""], ""电源方式"": [""自带充电""], ""颜色分类"": [""蓝色"", ""玄岩黑"", ""黑色 有线版""]}",data/images/week1_v3/602684369098.webp,e219e1611d5d721b9add4f13ca13b74f332dcd3bee1327d5e9e6d90b9713a180,data/processed/week1_v3/generation_evaluation_samples.jsonl,ce057356a9a0c48e4298daac545fafb0c83ad07ae2f74f1b1211c834b048a557
week2_rag_fact_quality_audit_v1,test100,no_attribution_only,620004973618,3C数码,鼠标,PASS,none,本轮未发现标题、结构化属性与主图之间的明显冲突；不等同于外部商品真值确认。,,华硕有线鼠标UT220pro伸缩线鼠标USB接口通用笔记本家用办公小巧,"{""光学分辨率"": [""1000dpi""], ""包装体积"": [""95*57*41mm""], ""品牌"": [""Asus/华硕""], ""售后服务"": [""全国联保""], ""型号"": [""UT220""], ""套餐类型"": [""官方标配""], ""工作方式"": [""光电""], ""成色"": [""全新""], ""按键数"": [""2个""], ""接口类型"": [""USB""], ""是否支持人体工程学"": [""支持""], ""毛重"": [""72g""], ""颜色分类"": [""华硕伸缩线黑红色"", ""华硕静音有线(非伸缩线)黑色"", ""华硕伸缩线白色"", ""无LGO伸缩线鼠标(非华硕品牌)"", ""华硕静音有线(非伸缩线)白色"", ""无线黑红色""]}",data/images/week1_v3/620004973618.webp,52a5764eb90497a4f5312f748a571e5b6ae42c84cc65bed57135915abb343b83,data/processed/week1_v3/generation_evaluation_samples.jsonl,ce057356a9a0c48e4298daac545fafb0c83ad07ae2f74f1b1211c834b048a557
week2_rag_fact_quality_audit_v1,test100,no_attribution_only,623882882335,3C数码,鼠标,PASS,none,本轮未发现标题、结构化属性与主图之间的明显冲突；不等同于外部商品真值确认。,,无线鼠标静音男女通用无声可爱磨砂舒适手感光电环保笔记本台式,"{""上市时间"": [""2020-01-02""], ""光学分辨率"": [""1600dpi""], ""品牌"": [""OTHER""], ""售后服务"": [""店铺三包""], ""型号"": [""360""], ""套餐类型"": [""官方标配""], ""工作方式"": [""光电""], ""成色"": [""全新""], ""按键数"": [""4个""], ""接口类型"": [""USB""], ""无线技术"": [""2.4GHz""], ""无线距离"": [""15m""], ""是否支持人体工程学"": [""支持""], ""是否盒装正品"": [""是""], ""滚轮数"": [""1个""], ""电源方式"": [""一节五号电池""], ""颜色分类"": [""蓝小狸 蓝牙版"", ""咖啡熊 蓝牙版"", ""黑色 非蓝牙"", ""粉色 非蓝牙"", ""黑色 蓝牙版"", ""孔雀蓝 非蓝牙"", ""粉色猪 非蓝牙"", ""咖喱鸡 非蓝牙"", ""咖喱鸡 蓝牙版"", ""白色 非蓝牙"", ""咖啡熊 非蓝牙"", ""蓝小狸 非蓝牙""]}",data/images/week1_v3/623882882335.webp,820b7ca426e3e3210eba1bdc9fd63fdd22571b72a0943b054933b5f4ce98132a,data/processed/week1_v3/generation_evaluation_samples.jsonl,ce057356a9a0c48e4298daac545fafb0c83ad07ae2f74f1b1211c834b048a557
week2_rag_fact_quality_audit_v1,test100,no_attribution_only,545593037598,家居日用,保温杯,REVIEW,capacity_variant_ambiguity,杯子容量值同时含260mL和320mL，而容量区间为301–400mL；需确认具体SKU。,容量|杯子容量值,小mini可爱迷你不锈钢保温杯女男学生儿童创意便携大肚水壶杯子萌,"{""主图来源"": [""自主实拍图""], ""产地"": [""中国大陆""], ""保温产品"": [""保温杯""], ""保温性能描述"": [""保温约6小时""], ""保温时长"": [""6小时42度以上""], ""包装体积"": [""0.01""], ""品牌"": [""将军令""], ""型号"": [""JJL260""], ""容量"": [""301mL(含)-400mL(含)""], ""是否带吸管"": [""否""], ""材质"": [""304不锈钢""], ""杯子容量值"": [""260ml和320ml""], ""杯子样式"": [""大肚杯""], ""毛重"": [""0.4kg""], ""流行元素"": [""coulorful""], ""适用人群"": [""学生""], ""适用场景"": [""学校""], ""适用空间"": [""书房""], ""颜色分类"": [""260ml(送同款玻璃杯)"", ""320ml活力橙"", ""260ML天空蓝"", ""320ml(送同款玻璃杯)"", ""320ML卡其色"", ""260ml樱花粉"", ""260ml活力橙"", ""320ml樱桃红"", ""320ML樱花粉"", ""320ml天空蓝"", ""260ml卡其色"", ""260ml樱桃红""], ""风格"": [""日式""]}",data/images/week1_v3/545593037598.webp,2cf3f5e425670e6d5be616fdbde7b15df93c63b3c50d27356153a4bcf5953844,data/processed/week1_v3/generation_evaluation_samples.jsonl,ce057356a9a0c48e4298daac545fafb0c83ad07ae2f74f1b1211c834b048a557
week2_rag_fact_quality_audit_v1,test100,no_attribution_only,559887711431,家居日用,保温杯,PASS,none,本轮未发现标题、结构化属性与主图之间的明显冲突；不等同于外部商品真值确认。,,富光真空不锈钢保温杯男女士情侣时尚简约车载便携弹跳盖水杯子,"{""主图来源"": [""自主实拍图""], ""产地"": [""中国大陆""], ""保温产品"": [""保温杯""], ""保温性能描述"": [""在20°C左右的环境下,注入95°C的热水,6小时后≥42°C""], ""保温时长"": [""6小时(含)-12小时(不含)""], ""品牌"": [""富光""], ""型号"": [""车载弹跳杯组合""], ""容量"": [""401mL(含)-500mL(含)""], ""材质"": [""304不锈钢""], ""杯子容量值"": [""480mL""], ""杯子样式"": [""直身杯""], ""流行元素"": [""小清新""], ""适用人群"": [""大众""], ""适用场景"": [""日常送礼""], ""适用空间"": [""车载""], ""颜色分类"": [""格纹—欧迪粉 480ml"", ""格纹—香奈紫 480ml"", ""格纹—珊瑚粉 480ml"", ""格纹—蒂芙绿 480ml""], ""风格"": [""中式""]}",data/images/week1_v3/559887711431.webp,c45f760e31e7ddc092cd27129df6fa4cb4cbcdb1a027648489272f43857c4917,data/processed/week1_v3/generation_evaluation_samples.jsonl,ce057356a9a0c48e4298daac545fafb0c83ad07ae2f74f1b1211c834b048a557
week2_rag_fact_quality_audit_v1,test100,no_attribution_only,562660919726,家居日用,保温杯,PASS,none,本轮未发现标题、结构化属性与主图之间的明显冲突；不等同于外部商品真值确认。,,高档304不锈钢保温杯1000ML大容量户外便携茶杯刻字定制礼品杯子,"{""主图来源"": [""自主实拍图""], ""产地"": [""中国大陆""], ""保温产品"": [""保温杯""], ""保温时长"": [""6小时(含)-12小时(不含)""], ""包装体积"": [""1""], ""品牌"": [""双狮""], ""型号"": [""SS-56""], ""容量"": [""901mL(含)-1L(含)""], ""是否带吸管"": [""否""], ""材质"": [""304不锈钢""], ""杯子样式"": [""直身杯""], ""流行元素"": [""纯色""], ""适用人群"": [""大众""], ""适用场景"": [""运动""], ""适用空间"": [""户外""], ""颜色分类"": [""钢本色450ML(送杯刷+杯套)"", ""钢本色1000ml(送杯刷+杯套)"", ""钢本色800ML(送杯刷+杯套)"", ""钢本色550ML(送杯刷+杯套)""], ""风格"": [""中式""]}",data/images/week1_v3/562660919726.webp,4968ca24c56f819787bd3d3343d5d35efb738bfe5b0a590f0cf5e0d633922694,data/processed/week1_v3/generation_evaluation_samples.jsonl,ce057356a9a0c48e4298daac545fafb0c83ad07ae2f74f1b1211c834b048a557
week2_rag_fact_quality_audit_v1,test100,no_attribution_only,566531828259,家居日用,保温杯,CONFLICT,capacity_attributes_conflict,结构化杯子容量值为 450mL，但容量区间为 301–400mL。,容量|杯子容量值,得力保温杯水杯手柄304不锈钢男女学生商务旅行办公大容量真空杯,"{""主图来源"": [""其他来源""], ""产地"": [""中国大陆""], ""保温产品"": [""保温杯""], ""保温性能描述"": [""45°C以上大于6小时""], ""保温时长"": [""6小时(含)-24小时(不含)""], ""品牌"": [""得力""], ""型号"": [""6148""], ""容量"": [""301mL(含)-400mL(含)""], ""材质"": [""304不锈钢""], ""杯子容量值"": [""450mL""], ""杯子样式"": [""有手柄""], ""流行元素"": [""纯色""], ""适用人群"": [""大众""], ""适用场景"": [""旅行""], ""适用空间"": [""户外""], ""颜色分类"": [""黑灰色韵达发货""], ""风格"": [""中式""]}",data/images/week1_v3/566531828259.webp,047e7a6405faa75139ea1de705bd323cd0889e450b73ce4b3a1c9985ec31f2bc,data/processed/week1_v3/generation_evaluation_samples.jsonl,ce057356a9a0c48e4298daac545fafb0c83ad07ae2f74f1b1211c834b048a557
week2_rag_fact_quality_audit_v1,test100,no_attribution_only,576463385175,家居日用,保温杯,PASS,none,本轮未发现标题、结构化属性与主图之间的明显冲突；不等同于外部商品真值确认。,,TFK旋薄内胆316不锈钢商务简约保温杯男士茶水杯办公室女便携车载,"{""主图来源"": [""自主实拍图""], ""产地"": [""中国大陆""], ""保温产品"": [""保温杯""], ""保温性能描述"": [""环境温度20±5°C,95°C水满容量 6小时≥42°C""], ""保温时长"": [""6小时42度以上""], ""包装体积"": [""6.9*6.9*21.5cm""], ""品牌"": [""TFK(餐饮具)""], ""型号"": [""SN6004""], ""容量"": [""401mL(含)-500mL(含)""], ""材质"": [""316不锈钢""], ""杯子容量值"": [""500ml""], ""杯子样式"": [""直身杯""], ""毛重"": [""0.26kg""], ""流行元素"": [""小清新""], ""适用人群"": [""大众""], ""适用场景"": [""商用""], ""适用空间"": [""书房""], ""颜色分类"": [""午夜黑"", ""番木瓜黄"", ""夜光蓝"", ""富士白"", ""闪电银""], ""风格"": [""欧式""]}",data/images/week1_v3/576463385175.webp,afe1c2a24a30ff49518ddfc1edae90a9169f61d7204cb30a6d7c40034e1a4e1d,data/processed/week1_v3/generation_evaluation_samples.jsonl,ce057356a9a0c48e4298daac545fafb0c83ad07ae2f74f1b1211c834b048a557
week2_rag_fact_quality_audit_v1,test100,no_attribution_only,581329948812,家居日用,保温杯,PASS,none,本轮未发现标题、结构化属性与主图之间的明显冲突；不等同于外部商品真值确认。,,御玺304不锈钢保温杯大容量便携户外迷彩运动车载钓鱼水杯子,"{""主图来源"": [""自主实拍图""], ""产地"": [""中国大陆""], ""保温产品"": [""保温杯""], ""保温性能描述"": [""24小时""], ""保温时长"": [""6小时(含)-24小时(不含)""], ""品牌"": [""御玺""], ""型号"": [""yx-1703""], ""容量"": [""601mL(含)-700mL(含)""], ""材质"": [""304不锈钢""], ""杯子容量值"": [""620ml""], ""杯子样式"": [""子弹头型""], ""流行元素"": [""田园风""], ""适用人群"": [""大众""], ""适用场景"": [""旅行""], ""适用空间"": [""户外""], ""颜色分类"": [""迷彩海军兰620ML"", ""钢本色620ml"", ""橘黄色620ML"", ""迷彩黑色620ML"", ""蓝色620ml"", ""迷彩本色620ML""], ""风格"": [""东南亚""]}",data/images/week1_v3/581329948812.webp,01797e78caa5dea6756063d11d1ca346127c6c819a5cd72da87cb8c5150bc1b9,data/processed/week1_v3/generation_evaluation_samples.jsonl,ce057356a9a0c48e4298daac545fafb0c83ad07ae2f74f1b1211c834b048a557
week2_rag_fact_quality_audit_v1,test100,no_attribution_only,581689863460,家居日用,保温杯,PASS,none,本轮未发现标题、结构化属性与主图之间的明显冲突；不等同于外部商品真值确认。,,泰迪珍藏儿童保温杯带吸管两用小学生水杯男便携防摔幼儿园水壶女,"{""主图来源"": [""自主实拍图""], ""产地"": [""中国大陆""], ""保温产品"": [""保温杯""], ""保温性能描述"": [""12小时大于50度""], ""保温时长"": [""12小时(含)-24小时(不含)""], ""品牌"": [""TAFUCO/泰福高""], ""型号"": [""5490组合""], ""容量"": [""501mL(含)-600mL(含)""], ""材质"": [""316不锈钢""], ""杯子容量值"": [""580mL""], ""杯子样式"": [""直身杯""], ""流行元素"": [""卡通""], ""适用人群"": [""儿童""], ""适用场景"": [""日常送礼""], ""适用空间"": [""户外""], ""颜色分类"": [""泰迪粉色580ml(一杯双盖)+原装杯套"", ""佩奇蓝色580ML(一杯双盖)+原装杯套"", ""泰迪蓝色580ml(一杯双盖)+原装杯套"", ""佩奇粉色580ML(一杯双盖)+原装杯套""], ""风格"": [""日式""]}",data/images/week1_v3/581689863460.webp,dcc88e67bf002060518c31c3752fcdff217d5376ad6c0c615b143584288fd08e,data/processed/week1_v3/generation_evaluation_samples.jsonl,ce057356a9a0c48e4298daac545fafb0c83ad07ae2f74f1b1211c834b048a557
week2_rag_fact_quality_audit_v1,test100,no_attribution_only,591309078741,家居日用,保温杯,REVIEW,capacity_variant_ambiguity,杯子容量值同时含340mL和450mL，而容量区间为301–400mL；需确认具体SKU。,容量|杯子容量值,蛋黄君大容量保温杯男女士学生韩版便携布丁狗不锈钢办公茶水杯子,"{""主图来源"": [""自主实拍图""], ""产地"": [""中国大陆""], ""保温产品"": [""保温杯""], ""保温性能描述"": [""6小时42度以上""], ""保温时长"": [""6小时(含)-12小时(不含)""], ""包装体积"": [""盒子包装""], ""品牌"": [""other/其他""], ""型号"": [""布丁狗""], ""容量"": [""301mL(含)-400mL(含)""], ""材质"": [""304不锈钢""], ""杯子容量值"": [""340ml,450ml""], ""杯子样式"": [""直身杯""], ""毛重"": [""0.3""], ""流行元素"": [""小清新""], ""适用人群"": [""大众""], ""适用场景"": [""日常送礼""], ""适用空间"": [""户外""], ""颜色分类"": [""布丁狗大号"", ""蛋黄君大号"", ""蛋黄君小号""], ""风格"": [""日式""]}",data/images/week1_v3/591309078741.webp,95a041187833c3ae524e7459297b5aef4d91346f5ba586574c2f050779caa66a,data/processed/week1_v3/generation_evaluation_samples.jsonl,ce057356a9a0c48e4298daac545fafb0c83ad07ae2f74f1b1211c834b048a557
week2_rag_fact_quality_audit_v1,test100,no_attribution_only,606991731175,家居日用,保温杯,PASS,none,本轮未发现标题、结构化属性与主图之间的明显冲突；不等同于外部商品真值确认。,,保温杯女 学生 简约磨砂纯色ins原宿风便携陈意涵同款手提水杯子,"{""主图来源"": [""自主实拍图""], ""产地"": [""中国大陆""], ""保温产品"": [""保温杯""], ""保温时长"": [""6小时以上""], ""品牌"": [""other/其他""], ""型号"": [""纯色保温杯""], ""容量"": [""401mL(含)-500mL(含)""], ""材质"": [""304不锈钢""], ""杯子样式"": [""直身杯""], ""流行元素"": [""纯色""], ""适用人群"": [""学生""], ""适用场景"": [""运动""], ""适用空间"": [""户外""], ""颜色分类"": [""黄色 500ML"", ""蓝色350ML"", ""蓝色 500ML"", ""黑色 500ml"", ""白色 500ml"", ""红色 500ML"", ""灰色 500ml"", ""红色350ml"", ""灰色350ml"", ""白色350ML""], ""风格"": [""北欧风格""]}",data/images/week1_v3/606991731175.png,506b821106b8991bbe6cdb9c8138286fa1eacac281942b7af3b5d22607b5ed7d,data/processed/week1_v3/generation_evaluation_samples.jsonl,ce057356a9a0c48e4298daac545fafb0c83ad07ae2f74f1b1211c834b048a557
week2_rag_fact_quality_audit_v1,test100,no_attribution_only,608335015563,家居日用,保温杯,PASS,none,本轮未发现标题、结构化属性与主图之间的明显冲突；不等同于外部商品真值确认。,,保温杯迷你可爱24小时一盖两用情侣防烫男女便携学生运动情侣水杯,"{""产地"": [""其他""], ""保温产品"": [""保温杯""], ""保温时长"": [""12小时(含)-24小时(不含)""], ""品牌"": [""guloo""], ""型号"": [""bwb-027""], ""容量"": [""301mL(含)-400mL(含)""], ""材质"": [""304不锈钢""], ""杯子样式"": [""有手柄""], ""流行元素"": [""小清新""], ""颜色分类"": [""铁锈红200ml"", ""珊瑚橘200ml"", ""雾霾蓝350ml"", ""铁锈红350ml"", ""珊瑚橘350ml"", ""雾霾蓝200ml"", ""米白色200ML"", ""米白色350ML""]}",data/images/week1_v3/608335015563.webp,96b251f0179b8f1773f9ed93ce15267b7335ba5874d6b190f1b1c9f93382fc7f,data/processed/week1_v3/generation_evaluation_samples.jsonl,ce057356a9a0c48e4298daac545fafb0c83ad07ae2f74f1b1211c834b048a557
week2_rag_fact_quality_audit_v1,test100,no_attribution_only,609629279071,家居日用,保温杯,CONFLICT,capacity_and_material_conflict,标题和主图为双层玻璃杯；结构化材质为304不锈钢，杯子容量值520mL却对应301–400mL区间。,材质|容量|杯子容量值,保温茶杯茶水分离泡茶杯子男士高档大容量双层玻璃杯女便携隔热,"{""产地"": [""中国大陆""], ""保温产品"": [""保温杯""], ""保温性能描述"": [""1""], ""保温时长"": [""8小时""], ""品牌"": [""other/其他""], ""型号"": [""999""], ""容量"": [""301mL(含)-400mL(含)""], ""材质"": [""304不锈钢""], ""杯子容量值"": [""520mL""], ""杯子样式"": [""子弹头型""], ""流行元素"": [""马卡龙色""], ""适用人群"": [""大众""], ""颜色分类"": [""墨黑升级两用礼盒装"", ""米白升级两用礼盒装"", ""纯青升级两用礼盒装"", ""红色双层玻璃款"", ""赤红升级两用礼盒装"", ""黑色双层玻璃款"", ""白色双层玻璃款""]}",data/images/week1_v3/609629279071.webp,da89ff6359c5e37b5de7cdddee953986a6bdabf15df968bec9b07fe575e34464,data/processed/week1_v3/generation_evaluation_samples.jsonl,ce057356a9a0c48e4298daac545fafb0c83ad07ae2f74f1b1211c834b048a557
week2_rag_fact_quality_audit_v1,test100,no_attribution_only,609762128375,家居日用,保温杯,REVIEW,capacity_variant_ambiguity,杯子容量值同时含280mL和500mL，而容量区间为201–300mL；需确认具体SKU。,容量|杯子容量值,保温杯矮胖型迷你喝水小杯女式小茶杯便携小巧好看的水杯外出复古,"{""主图来源"": [""其他分销图""], ""产地"": [""中国大陆""], ""保温产品"": [""保温杯""], ""保温性能描述"": [""保温6-12小时""], ""保温时长"": [""6小时(含)-12小时(不含)""], ""包装体积"": [""8.1*12CM""], ""品牌"": [""卡西菲""], ""型号"": [""304内胆真空不锈钢""], ""容量"": [""201mL(含)-300mL(含)""], ""材质"": [""304不锈钢""], ""杯子容量值"": [""280ml;500ml""], ""杯子样式"": [""大肚杯""], ""毛重"": [""0.3 KG""], ""流行元素"": [""纯色""], ""适用人群"": [""大众""], ""适用场景"": [""日常送礼""], ""适用空间"": [""客厅""], ""颜色分类"": [""紫色(304不锈钢内胆280ml)"", ""黑色(316不锈钢内胆500ml)"", ""红色(304不锈钢内胆280ml)"", ""白色(304不锈钢内胆280ml)"", ""黑色(304不锈钢内胆280ml)"", ""白色(316不锈钢内胆500ml)""], ""风格"": [""中式""]}",data/images/week1_v3/609762128375.webp,d9abbcbfdf7ffaa98b8d8f226316b5fb9c28001c0a83d2062cc5c379bd15a660,data/processed/week1_v3/generation_evaluation_samples.jsonl,ce057356a9a0c48e4298daac545fafb0c83ad07ae2f74f1b1211c834b048a557
week2_rag_fact_quality_audit_v1,test100,no_attribution_only,625037263815,家居日用,保温杯,PASS,none,本轮未发现标题、结构化属性与主图之间的明显冲突；不等同于外部商品真值确认。,,小清新森系保温杯少女心可爱便携喝水杯子户外迷你创意学生随手杯,"{""主图来源"": [""自主实拍图""], ""产地"": [""中国大陆""], ""保温产品"": [""保温杯""], ""保温时长"": [""6小时(含)-12小时(不含)""], ""品牌"": [""CMSH/草莓生活""], ""型号"": [""0706""], ""容量"": [""301mL(含)-400mL(含)""], ""材质"": [""304不锈钢""], ""杯子容量值"": [""320mL""], ""杯子样式"": [""直身杯""], ""流行元素"": [""小清新""], ""适用人群"": [""大众""], ""适用场景"": [""日常送礼""], ""适用空间"": [""户外""], ""颜色分类"": [""绿色"", ""蓝色"", ""紫色"", ""粉色""], ""风格"": [""日式""]}",data/images/week1_v3/625037263815.webp,8cd9e12343fbc702abd8a4ecba77979bf100af9116c73dd94d67baa7571fc833,data/processed/week1_v3/generation_evaluation_samples.jsonl,ce057356a9a0c48e4298daac545fafb0c83ad07ae2f74f1b1211c834b048a557
week2_rag_fact_quality_audit_v1,test100,no_attribution_only,547995479552,家居日用,垃圾桶,PASS,none,本轮未发现标题、结构化属性与主图之间的明显冲突；不等同于外部商品真值确认。,,塑料垃圾桶批发大号创意家用椭圆形纸篓筒卫生间C017收纳桶高30cm,"{""品牌"": [""星日""], ""垃圾桶类型"": [""收纳桶""], ""外壳材质"": [""塑料""], ""容量"": [""8L""], ""开合方式"": [""无盖""], ""形状"": [""长筒形""], ""货号"": [""C017垃圾桶""], ""适用场景"": [""家庭使用""], ""颜色分类"": [""一箱【50个起卖】--混色包装"", ""购买30个以上49个以内的单价""]}",data/images/week1_v3/547995479552.webp,dadd81a35e7fc96f34a94b1c10d3f04755df220f153e6ddad091597e70360e8a,data/processed/week1_v3/generation_evaluation_samples.jsonl,ce057356a9a0c48e4298daac545fafb0c83ad07ae2f74f1b1211c834b048a557
week2_rag_fact_quality_audit_v1,test100,no_attribution_only,567398743698,家居日用,垃圾桶,PASS,none,本轮未发现标题、结构化属性与主图之间的明显冲突；不等同于外部商品真值确认。,,塑料圆形垃圾桶无盖酒店客房桶双层皮垃圾桶卫生间KTV垃圾桶家用,"{""品牌"": [""宏大""], ""垃圾桶类型"": [""收纳桶""], ""外壳材质"": [""塑料""], ""容量"": [""10L""], ""开合方式"": [""无盖""], ""形状"": [""圆桶形""], ""货号"": [""HDS02""], ""适用场景"": [""家庭使用""], ""颜色分类"": [""双层白菱形(塑料+皮)"", ""双层小金花(塑料+皮)"", ""双层粗席纹(塑料+皮)"", ""双层埃及纹(塑料+皮)"", ""双层红色皮(塑料+皮)"", ""双层编织纹(塑料+皮)"", ""双层方格皮(塑料+皮)"", ""双层银圈祥云(塑料+皮)"", ""双层土豪金(塑料+皮)"", ""双层细席纹(塑料+皮)"", ""双层黑底祥云(塑料+皮)"", ""双层金丝祥云(塑料+皮)"", ""双层金圈祥云(塑料+皮)"", ""双层金花皮(塑料+皮)"", ""双层菱形皮(塑料+皮)"", ""双层紫葡萄(塑料+皮)"", ""双层金线皮(塑料+皮)"", ""单层塑料"", ""双层古文字(塑料+皮)"", ""双层龙尾纹(塑料+皮)"", ""双层闪电皮(塑料+皮)"", ""双层小金龙(塑料+皮)"", ""双层小银花(塑料+皮)"", ""双层大金花(塑料+皮)""]}",data/images/week1_v3/567398743698.jpg,9596ed6db7930fbbc07d30d27244684ac147b7fcfffea6b99b96c88d33518183,data/processed/week1_v3/generation_evaluation_samples.jsonl,ce057356a9a0c48e4298daac545fafb0c83ad07ae2f74f1b1211c834b048a557
week2_rag_fact_quality_audit_v1,test100,no_attribution_only,576150055638,家居日用,垃圾桶,PASS,none,本轮未发现标题、结构化属性与主图之间的明显冲突；不等同于外部商品真值确认。,,禧天龙创意垃圾桶键盘外型办公室家用纸篓简约按压式带压圈垃圾桶,"{""品牌"": [""Citylong/禧天龙""], ""外壳材质"": [""塑料""], ""开合方式"": [""按压式""], ""形状"": [""长筒形""], ""货号"": [""T-307374""], ""适用场景"": [""家庭使用""], ""颜色分类"": [""8升浅灰色"", ""12升浅灰色"", ""12L+8L(大小组合留言备注颜色)"", ""8升草木灰"", ""12升布丁白"", ""12升草木灰"", ""8升布丁白""]}",data/images/week1_v3/576150055638.webp,2b1d4cccefced8cad3110bfd14c033eea680a7504a76468f65fff8804655bac7,data/processed/week1_v3/generation_evaluation_samples.jsonl,ce057356a9a0c48e4298daac545fafb0c83ad07ae2f74f1b1211c834b048a557
week2_rag_fact_quality_audit_v1,test100,no_attribution_only,577426751464,家居日用,垃圾桶,PASS,none,本轮未发现标题、结构化属性与主图之间的明显冲突；不等同于外部商品真值确认。,,垃圾桶摇盖式客厅厨房家用带盖垃圾桶复古创意东南亚家居摆件装饰,"{""品牌"": [""印象泰""], ""国家/地区"": [""泰国""], ""垃圾桶类型"": [""摇盖式""], ""容量"": [""12L""], ""开合方式"": [""摇盖式""], ""形状"": [""长筒形""], ""洲"": [""亚洲""], ""货号"": [""85476""], ""适用场景"": [""家庭使用""], ""颜色分类"": [""实木摇盖款+内置垃圾袋卡口"", ""复古带盖款+内置垃圾袋卡口"", ""实木压条款+外置垃圾袋压条口"", ""实木有盖款+内置垃圾袋卡口"", ""实木小号基础版-无配件""]}",data/images/week1_v3/577426751464.webp,031ae0b247ceb077a9460cc601b44ccab737bf3f87424ca0d259d1097c098d4f,data/processed/week1_v3/generation_evaluation_samples.jsonl,ce057356a9a0c48e4298daac545fafb0c83ad07ae2f74f1b1211c834b048a557
week2_rag_fact_quality_audit_v1,test100,no_attribution_only,583797205123,家居日用,垃圾桶,PASS,none,本轮未发现标题、结构化属性与主图之间的明显冲突；不等同于外部商品真值确认。,,优百纳智能垃圾桶 感应家用高档客厅带盖 卧室卫生间有盖厨房大号,"{""产品出口必备单证"": [""无""], ""企业出口资质"": [""无""], ""品牌"": [""嘉耐特""], ""外壳材质"": [""不锈钢""], ""容量"": [""12L""], ""形状"": [""长筒形""], ""洲"": [""欧洲""], ""货号"": [""JNT-ZN-01""], ""适用场景"": [""家庭使用""], ""颜色分类"": [""白色"", ""深卡其布色"", ""紫罗兰"", ""巧克力色"", ""天蓝色"", ""深紫色"", ""军绿色"", ""粉红色"", ""红色"", ""浅灰色"", ""紫色"", ""绿色"", ""浅绿色"", ""深蓝色"", ""浅黄色"", ""蓝色"", ""桔色""], ""验厂标准"": [""BSCI""]}",data/images/week1_v3/583797205123.webp,a56e6e78ca480d428e49c497e9428b40860c86c6d2f70a679ecb76dcec2ed3b4,data/processed/week1_v3/generation_evaluation_samples.jsonl,ce057356a9a0c48e4298daac545fafb0c83ad07ae2f74f1b1211c834b048a557
week2_rag_fact_quality_audit_v1,test100,no_attribution_only,595487807549,家居日用,垃圾桶,PASS,none,本轮未发现标题、结构化属性与主图之间的明显冲突；不等同于外部商品真值确认。,,脚踏式带盖垃圾桶家用卫生间厕所小号拉圾桶厨房脚踩垃圾桶有内桶,"{""品牌"": [""泰禾""], ""国家/地区"": [""中国台湾""], ""垃圾桶类型"": [""脚踏式""], ""外壳材质"": [""塑料""], ""容量"": [""8L""], ""开合方式"": [""脚踏式""], ""形状"": [""圆桶形""], ""洲"": [""亚洲""], ""货号"": [""5821""], ""适用场景"": [""家庭使用""], ""颜色分类"": [""863淡雅米色"", ""863经典绿色"", ""5821马卡龙蓝色"", ""6902绿色"", ""863高贵紫色"", ""863经典蓝色"", ""5821马卡龙紫色"", ""5820马卡龙紫色"", ""6901绿色"", ""147经典绿色"", ""147经典蓝色"", ""5820马卡龙蓝色"", ""5820马卡龙绿色"", ""147淡雅米色"", ""5821马卡龙绿色"", ""147高贵紫色""]}",data/images/week1_v3/595487807549.webp,d4f6daa5536e0411728fde9219a65b4acce6e30a656c9043d6859f9ebaa6fd3b,data/processed/week1_v3/generation_evaluation_samples.jsonl,ce057356a9a0c48e4298daac545fafb0c83ad07ae2f74f1b1211c834b048a557
week2_rag_fact_quality_audit_v1,test100,no_attribution_only,602079265226,家居日用,垃圾桶,PASS,none,本轮未发现标题、结构化属性与主图之间的明显冲突；不等同于外部商品真值确认。,,西安垃圾分类垃圾桶家用双层客厅带盖大号创意厨房干湿分离日式葙,"{""品牌"": [""福殿(厨房用具)""], ""垃圾桶类型"": [""收纳桶""], ""外壳材质"": [""塑料""], ""容量"": [""12L以上""], ""货号"": [""017""], ""适用场景"": [""家庭使用""], ""颜色分类"": [""白色"", ""透明"", ""黑色""]}",data/images/week1_v3/602079265226.webp,f7028bc628b0aa3ddef9a14095320ec2c2a9d112eb0f88b2c62fd29e9c073841,data/processed/week1_v3/generation_evaluation_samples.jsonl,ce057356a9a0c48e4298daac545fafb0c83ad07ae2f74f1b1211c834b048a557
week2_rag_fact_quality_audit_v1,test100,no_attribution_only,609039324433,家居日用,垃圾桶,PASS,none,本轮未发现标题、结构化属性与主图之间的明显冲突；不等同于外部商品真值确认。,,轻奢家用智能感应垃圾桶大号厕所厨房客厅卫生间全自动充电款踢桶,"{""企业出口资质"": [""无""], ""出口检测机构"": [""ce""], ""品牌"": [""EXPED SMART/西卫""], ""外壳材质"": [""塑料""], ""容量"": [""12L以上""], ""形状"": [""长筒形""], ""货号"": [""PD-6008""], ""适用场景"": [""家庭使用""], ""颜色分类"": [""透明"", ""深紫色"", ""花色"", ""军绿色"", ""巧克力色"", ""酒红色"", ""紫色"", ""深蓝色"", ""浅灰色"", ""蓝色"", ""粉红色"", ""绿色"", ""浅黄色""]}",data/images/week1_v3/609039324433.webp,65ba2c0fb230e4a91fae326aa4c3af53acfb23549627882776e0cb66ee5f1d81,data/processed/week1_v3/generation_evaluation_samples.jsonl,ce057356a9a0c48e4298daac545fafb0c83ad07ae2f74f1b1211c834b048a557
week2_rag_fact_quality_audit_v1,test100,no_attribution_only,618263479034,家居日用,垃圾桶,PASS,none,本轮未发现标题、结构化属性与主图之间的明显冲突；不等同于外部商品真值确认。,,家用智能感应垃圾桶客厅厨房带盖卫生间自动圾垃桶,"{""外壳材质"": [""塑料""], ""容量"": [""12L以上""], ""形状"": [""长筒形""], ""洲"": [""欧洲""], ""货号"": [""ZN-010B""], ""适用场景"": [""家庭使用""], ""颜色分类"": [""粉红色"", ""白色"", ""天蓝色""]}",data/images/week1_v3/618263479034.webp,6cf6c28636e2e785d90da4595628ba6cd68f0a29d03f5bda5a08e599161058f6,data/processed/week1_v3/generation_evaluation_samples.jsonl,ce057356a9a0c48e4298daac545fafb0c83ad07ae2f74f1b1211c834b048a557
week2_rag_fact_quality_audit_v1,test100,no_attribution_only,619501332263,家居日用,垃圾桶,PASS,none,本轮未发现标题、结构化属性与主图之间的明显冲突；不等同于外部商品真值确认。,,家用夹缝卫生间垃圾桶有盖带内桶按压式客厅卧室高档窄缝厕所纸篓,"{""品牌"": [""日惜""], ""垃圾桶类型"": [""收纳桶""], ""外壳材质"": [""塑料""], ""容量"": [""10L""], ""开合方式"": [""按压式""], ""形状"": [""长筒形""], ""货号"": [""RX-139""], ""适用场景"": [""家庭使用""], ""颜色分类"": [""军绿色"", ""巧克力色"", ""天蓝色"", ""桔色""]}",data/images/week1_v3/619501332263.webp,a6e99bbe60ff0fd49f62ba86dc6a122d2f0de8b7378a16dabb79be4e0023819d,data/processed/week1_v3/generation_evaluation_samples.jsonl,ce057356a9a0c48e4298daac545fafb0c83ad07ae2f74f1b1211c834b048a557
week2_rag_fact_quality_audit_v1,test100,no_attribution_only,620165221976,家居日用,垃圾桶,PASS,none,本轮未发现标题、结构化属性与主图之间的明显冲突；不等同于外部商品真值确认。,,创意动物可爱小猪卡通垃圾桶家用卫生间客厅厨房翻盖欧式塑料纸篓,"{""品牌"": [""勤业""], ""垃圾桶类型"": [""纸篓""], ""外壳材质"": [""塑料""], ""容量"": [""8L""], ""开合方式"": [""摇盖式""], ""形状"": [""圆桶形""], ""适用场景"": [""家庭使用""], ""颜色分类"": [""蓝色猪猪"", ""米色猪猪"", ""绿色猪猪"", ""粉色猪猪""]}",data/images/week1_v3/620165221976.webp,23ee166e9223bc4cf47c9e470fdf24c40ec2dc06a778b74d593f2a85a3dc6eaf,data/processed/week1_v3/generation_evaluation_samples.jsonl,ce057356a9a0c48e4298daac545fafb0c83ad07ae2f74f1b1211c834b048a557
week2_rag_fact_quality_audit_v1,test100,no_attribution_only,623126145078,家居日用,垃圾桶,PASS,none,本轮未发现标题、结构化属性与主图之间的明显冲突；不等同于外部商品真值确认。,,餐桌室内垃圾桶家用客厅可爱卧室卫生间创意厨房翻盖厕所带盖卡通,"{""垃圾桶类型"": [""收纳桶""], ""外壳材质"": [""塑料""], ""开合方式"": [""摇盖式""], ""形状"": [""圆桶形""], ""颜色分类"": [""粉色"", ""粉色站姿猫+垃圾袋(加厚款)"", ""粉色坐姿猫"", ""粉色KT(加厚款)"", ""蓝色笑脸叮当"", ""蓝色抬手叮当"", ""蓝色"", ""粉色KT"", ""蓝色抬手叮当+垃圾袋"", ""粉色坐姿猫(加厚款)"", ""蓝色笑脸叮当+垃圾袋"", ""粉色KT+垃圾袋"", ""粉色站姿猫+垃圾袋"", ""粉色kt+垃圾袋(加厚款)""]}",data/images/week1_v3/623126145078.webp,6d5adba14711cfdb9148d70b93e0dcc954845413975f8995013a6eb0a62c0d9f,data/processed/week1_v3/generation_evaluation_samples.jsonl,ce057356a9a0c48e4298daac545fafb0c83ad07ae2f74f1b1211c834b048a557
week2_rag_fact_quality_audit_v1,test100,no_attribution_only,547702894728,家居日用,拖把,PASS,none,本轮未发现标题、结构化属性与主图之间的明显冲突；不等同于外部商品真值确认。,,拖把桶旋转拖把双驱动自动甩干水家用免手洗不锈钢墩布拖布桶地拖,"{""个数"": [""一个"", ""五个"", ""三个""], ""产品出口必备单证"": [""原产地证""], ""企业出口资质"": [""无""], ""伸缩长度"": [""130cm""], ""出口检测机构"": [""BV""], ""包装重量"": [""3kg""], ""吸水性"": [""10s以下""], ""品牌"": [""奥尊""], ""国家/地区"": [""日本""], ""型号"": [""AZ-T010""], ""拖布材质"": [""超细纤维""], ""拖把价格"": [""45-105元""], ""拖把杆的承重"": [""10KG以上""], ""拖把杆类型"": [""提升杆+塑料盘"", ""提升杆+不锈钢盘""], ""拖把桶尺寸"": [""46.5x26.5x25.5cm""], ""杆材质"": [""不锈钢""], ""洲"": [""亚洲""], ""电源方式"": [""手动""], ""耐腐蚀度"": [""10级""], ""脱水率"": [""90%(含)-100%(含)""], ""配件类型"": [""金属篮"", ""塑料篮""], ""颜色分类"": [""黑色"", ""绿色"", ""蓝色"", ""紫色""], ""驱动类型"": [""双驱动""], ""验厂标准"": [""BSCI""]}",data/images/week1_v3/547702894728.webp,ab3566ce74d5c98a47972cf62ef57388416d7a62524892957d26ff65fdb2d58d,data/processed/week1_v3/generation_evaluation_samples.jsonl,ce057356a9a0c48e4298daac545fafb0c83ad07ae2f74f1b1211c834b048a557
week2_rag_fact_quality_audit_v1,test100,no_attribution_only,562289059045,家居日用,拖把,PASS,none,本轮未发现标题、结构化属性与主图之间的明显冲突；不等同于外部商品真值确认。,,包邮可旋转纤维方扫大扫除除尘掸天花板清洁扫把灰尘可拆洗拖把,"{""吸水性"": [""30s及以上""], ""品牌"": [""other/其他""], ""国家/地区"": [""韩国""], ""型号"": [""084""], ""尘推类型"": [""布套式""], ""拖布材质"": [""超细纤维""], ""拖把杆的承重"": [""10KG以上""], ""杆材质"": [""不锈钢""], ""洲"": [""亚洲""], ""电源方式"": [""手动""], ""耐腐蚀度"": [""6级(含)-6.9级(含)""], ""脱水率"": [""70%(含)-80%(不含)""], ""适用空间"": [""客厅""], ""颜色分类"": [""长方扫一套+布头1个"", ""拖把布头(红白或黄白)"", ""拖把布头2个(红白或黄白)"", ""长扫一套+布头2个"", ""长方形拖头1个(含布一个)"", ""长方扫(一杆一拖头)""]}",data/images/week1_v3/562289059045.webp,fd18487775b64015f0fd7f443f160d89a04a2137ff6611c44ac0c0402e9bc119,data/processed/week1_v3/generation_evaluation_samples.jsonl,ce057356a9a0c48e4298daac545fafb0c83ad07ae2f74f1b1211c834b048a557
week2_rag_fact_quality_audit_v1,test100,no_attribution_only,582839837483,家居日用,拖把,PASS,none,本轮未发现标题、结构化属性与主图之间的明显冲突；不等同于外部商品真值确认。,,加厚旋转拖把免手洗干湿两用不锈钢自动家用双驱动好神拖地墩布桶,"{""个数"": [""四个"", ""二个"", ""六个""], ""伸缩长度"": [""90-125cm""], ""包装重量"": [""2.5kg""], ""吸水性"": [""10s以下""], ""品牌"": [""轩源世佳""], ""国家/地区"": [""中国台湾""], ""型号"": [""001""], ""拖把价格"": [""45-105元""], ""拖把杆的承重"": [""10KG以上""], ""拖把杆类型"": [""提升杆+不锈钢盘""], ""拖把桶尺寸"": [""46*26*23""], ""杆材质"": [""不锈钢""], ""洲"": [""亚洲""], ""电源方式"": [""手动""], ""耐腐蚀度"": [""10级""], ""脱水率"": [""90%(含)-100%(含)""], ""配件类型"": [""金属篮""], ""颜色分类"": [""智能316红色小熊一杯三盖+刻字"", ""天蓝色"", ""紫色"", ""绿色"", ""黑色"", ""智能316红色队长一杯三盖+刻字""], ""驱动类型"": [""双驱动""]}",data/images/week1_v3/582839837483.webp,97daa6d2b5bb570729ec0d3d42721bf51e6406015e5be9d86719880f00ff52f5,data/processed/week1_v3/generation_evaluation_samples.jsonl,ce057356a9a0c48e4298daac545fafb0c83ad07ae2f74f1b1211c834b048a557
week2_rag_fact_quality_audit_v1,test100,no_attribution_only,583457250405,家居日用,拖把,REVIEW,bundle_component_boundary,标题强调通用拖把杆，主图主要展示甩水篮组件，结构化属性又像整套拖把；需确认SKU。,category_l2|型号|拖把桶尺寸,拖把杆旋转通用式免手洗地拖家用自动甩水懒人拖地神器墩布桶拖布,"{""个数"": [""六个"", ""八个"", ""四个""], ""产品出口必备单证"": [""原产地证""], ""企业出口资质"": [""进出口货物报关注册登记证书""], ""伸缩长度"": [""95-120cm""], ""出口检测机构"": [""ce""], ""包装重量"": [""3kg""], ""吸水性"": [""10s以下""], ""品牌"": [""艾妻""], ""国家"": [""法国""], ""型号"": [""1802-2""], ""拖布材质"": [""超细纤维""], ""拖把价格"": [""105-180元""], ""拖把杆的承重"": [""10KG以上""], ""拖把杆类型"": [""提升杆+不锈钢盘""], ""拖把桶尺寸"": [""45cm*26cm*23cm""], ""杆材质"": [""不锈钢""], ""洲"": [""欧洲""], ""耐腐蚀度"": [""9级(含)-9.9级(含)""], ""脱水率"": [""90%(含)-100%(含)""], ""配件类型"": [""金属篮""], ""颜色分类"": [""白色"", ""黄色"", ""粉色"", ""咖啡色""], ""驱动类型"": [""双驱动""], ""验厂标准"": [""BSCI""]}",data/images/week1_v3/583457250405.webp,b51368de285d10a403aa02bd57b7feb96a2a065ac2e6005b4d81620936434e75,data/processed/week1_v3/generation_evaluation_samples.jsonl,ce057356a9a0c48e4298daac545fafb0c83ad07ae2f74f1b1211c834b048a557
week2_rag_fact_quality_audit_v1,test100,no_attribution_only,587244433192,家居日用,拖把,PASS,none,本轮未发现标题、结构化属性与主图之间的明显冲突；不等同于外部商品真值确认。,,拖把旋转式家用双驱动手压免手洗自动甩水干湿两用好神拖地墩布桶,"{""个数"": [""六个"", ""二个"", ""四个""], ""包装重量"": [""2.2-2.8KG""], ""吸水性"": [""10s以下""], ""品牌"": [""千木寻""], ""型号"": [""qmx6108""], ""拖布材质"": [""超细纤维""], ""拖把杆的承重"": [""10KG以上""], ""拖把杆类型"": [""提升杆+不锈钢盘""], ""拖把桶尺寸"": [""46*26*23.5cm""], ""杆材质"": [""不锈钢""], ""洲"": [""亚洲""], ""电源方式"": [""手动""], ""耐腐蚀度"": [""10级""], ""脱水率"": [""90%(含)-100%(含)""], ""配件类型"": [""金属篮""], ""颜色分类"": [""深紫色"", ""卡其色"", ""果绿色"", ""黑红色"", ""天蓝色""], ""驱动类型"": [""双驱动""]}",data/images/week1_v3/587244433192.webp,6636ed9d041a5a86803085ec5d785515b2f14e8d9ddab07619688b290992623e,data/processed/week1_v3/generation_evaluation_samples.jsonl,ce057356a9a0c48e4298daac545fafb0c83ad07ae2f74f1b1211c834b048a557
week2_rag_fact_quality_audit_v1,test100,no_attribution_only,599620329880,家居日用,拖把,PASS,none,本轮未发现标题、结构化属性与主图之间的明显冲突；不等同于外部商品真值确认。,,喜佳优吸水海绵拖把家用对折式懒人免手洗挤水胶棉头卫生间地拖干,"{""品牌"": [""喜佳优""], ""型号"": [""7283""], ""挤水方式"": [""对折式""], ""杆材质"": [""不锈钢""], ""颜色分类"": [""巧克力色"", ""浅灰色"", ""军绿色"", ""天蓝色"", ""浅绿色"", ""浅黄色"", ""深卡其布色""]}",data/images/week1_v3/599620329880.webp,ceb0219084fc2e8f402f93eebdcf04933e5750e2462286feadc2177cbb3cc3e8,data/processed/week1_v3/generation_evaluation_samples.jsonl,ce057356a9a0c48e4298daac545fafb0c83ad07ae2f74f1b1211c834b048a557
week2_rag_fact_quality_audit_v1,test100,no_attribution_only,604829061336,家居日用,拖把,PASS,none,本轮未发现标题、结构化属性与主图之间的明显冲突；不等同于外部商品真值确认。,,海绵拖把头免手洗挤水家用拖地神器胶棉吸水一拖地拖布懒人大号净,"{""品牌"": [""益伟""], ""型号"": [""YW-JMTB""], ""拖把杆的承重"": [""10KG以上""], ""挤水方式"": [""滚轮式""], ""杆材质"": [""不锈钢""], ""耐腐蚀度"": [""10级""], ""胶棉头的软化速度"": [""30秒以下""], ""脱水率"": [""90%(含)-100%(含)""], ""适用空间"": [""客厅""], ""颜色分类"": [""粉红色"", ""浅灰色"", ""巧克力色"", ""浅黄色"", ""深蓝色"", ""军绿色"", ""深卡其布色"", ""桔色"", ""天蓝色"", ""深灰色"", ""浅绿色"", ""深紫色""]}",data/images/week1_v3/604829061336.webp,f20a029011c3ad39be1ae8b5e7a5ed62877e72c71d5f82de4b499d12b58b10d4,data/processed/week1_v3/generation_evaluation_samples.jsonl,ce057356a9a0c48e4298daac545fafb0c83ad07ae2f74f1b1211c834b048a557
week2_rag_fact_quality_audit_v1,test100,no_attribution_only,607256389125,家居日用,拖把,PASS,none,本轮未发现标题、结构化属性与主图之间的明显冲突；不等同于外部商品真值确认。,,拖把免手洗家用一拖净干湿两用网红懒人大号平板拖把拖地拖布神器,"{""品牌"": [""福奉祥""], ""型号"": [""B2234""], ""尘推类型"": [""自拎式""], ""拖布材质"": [""超细纤维""], ""杆材质"": [""不锈钢""], ""电源方式"": [""手动""], ""脱水率"": [""80%(含)-90%(不含)""], ""颜色分类"": [""酒红色"", ""黄色"", ""黑色"", ""透明""]}",data/images/week1_v3/607256389125.webp,65b3d39d7b7f8a994ebb1bd4ea72e14638b828501130fa3c0d172513e433d167,data/processed/week1_v3/generation_evaluation_samples.jsonl,ce057356a9a0c48e4298daac545fafb0c83ad07ae2f74f1b1211c834b048a557
week2_rag_fact_quality_audit_v1,test100,no_attribution_only,614194957336,家居日用,拖把,PASS,none,本轮未发现标题、结构化属性与主图之间的明显冲突；不等同于外部商品真值确认。,,海绵挤水免手洗干湿一拖胶棉拖把对折挤水两用地拖布净卫生间专用,"{""品牌"": [""阿普达(家居)""], ""型号"": [""BD-123""], ""挤水方式"": [""对折式""], ""杆材质"": [""不锈钢""], ""颜色分类"": [""军绿色"", ""白色"", ""紫色"", ""紫罗兰"", ""红色"", ""天蓝色"", ""绿色"", ""深卡其布色"", ""粉红色"", ""深蓝色""]}",data/images/week1_v3/614194957336.webp,281cf4a2d56e826a25b445bc7ba458555732386b63a72b5cd45c9a5844c6405a,data/processed/week1_v3/generation_evaluation_samples.jsonl,ce057356a9a0c48e4298daac545fafb0c83ad07ae2f74f1b1211c834b048a557
week2_rag_fact_quality_audit_v1,test100,no_attribution_only,618416951039,家居日用,拖把,PASS,none,本轮未发现标题、结构化属性与主图之间的明显冲突；不等同于外部商品真值确认。,,家用平板大号懒人拖把免手洗办公室拖布尘推长木净拖地网红神器,"{""产品出口必备单证"": [""报关单""], ""企业出口资质"": [""进出口货物报关注册登记证书""], ""出口检测机构"": [""sgs""], ""吸水性"": [""10s以下""], ""品牌"": [""粉吾""], ""国家/地区"": [""菲律宾""], ""型号"": [""XBL-CDPT_MozQJ""], ""尘推类型"": [""粘扣式""], ""拖布材质"": [""超细纤维""], ""拖把杆的承重"": [""10KG以上""], ""杆材质"": [""不锈钢""], ""洲"": [""亚洲""], ""电源方式"": [""手动""], ""颜色分类"": [""桔色"", ""粉红色"", ""浅灰色"", ""浅黄色"", ""军绿色"", ""深灰色"", ""天蓝色"", ""巧克力色"", ""白色"", ""红色"", ""深紫色"", ""紫色"", ""深蓝色"", ""深卡其布色"", ""绿色"", ""浅绿色"", ""紫罗兰""], ""验厂标准"": [""宜家""]}",data/images/week1_v3/618416951039.webp,1784a1868f59e6d768d9bb07958f015b7d23cc85f6db2af1d9cbece589447364,data/processed/week1_v3/generation_evaluation_samples.jsonl,ce057356a9a0c48e4298daac545fafb0c83ad07ae2f74f1b1211c834b048a557
week2_rag_fact_quality_audit_v1,test100,no_attribution_only,620625786758,家居日用,拖把,PASS,none,本轮未发现标题、结构化属性与主图之间的明显冲突；不等同于外部商品真值确认。,,洗衣机拖把家用免手洗懒人刮刮乐平板拖把拖地神器清水冲洗更卫生,"{""吸水性"": [""10s以下""], ""品牌"": [""东方亮洁""], ""型号"": [""洗衣机拖把""], ""尘推类型"": [""夹固式""], ""拖布材质"": [""超细纤维""], ""拖把杆的承重"": [""10KG以上""], ""杆材质"": [""不锈钢""], ""洲"": [""亚洲""], ""电源方式"": [""手动""], ""耐腐蚀度"": [""9级(含)-9.9级(含)""], ""脱水率"": [""80%(含)-90%(不含)""], ""适用空间"": [""浴室""], ""颜色分类"": [""升级款【33cm板】5布+质保2年"", ""至尊款加高桶+40板+2套杆+13布"", ""标准款【33cm板】8布+质保2年"", ""升级双杆套装+2套杆10布+质保2年"", ""升级款【33cm板】3布+质保2年"", ""标准款【33cm板】3布+质保2年"", ""升级款【33cm板】8布+质保2年"", ""至尊款【40cm大板】3布+质保2年"", ""至尊款【40cm大板】5布+质保2年"", ""至尊款加高桶+40板+2套杆+10布"", ""至尊款【40cm大板】8布+质保2年"", ""标准款【33cm板】5布+质保2年"", ""升级双杆套装+2套杆13布+质保2年""]}",data/images/week1_v3/620625786758.jpg,abc523073604ef4cf6b4356e99d0a94bc72c8eb14f88ac27808351a7c0d4aadf,data/processed/week1_v3/generation_evaluation_samples.jsonl,ce057356a9a0c48e4298daac545fafb0c83ad07ae2f74f1b1211c834b048a557
week2_rag_fact_quality_audit_v1,test100,no_attribution_only,621173570641,家居日用,拖把,REVIEW,bundle_component_boundary,标题强调通用拖把杆，主图为整套桶和拖把，结构化品牌/型号均为“见描述”；需确认SKU。,型号|品牌,拖把杆旋转式通用免手洗家用拖地拖布自动甩水一拖地拖带墩布桶净,"{""品牌"": [""见描述""], ""型号"": [""见描述""], ""电源方式"": [""充电式""], ""颜色分类"": [""咖色桶+加强杆+金属篮+金属盘+5"", ""黑色桶+加强杆+金属篮+金属盘+2"", ""黑色桶+加强杆+金属篮+金属盘+5"", ""咖色桶+加强杆+金属篮+金属盘+2""], ""驱动类型"": [""单驱动""]}",data/images/week1_v3/621173570641.webp,c78729d835643ffd56d46b8bf92ae07315f082f7937e1df49261e25cd6576864,data/processed/week1_v3/generation_evaluation_samples.jsonl,ce057356a9a0c48e4298daac545fafb0c83ad07ae2f74f1b1211c834b048a557
week2_rag_fact_quality_audit_v1,test100,no_attribution_only,24497168737,家居日用,收纳箱,PASS,none,本轮未发现标题、结构化属性与主图之间的明显冲突；不等同于外部商品真值确认。,,Jeko透明收纳箱塑料储物箱加厚有盖整理箱学生宿舍大号周转箱,"{""净重"": [""3.8kg""], ""品牌"": [""Jeko&Jeko""], ""国家"": [""法国""], ""尺寸"": [""2个装"", ""1个装"", ""3个装""], ""材质"": [""塑料""], ""洲"": [""欧洲""], ""货号"": [""SWB-5220""], ""适用人群"": [""大众""], ""适用对象"": [""其他"", ""化妆用品/首饰"", ""毛衣"", ""包包"", ""耳机线/电线"", ""遥控器"", ""内衣"", ""大衣/西服"", ""被子"", ""磁卡"", ""卫生棉/卫生巾""], ""适用空间"": [""卧室""], ""颜色分类"": [""18L:40*30*18cm"", ""45L:54*38.5*30"", ""88L:69*44*36.5"", ""65L:62*43.5*33""], ""风格"": [""日式""]}",data/images/week1_v3/24497168737.webp,89b4fd0c2da5bb038e5ad03148bde75b0ec9d3f0835a6c33834c1925f91fa784,data/processed/week1_v3/generation_evaluation_samples.jsonl,ce057356a9a0c48e4298daac545fafb0c83ad07ae2f74f1b1211c834b048a557
week2_rag_fact_quality_audit_v1,test100,no_attribution_only,43297860634,家居日用,收纳箱,PASS,none,本轮未发现标题、结构化属性与主图之间的明显冲突；不等同于外部商品真值确认。,,塑料周转箱带盖物流运输箱加厚物料框长方形斜插式收纳汽配医药箱,"{""净重"": [""3kg""], ""品牌"": [""奥特威尔""], ""型号"": [""AY""], ""尺寸"": [""灰色"", ""蓝色""], ""材质"": [""塑料""], ""货号"": [""60-32""], ""适用对象"": [""其他""], ""颜色分类"": [""6032斜插箱"", ""A箱(直上直下不可套叠)"", ""6035斜插箱"", ""B箱(直上直下不可套叠)"", ""E箱(直上直下不可套叠)"", ""C箱(直上直下不可套叠)"", ""D箱(直上直下不可套叠)"", ""6025斜插箱"", ""H箱(直上直下不可套叠)""]}",data/images/week1_v3/43297860634.webp,16efec5d7b57f8cbf504b48516f9fd50f91e8f03ee4e0d9d62a236b5608bf813,data/processed/week1_v3/generation_evaluation_samples.jsonl,ce057356a9a0c48e4298daac545fafb0c83ad07ae2f74f1b1211c834b048a557
week2_rag_fact_quality_audit_v1,test100,no_attribution_only,530504970904,家居日用,收纳箱,PASS,none,本轮未发现标题、结构化属性与主图之间的明显冲突；不等同于外部商品真值确认。,,复古木盒带锁实木质木箱收纳盒储物整理樟木大木箱子小木箱木盒子,"{""净重"": [""3kg""], ""品牌"": [""朴者(住宅家具)""], ""国家"": [""美国""], ""型号"": [""PZ012""], ""尺寸"": [""小号[34*20*20]"", ""中号[40*25*25]"", ""大号[46*30*30]"", ""厂家直销、尺寸定制专拍""], ""材质"": [""其他""], ""洲"": [""北美洲""], ""货号"": [""NO。11""], ""颜色分类"": [""如图""]}",data/images/week1_v3/530504970904.webp,2c2f15a62fec0e970489dde38535a2de5dda196d36d066c370d2e62a7f85fb77,data/processed/week1_v3/generation_evaluation_samples.jsonl,ce057356a9a0c48e4298daac545fafb0c83ad07ae2f74f1b1211c834b048a557
week2_rag_fact_quality_audit_v1,test100,no_attribution_only,540395966499,家居日用,收纳箱,PASS,none,本轮未发现标题、结构化属性与主图之间的明显冲突；不等同于外部商品真值确认。,,特大号塑料有盖床底收纳箱衣服玩具宿舍整理储物箱床下滑轮置物箱,"{""净重"": [""1.5kg""], ""品牌"": [""阿诺欣""], ""国家/地区"": [""日本""], ""型号"": [""KOO-12""], ""尺寸"": [""加厚环保""], ""材质"": [""塑料""], ""洲"": [""亚洲""], ""货号"": [""anx-322""], ""适用对象"": [""毛衣"", ""大衣/西服"", ""被子"", ""包包""], ""颜色分类"": [""浅绿色"", ""特大带滑轮 蓝色【78x38x16cm】"", ""特大带滑轮 粉色【78x38x16cm】"", ""北欧蓝色(93*46*23cm)带轮"", ""浅蓝色"", ""大号粉色无滑轮 【60x40x18cm】"", ""小号绿色无滑轮40.5x28x18cm"", ""大号蓝色60*40*14.5cm无滑轮"", ""大号蓝色无滑轮【 60x40x18cm】"", ""大号绿色60*40*20.5cm带滑轮"", ""北欧粉色(93*46*23cm)带轮"", ""大号绿色60*40*14.5cm无滑轮"", ""大号粉色60*40*20.5cm带滑轮"", ""大号绿色60*40*14.5cm有滑轮"", ""桔色"", ""紫罗兰"", ""小号蓝色无滑轮40.5x28x18cm"", ""大号蓝色60*40*20.5cm带滑轮"", ""北欧蓝色(60*40*18cm)无轮"", ""大号绿色无滑轮【 60x40x18cm】"", ""天蓝色"", ""大号蓝色60*40*14.5cm有滑轮"", ""北欧绿色(60*40*18cm)无轮"", ""小号粉色无滑轮 40.5x28x18cm"", ""特大带滑轮 绿色【78x38x16cm】"", ""大号粉色60*40*14.5cm有滑轮"", ""北欧橙色(60*40*18cm)无轮"", ""大号粉色60*40*14.5cm无滑轮"", ""荧光绿"", ""北欧绿色(93*46*23cm)带轮""]}",data/images/week1_v3/540395966499.webp,cc20caac93cc77520b51b972abc840a05ec2bc2175837775bb4412d31c24e75b,data/processed/week1_v3/generation_evaluation_samples.jsonl,ce057356a9a0c48e4298daac545fafb0c83ad07ae2f74f1b1211c834b048a557
week2_rag_fact_quality_audit_v1,test100,no_attribution_only,587907612086,家居日用,收纳箱,PASS,none,本轮未发现标题、结构化属性与主图之间的明显冲突；不等同于外部商品真值确认。,,桌面多层抽屉式收纳盒 北欧化妆品口红塑料整理柜 简约文件功能盒,"{""净重"": [""0.5kg""], ""品牌"": [""物末""], ""型号"": [""桌面多层收纳盒""], ""尺寸"": [""小号(约长23.5x宽18cm)"", ""大号(约长34x宽25.5cm)""], ""材质"": [""塑料""], ""适用空间"": [""书房""], ""颜色分类"": [""蓝色3层"", ""粉色1层"", ""大号顶层格子"", ""白色3层"", ""白色1层"", ""灰色2层"", ""蓝色2层"", ""灰色1层"", ""白色4层"", ""白色2层"", ""粉色3层"", ""蓝色1层"", ""小号顶层格子"", ""灰色3层"", ""粉色4层"", ""粉色2层"", ""蓝色4层"", ""灰色4层""]}",data/images/week1_v3/587907612086.webp,17be6403c90e9d1d3578129c6cdd4f4969f12e7e20057f25c036bac3868802c1,data/processed/week1_v3/generation_evaluation_samples.jsonl,ce057356a9a0c48e4298daac545fafb0c83ad07ae2f74f1b1211c834b048a557
week2_rag_fact_quality_audit_v1,test100,no_attribution_only,594880547645,家居日用,收纳箱,PASS,none,本轮未发现标题、结构化属性与主图之间的明显冲突；不等同于外部商品真值确认。,,新款北欧风格掀盖式收纳盒 置物盒厨房碗柜 家居储物盒 面包箱,"{""净重"": [""1.38kg""], ""品牌"": [""YJ""], ""型号"": [""YJ3""], ""容量"": [""16L""], ""尺寸"": [""35.5 * 21.5 * 21.5cm""], ""材质"": [""金属""], ""流行元素"": [""田园风""], ""货号"": [""742""], ""适用人群"": [""大众""], ""适用对象"": [""遥控器"", ""化妆用品/首饰"", ""耳机线/电线"", ""其他"", ""磁卡"", ""大衣/西服"", ""包包"", ""卫生棉/卫生巾"", ""毛衣"", ""被子"", ""内衣""], ""适用空间"": [""书房"", ""餐厅"", ""客厅"", ""厨房"", ""桌面"", ""儿童房"", ""宿舍"", ""卧室""], ""颜色分类"": [""图片色(现货)""], ""风格"": [""北欧风格""]}",data/images/week1_v3/594880547645.webp,67f26d2b80c5552d8a17157564ff9be05f62c4c119f19ef04ac773cf53afb8d9,data/processed/week1_v3/generation_evaluation_samples.jsonl,ce057356a9a0c48e4298daac545fafb0c83ad07ae2f74f1b1211c834b048a557
week2_rag_fact_quality_audit_v1,test100,no_attribution_only,599485472276,家居日用,收纳箱,CONFLICT,capacity_size_image_conflict,标题和主图为可承重的大型塑料周转筐，结构化容量为2L且尺寸值异常，明显不相称。,容量|尺寸,大菜篮整理工业用分货卖菜塑料框筐长方形加厚熟料镂空杂物周转箱,"{""净重"": [""1.25kg""], ""品牌"": [""沐春""], ""型号"": [""520""], ""容量"": [""2L""], ""尺寸"": [""33*15*85 cm""], ""材质"": [""塑料""], ""货号"": [""156457122908288""], ""适用空间"": [""桌面"", ""儿童房"", ""卧室"", ""门厅/玄关"", ""阳台/庭院"", ""厨房"", ""客厅"", ""户外"", ""书房"", ""衣橱/衣帽间"", ""宿舍"", ""餐厅"", ""车载"", ""浴室""], ""颜色分类"": [""白色"", ""浅绿色"", ""红色"", ""蓝色"", ""浅黄色"", ""褐色"", ""巧克力色"", ""深卡其布色"", ""深蓝色"", ""酒红色"", ""透明"", ""深紫色"", ""军绿色"", ""紫色"", ""浅灰色"", ""天蓝色"", ""粉红色"", ""黄色"", ""绿色"", ""花色"", ""桔色"", ""深灰色"", ""紫罗兰""]}",data/images/week1_v3/599485472276.webp,09d894ab0ef94d4202617995fefbd989a3990f8568f3275c2aebd3c66bbb42f5,data/processed/week1_v3/generation_evaluation_samples.jsonl,ce057356a9a0c48e4298daac545fafb0c83ad07ae2f74f1b1211c834b048a557
week2_rag_fact_quality_audit_v1,test100,no_attribution_only,600538024615,家居日用,收纳箱,PASS,none,本轮未发现标题、结构化属性与主图之间的明显冲突；不等同于外部商品真值确认。,,朔料快递匡无盖小周转箱塑料带盖子货框堆放物料箱箩有盖塑胶盒萝,"{""产地"": [""中国大陆""], ""净重"": [""3kg""], ""品牌"": [""见描述""], ""国家/地区"": [""中国台湾""], ""地市"": [""常州市""], ""型号"": [""575系列周转箱""], ""尺寸"": [""绿色箱带盖"", ""绿色箱(无盖)"", ""黄色箱带盖"", ""蓝色箱带盖"", ""蓝色箱(无盖)"", ""红色箱带盖"", ""红色箱(无盖)"", ""白色箱(无盖)"", ""白色箱带盖"", ""黄色箱(无盖)""], ""是否手工"": [""是""], ""材质"": [""塑料""], ""洲"": [""亚洲""], ""流行元素"": [""田园风""], ""省份"": [""江苏省""], ""货号"": [""500周转箱""], ""适用人群"": [""大众""], ""适用对象"": [""内衣"", ""毛衣"", ""大衣/西服""], ""适用空间"": [""户外""], ""颜色分类"": [""1号加厚外径:815*570*505"", ""21号加厚外径653*435*160"", ""5号加厚外径:552*415*305"", ""18号加厚外径:431*305*145"", ""16号加厚外径:557*415*230"", ""25号加厚外径:505*355*240"", ""15号加厚外径:557*415*260"", ""12号加厚外径:440*330*167"", ""7号加厚外径:547*415*330"", ""8号加厚外径:637*427*310"", ""2号加厚外径757*564*400"", ""6号加厚外径:610*420*200"", ""4号加厚外径:610*420*360"", ""11号加厚外径:612*405*150"", ""22号加厚外径440*320*100"", ""19号加厚外径:556*415*190"", ""20号加厚外径:516*370*225"", ""17号加厚外径:440*330*195"", ""23号加厚外径:440*330*140"", ""13号加厚外径:440*330*210"", ""14号加厚外径:525*380*285"", ""10号加厚外径:610*425*255"", ""3号加厚外径:592*485*360"", ""9号加厚外径730*560*230""], ""风格"": [""中式""]}",data/images/week1_v3/600538024615.webp,3b0bc5253a92668b23258c23c0324b375ec69dc144cab659841bddeb87bf816c,data/processed/week1_v3/generation_evaluation_samples.jsonl,ce057356a9a0c48e4298daac545fafb0c83ad07ae2f74f1b1211c834b048a557
week2_rag_fact_quality_audit_v1,test100,no_attribution_only,608516760684,家居日用,收纳箱,PASS,none,本轮未发现标题、结构化属性与主图之间的明显冲突；不等同于外部商品真值确认。,,收纳箱塑料特大号衣服儿童零食整理箱车载有盖箱子家用储物三件套,"{""产地"": [""中国大陆""], ""净重"": [""6.2kg""], ""品牌"": [""other其他""], ""地市"": [""揭阳市""], ""型号"": [""YT""], ""尺寸"": [""80#L适合儿童衣物玩具长53宽38高"", ""三件套装:280#+280#+280#已降52"", ""200#L适合冬衣、棉被长66宽51高4"", ""280#L适合:可装40斤以上厚棉被"", ""三件套装:200#L+200#L+200#L已"", ""二件套装:280#L+280#L已降25元"", ""30#L适合零食、杂物长30宽22高17"", ""二件套装:120#L+120#L已降12元"", ""二件套装:[120#L+80#L]已降12元"", ""二件套装:200#L+200#L已降12元"", ""120#L适合冬衣棉被长60宽45高34C""], ""是否手工"": [""否""], ""材质"": [""塑料""], ""洲"": [""亚洲""], ""流行元素"": [""纯色""], ""省份"": [""广东省""], ""货号"": [""6608""], ""适用人群"": [""大众""], ""适用对象"": [""毛衣"", ""其他"", ""遥控器"", ""耳机线/电线"", ""化妆用品/首饰"", ""磁卡"", ""被子"", ""内衣"", ""包包"", ""大衣/西服"", ""卫生棉/卫生巾""], ""适用空间"": [""宿舍""], ""颜色分类"": [""温馨提示:收到货有破损、有味道"", ""浅粉色【收藏加购优先发货】"", ""天蓝色【收藏加购优先发货】"", ""浅灰色【收藏加购优先发货】""], ""风格"": [""北欧风格""]}",data/images/week1_v3/608516760684.webp,72a54f279b7849f067bb28ccf12d96a961f7da22eb403b28f31c2a670582b32c,data/processed/week1_v3/generation_evaluation_samples.jsonl,ce057356a9a0c48e4298daac545fafb0c83ad07ae2f74f1b1211c834b048a557
week2_rag_fact_quality_audit_v1,test100,no_attribution_only,610255708567,家居日用,收纳箱,PASS,none,本轮未发现标题、结构化属性与主图之间的明显冲突；不等同于外部商品真值确认。,,特大号加厚家用收纳箱抽屉式储物箱盒塑料多层玩具整理箱衣服柜子,"{""产品出口必备单证"": [""原产地证""], ""产地"": [""中国大陆""], ""企业出口资质"": [""对外贸易经营者备案登记表""], ""净重"": [""5.88kg""], ""出口检测机构"": [""sgs""], ""品牌"": [""纳份爱""], ""国家/地区"": [""香港""], ""地市"": [""揭阳市""], ""型号"": [""NRF5025""], ""容量"": [""7L""], ""尺寸"": [""特大号"", ""小号"", ""大号"", ""中号""], ""是否手工"": [""否""], ""材质"": [""塑料""], ""洲"": [""亚洲""], ""流行元素"": [""马卡龙色""], ""省份"": [""广东省""], ""货号"": [""NRF502X""], ""适用人群"": [""大众""], ""适用对象"": [""遥控器"", ""内衣"", ""化妆用品/首饰"", ""毛衣"", ""卫生棉/卫生巾"", ""大衣/西服"", ""其他"", ""被子"", ""磁卡"", ""耳机线/电线"", ""包包""], ""适用空间"": [""卧室""], ""颜色分类"": [""浅绿色"", ""深蓝色"", ""白色"", ""巧克力色"", ""天蓝色"", ""浅灰色"", ""军绿色"", ""桔色""], ""风格"": [""北欧风格""], ""验厂标准"": [""无""]}",data/images/week1_v3/610255708567.webp,1e6a3badaaa4b925187fdeb1d30a88683f8c6a5e54d14e5b60805b0edee9c729,data/processed/week1_v3/generation_evaluation_samples.jsonl,ce057356a9a0c48e4298daac545fafb0c83ad07ae2f74f1b1211c834b048a557
week2_rag_fact_quality_audit_v1,test100,no_attribution_only,610445355179,家居日用,收纳箱,PASS,none,本轮未发现标题、结构化属性与主图之间的明显冲突；不等同于外部商品真值确认。,,合子盒子 多功能 塑料 便携小收纳盒透明带盖装米衣服家用长方形,"{""净重"": [""0kg""], ""品牌"": [""黎贝卡""], ""型号"": [""Y-820_HZChj""], ""尺寸"": [""大号"", ""45*35*23 cm"", ""32cmx22cmx16cm"", ""小号"", ""中号""], ""材质"": [""塑料""], ""货号"": [""592228754573_HHLfm""], ""适用对象"": [""化妆用品/首饰"", ""内衣"", ""毛衣""], ""颜色分类"": [""天蓝色"", ""桔色"", ""巧克力色"", ""军绿色""], ""风格"": [""日式""]}",data/images/week1_v3/610445355179.webp,5d93863d64142eae2c98eb2edccd885d12b2d286a6aafc43602cbc0579a2dc03,data/processed/week1_v3/generation_evaluation_samples.jsonl,ce057356a9a0c48e4298daac545fafb0c83ad07ae2f74f1b1211c834b048a557
week2_rag_fact_quality_audit_v1,test100,no_attribution_only,618820646060,家居日用,收纳箱,PASS,none,本轮未发现标题、结构化属性与主图之间的明显冲突；不等同于外部商品真值确认。,,.搬宿舍神器装书装书的箱子收纳箱收纳筐有轮子可折叠学生教室。,"{""净重"": [""2.4kg""], ""品牌"": [""other/其他""], ""型号"": [""C30711""], ""尺寸"": [""~~特大号72*48*40CM"", ""小号 42*29*24CM"", ""大号52*36*29cm""], ""材质"": [""塑料""], ""流行元素"": [""马卡龙色""], ""货号"": [""C5592""], ""适用人群"": [""大众""], ""适用对象"": [""大衣/西服"", ""内衣""], ""适用空间"": [""卧室""], ""颜色分类"": [""浅咖色"", ""浅蓝色"", ""黑色"", ""抹茶绿""], ""风格"": [""北欧风格""]}",data/images/week1_v3/618820646060.webp,806b55520013ebac3ac4048ab93cf159c4b9f1240f89681329a95cf5e64dd8ba,data/processed/week1_v3/generation_evaluation_samples.jsonl,ce057356a9a0c48e4298daac545fafb0c83ad07ae2f74f1b1211c834b048a557
week2_rag_fact_quality_audit_v1,test100,no_attribution_only,624392441174,家居日用,收纳箱,REVIEW,category_boundary,标题和主图更接近叠衣板/抽屉整理架，当前二级品类为收纳箱；需确认品类边界。,category_l2|型号|尺寸,懒人叠衣板衣服收纳神器衣柜整理折衣板 裤子恤衬衫抽屉式收纳柜,"{""产品出口必备单证"": [""原产地证""], ""产地"": [""中国大陆""], ""企业出口资质"": [""对外贸易经营者备案登记表""], ""净重"": [""0kg""], ""品牌"": [""五优家家""], ""地市"": [""台州市""], ""型号"": [""reerewrwer""], ""尺寸"": [""32cmx22cmx16cm""], ""材质"": [""塑料""], ""流行元素"": [""纯色""], ""省份"": [""浙江省""], ""货号"": [""dhsdgdsgsdfsdf""], ""适用人群"": [""大众""], ""适用对象"": [""大衣/西服"", ""毛衣""], ""适用空间"": [""卧室""], ""颜色分类"": [""深蓝色"", ""深紫色"", ""天蓝色"", ""浅绿色"", ""浅灰色"", ""深灰色"", ""浅黄色"", ""军绿色"", ""黄色"", ""深卡其布色"", ""黑色"", ""巧克力色"", ""桔色""], ""风格"": [""北欧风格""]}",data/images/week1_v3/624392441174.webp,0243cc1916fd34f5a78d463345bdb9f000ddd7dbfa69929283a626749751f9fe,data/processed/week1_v3/generation_evaluation_samples.jsonl,ce057356a9a0c48e4298daac545fafb0c83ad07ae2f74f1b1211c834b048a557
